0 verbose cli C:\Program Files\nodejs\node.exe C:\Program Files\nodejs\node_modules\npm\bin\npm-cli.js
1 info using npm@11.9.0
2 info using node@v24.14.0
3 silly config load:file:C:\Program Files\nodejs\node_modules\npm\npmrc
4 silly config load:file:C:\Users\Admin\Documents\Codex\2026-07-31\files-mentioned-by-the-user-you\outputs\dineflow\.npmrc
5 silly config load:file:C:\Users\Admin\.npmrc
6 silly config load:file:C:\Users\Admin\AppData\Roaming\npm\etc\npmrc
7 verbose title npm install
8 verbose argv "install" "--cache" ".\\.npm-cache"
9 verbose logfile logs-max:10 dir:C:\Users\Admin\Documents\Codex\2026-07-31\files-mentioned-by-the-user-you\outputs\dineflow\.npm-cache\_logs\2026-07-31T09_10_26_219Z-
10 verbose logfile C:\Users\Admin\Documents\Codex\2026-07-31\files-mentioned-by-the-user-you\outputs\dineflow\.npm-cache\_logs\2026-07-31T09_10_26_219Z-debug-0.log
11 silly logfile done cleaning log files
12 silly packumentCache heap:2348810240 maxSize:587202560 maxEntrySize:293601280
13 silly idealTree buildDeps
14 silly fetch manifest @prisma/client@^6.13.0
15 silly packumentCache full:https://registry.npmjs.org/@prisma%2fclient cache-miss
16 http fetch GET 200 https://registry.npmjs.org/npm 283ms
17 http fetch GET 200 https://registry.npmjs.org/@prisma%2fclient 4208ms (cache miss)
18 silly packumentCache full:https://registry.npmjs.org/@prisma%2fclient set size:undefined disposed:false
19 silly fetch manifest prisma@^6.13.0
20 silly packumentCache full:https://registry.npmjs.org/prisma cache-miss
21 http fetch GET 200 https://registry.npmjs.org/prisma 2545ms (cache miss)
22 silly packumentCache full:https://registry.npmjs.org/prisma set size:undefined disposed:false
23 silly fetch manifest typescript@^5.7.3
24 silly packumentCache full:https://registry.npmjs.org/typescript cache-miss
25 http fetch GET 200 https://registry.npmjs.org/typescript 966ms (cache miss)
26 silly packumentCache full:https://registry.npmjs.org/typescript set size:undefined disposed:false
27 silly fetch manifest bcryptjs@^3.0.2
28 silly packumentCache full:https://registry.npmjs.org/bcryptjs cache-miss
29 http fetch GET 200 https://registry.npmjs.org/bcryptjs 44ms (cache miss)
30 silly packumentCache full:https://registry.npmjs.org/bcryptjs set size:undefined disposed:false
31 silly fetch manifest clsx@^2.1.1
32 silly packumentCache full:https://registry.npmjs.org/clsx cache-miss
33 http fetch GET 200 https://registry.npmjs.org/clsx 31ms (cache miss)
34 silly packumentCache full:https://registry.npmjs.org/clsx set size:undefined disposed:false
35 silly fetch manifest jose@^6.0.12
36 silly packumentCache full:https://registry.npmjs.org/jose cache-miss
37 http fetch GET 200 https://registry.npmjs.org/jose 108ms (cache miss)
38 silly packumentCache full:https://registry.npmjs.org/jose set size:undefined disposed:false
39 silly fetch manifest lucide-react@^0.468.0
40 silly packumentCache full:https://registry.npmjs.org/lucide-react cache-miss
41 http fetch GET 200 https://registry.npmjs.org/lucide-react 175ms (cache miss)
42 silly packumentCache full:https://registry.npmjs.org/lucide-react set size:undefined disposed:false
43 silly fetch manifest react@^19.1.0
44 silly packumentCache full:https://registry.npmjs.org/react cache-miss
45 http fetch GET 200 https://registry.npmjs.org/react 766ms (cache miss)
46 silly packumentCache full:https://registry.npmjs.org/react set size:undefined disposed:false
47 silly fetch manifest next@^15.4.5
48 silly packumentCache full:https://registry.npmjs.org/next cache-miss
49 http fetch GET 200 https://registry.npmjs.org/next 1256ms (cache miss)
50 silly packumentCache full:https://registry.npmjs.org/next set size:undefined disposed:false
51 silly fetch manifest @opentelemetry/api@^1.1.0
52 silly packumentCache full:https://registry.npmjs.org/@opentelemetry%2fapi cache-miss
53 http fetch GET 200 https://registry.npmjs.org/@opentelemetry%2fapi 57ms (cache miss)
54 silly packumentCache full:https://registry.npmjs.org/@opentelemetry%2fapi set size:undefined disposed:false
55 silly fetch manifest @playwright/test@^1.51.1
56 silly packumentCache full:https://registry.npmjs.org/@playwright%2ftest cache-miss
57 http fetch GET 200 https://registry.npmjs.org/@playwright%2ftest 812ms (cache miss)
58 silly packumentCache full:https://registry.npmjs.org/@playwright%2ftest set size:undefined disposed:false
59 silly fetch manifest babel-plugin-react-compiler@*
60 silly packumentCache full:https://registry.npmjs.org/babel-plugin-react-compiler cache-miss
61 http fetch GET 200 https://registry.npmjs.org/babel-plugin-react-compiler 79ms (cache miss)
62 silly packumentCache full:https://registry.npmjs.org/babel-plugin-react-compiler set size:undefined disposed:false
63 silly fetch manifest react-dom@^19.1.0
64 silly packumentCache full:https://registry.npmjs.org/react-dom cache-miss
65 http fetch GET 200 https://registry.npmjs.org/react-dom 653ms (cache miss)
66 silly packumentCache full:https://registry.npmjs.org/react-dom set size:undefined disposed:false
67 silly fetch manifest sass@^1.3.0
68 silly packumentCache full:https://registry.npmjs.org/sass cache-miss
69 http fetch GET 200 https://registry.npmjs.org/sass 148ms (cache miss)
70 silly packumentCache full:https://registry.npmjs.org/sass set size:undefined disposed:false
71 silly fetch manifest tailwind-merge@^2.6.0
72 silly packumentCache full:https://registry.npmjs.org/tailwind-merge cache-miss
73 http fetch GET 200 https://registry.npmjs.org/tailwind-merge 144ms (cache miss)
74 silly packumentCache full:https://registry.npmjs.org/tailwind-merge set size:undefined disposed:false
75 silly fetch manifest zod@^3.25.76
76 silly packumentCache full:https://registry.npmjs.org/zod cache-miss
77 http fetch GET 200 https://registry.npmjs.org/zod 222ms (cache miss)
78 silly packumentCache full:https://registry.npmjs.org/zod set size:undefined disposed:false
79 silly fetch manifest @types/bcryptjs@^2.4.6
80 silly packumentCache full:https://registry.npmjs.org/@types%2fbcryptjs cache-miss
81 http fetch GET 200 https://registry.npmjs.org/@types%2fbcryptjs 38ms (cache miss)
82 silly packumentCache full:https://registry.npmjs.org/@types%2fbcryptjs set size:undefined disposed:false
83 silly fetch manifest @types/node@^22.13.1
84 silly packumentCache full:https://registry.npmjs.org/@types%2fnode cache-miss
85 http fetch GET 200 https://registry.npmjs.org/@types%2fnode 664ms (cache miss)
86 silly packumentCache full:https://registry.npmjs.org/@types%2fnode set size:undefined disposed:false
87 silly fetch manifest @types/react@^19.0.8
88 silly packumentCache full:https://registry.npmjs.org/@types%2freact cache-miss
89 http fetch GET 200 https://registry.npmjs.org/@types%2freact 235ms (cache miss)
90 silly packumentCache full:https://registry.npmjs.org/@types%2freact set size:undefined disposed:false
91 silly fetch manifest @types/react-dom@^19.0.3
92 silly packumentCache full:https://registry.npmjs.org/@types%2freact-dom cache-miss
93 http fetch GET 200 https://registry.npmjs.org/@types%2freact-dom 69ms (cache miss)
94 silly packumentCache full:https://registry.npmjs.org/@types%2freact-dom set size:undefined disposed:false
95 silly fetch manifest eslint@^9.19.0
96 silly packumentCache full:https://registry.npmjs.org/eslint cache-miss
97 http fetch GET 200 https://registry.npmjs.org/eslint 137ms (cache miss)
98 silly packumentCache full:https://registry.npmjs.org/eslint set size:undefined disposed:false
99 silly fetch manifest jiti@*
100 silly packumentCache full:https://registry.npmjs.org/jiti cache-miss
101 http fetch GET 200 https://registry.npmjs.org/jiti 57ms (cache miss)
102 silly packumentCache full:https://registry.npmjs.org/jiti set size:undefined disposed:false
103 silly fetch manifest eslint-config-next@^15.4.5
104 silly packumentCache full:https://registry.npmjs.org/eslint-config-next cache-miss
105 http fetch GET 200 https://registry.npmjs.org/eslint-config-next 588ms (cache miss)
106 silly packumentCache full:https://registry.npmjs.org/eslint-config-next set size:undefined disposed:false
107 silly fetch manifest postcss@^8.5.1
108 silly packumentCache full:https://registry.npmjs.org/postcss cache-miss
109 http fetch GET 200 https://registry.npmjs.org/postcss 82ms (cache miss)
110 silly packumentCache full:https://registry.npmjs.org/postcss set size:undefined disposed:false
111 silly fetch manifest tailwindcss@^3.4.17
112 silly packumentCache full:https://registry.npmjs.org/tailwindcss cache-miss
113 http fetch GET 200 https://registry.npmjs.org/tailwindcss 819ms (cache miss)
114 silly packumentCache full:https://registry.npmjs.org/tailwindcss set size:undefined disposed:false
115 silly fetch manifest vitest@^3.0.4
116 silly packumentCache full:https://registry.npmjs.org/vitest cache-miss
117 http fetch GET 200 https://registry.npmjs.org/vitest 178ms (cache miss)
118 silly packumentCache full:https://registry.npmjs.org/vitest set size:undefined disposed:false
119 silly fetch manifest @edge-runtime/vm@*
120 silly packumentCache full:https://registry.npmjs.org/@edge-runtime%2fvm cache-miss
121 http fetch GET 200 https://registry.npmjs.org/@edge-runtime%2fvm 64ms (cache miss)
122 silly packumentCache full:https://registry.npmjs.org/@edge-runtime%2fvm set size:undefined disposed:false
123 silly fetch manifest @types/debug@^4.1.12
124 silly packumentCache full:https://registry.npmjs.org/@types%2fdebug cache-miss
125 http fetch GET 200 https://registry.npmjs.org/@types%2fdebug 34ms (cache miss)
126 silly packumentCache full:https://registry.npmjs.org/@types%2fdebug set size:undefined disposed:false
127 silly fetch manifest @vitest/browser@3.2.7
128 silly packumentCache full:https://registry.npmjs.org/@vitest%2fbrowser cache-miss
129 http fetch GET 200 https://registry.npmjs.org/@vitest%2fbrowser 98ms (cache miss)
130 silly packumentCache full:https://registry.npmjs.org/@vitest%2fbrowser set size:undefined disposed:false
131 silly fetch manifest playwright@*
132 silly packumentCache full:https://registry.npmjs.org/playwright cache-miss
133 http fetch GET 200 https://registry.npmjs.org/playwright 1544ms (cache miss)
134 silly packumentCache full:https://registry.npmjs.org/playwright set size:undefined disposed:false
135 silly fetch manifest webdriverio@^7.0.0 || ^8.0.0 || ^9.0.0
136 silly packumentCache full:https://registry.npmjs.org/webdriverio cache-miss
137 http fetch GET 200 https://registry.npmjs.org/webdriverio 253ms (cache miss)
138 silly packumentCache full:https://registry.npmjs.org/webdriverio set size:undefined disposed:false
139 silly fetch manifest puppeteer-core@>=22.x || <=24.x
140 silly packumentCache full:https://registry.npmjs.org/puppeteer-core cache-miss
141 http fetch GET 200 https://registry.npmjs.org/puppeteer-core 117ms (cache miss)
142 silly packumentCache full:https://registry.npmjs.org/puppeteer-core set size:undefined disposed:false
143 silly fetch manifest @vitest/ui@3.2.7
144 silly packumentCache full:https://registry.npmjs.org/@vitest%2fui cache-miss
145 http fetch GET 200 https://registry.npmjs.org/@vitest%2fui 147ms (cache miss)
146 silly packumentCache full:https://registry.npmjs.org/@vitest%2fui set size:undefined disposed:false
147 silly fetch manifest happy-dom@*
148 silly packumentCache full:https://registry.npmjs.org/happy-dom cache-miss
149 http fetch GET 200 https://registry.npmjs.org/happy-dom 273ms (cache miss)
150 silly packumentCache full:https://registry.npmjs.org/happy-dom set size:undefined disposed:false
151 silly fetch manifest jsdom@*
152 silly packumentCache full:https://registry.npmjs.org/jsdom cache-miss
153 http fetch GET 200 https://registry.npmjs.org/jsdom 90ms (cache miss)
154 silly packumentCache full:https://registry.npmjs.org/jsdom set size:undefined disposed:false
155 silly fetch manifest canvas@^3.0.0
156 silly packumentCache full:https://registry.npmjs.org/canvas cache-miss
157 http fetch GET 200 https://registry.npmjs.org/canvas 50ms (cache miss)
158 silly packumentCache full:https://registry.npmjs.org/canvas set size:undefined disposed:false
159 silly placeDep ROOT @prisma/client@6.19.3 OK for: dineflow@0.1.0 want: ^6.13.0
160 silly placeDep ROOT @types/bcryptjs@2.4.6 OK for: dineflow@0.1.0 want: ^2.4.6
161 silly placeDep ROOT @types/node@22.20.1 OK for: dineflow@0.1.0 want: ^22.13.1
162 silly placeDep ROOT @types/react@19.2.18 OK for: dineflow@0.1.0 want: ^19.0.8
163 silly placeDep ROOT @types/react-dom@19.2.4 OK for: dineflow@0.1.0 want: ^19.0.3
164 silly placeDep ROOT bcryptjs@3.0.3 OK for: dineflow@0.1.0 want: ^3.0.2
165 silly placeDep ROOT clsx@2.1.1 OK for: dineflow@0.1.0 want: ^2.1.1
166 silly placeDep ROOT eslint@9.39.5 OK for: dineflow@0.1.0 want: ^9.19.0
167 silly placeDep ROOT eslint-config-next@15.5.22 OK for: dineflow@0.1.0 want: ^15.4.5
168 silly placeDep ROOT jose@6.2.5 OK for: dineflow@0.1.0 want: ^6.0.12
169 silly placeDep ROOT lucide-react@0.468.0 OK for: dineflow@0.1.0 want: ^0.468.0
170 silly placeDep ROOT react@19.2.8 OK for: lucide-react@0.468.0 want: ^16.5.1 || ^17.0.0 || ^18.0.0 || ^19.0.0-rc
171 silly placeDep ROOT next@15.5.22 OK for: dineflow@0.1.0 want: ^15.4.5
172 silly placeDep ROOT react-dom@19.2.8 OK for: next@15.5.22 want: ^18.2.0 || 19.0.0-rc-de68d2f4-20241204 || ^19.0.0
173 silly placeDep ROOT postcss@8.5.25 OK for: dineflow@0.1.0 want: ^8.5.1
174 silly placeDep ROOT prisma@6.19.3 OK for: dineflow@0.1.0 want: ^6.13.0
175 silly placeDep ROOT tailwind-merge@2.6.1 OK for: dineflow@0.1.0 want: ^2.6.0
176 silly placeDep ROOT tailwindcss@3.4.19 OK for: dineflow@0.1.0 want: ^3.4.17
177 silly placeDep ROOT typescript@5.9.3 OK for: dineflow@0.1.0 want: ^5.7.3
178 silly placeDep ROOT vitest@3.2.7 OK for: dineflow@0.1.0 want: ^3.0.4
179 silly placeDep ROOT zod@3.25.76 OK for: dineflow@0.1.0 want: ^3.25.76
180 silly fetch manifest undici-types@~6.21.0
181 silly packumentCache full:https://registry.npmjs.org/undici-types cache-miss
182 silly fetch manifest csstype@^3.2.2
183 silly packumentCache full:https://registry.npmjs.org/csstype cache-miss
184 silly fetch manifest ajv@^6.14.0
185 silly packumentCache full:https://registry.npmjs.org/ajv cache-miss
186 silly fetch manifest chalk@^4.0.0
187 silly packumentCache full:https://registry.npmjs.org/chalk cache-miss
188 silly fetch manifest debug@^4.3.2
189 silly packumentCache full:https://registry.npmjs.org/debug cache-miss
190 http fetch GET 200 https://registry.npmjs.org/undici-types 54ms (cache miss)
191 silly packumentCache full:https://registry.npmjs.org/undici-types set size:undefined disposed:false
192 silly fetch manifest espree@^10.4.0
193 silly packumentCache full:https://registry.npmjs.org/espree cache-miss
194 http fetch GET 200 https://registry.npmjs.org/csstype 64ms (cache miss)
195 silly packumentCache full:https://registry.npmjs.org/csstype set size:undefined disposed:false
196 silly fetch manifest ignore@^5.2.0
197 silly packumentCache full:https://registry.npmjs.org/ignore cache-miss
198 http fetch GET 200 https://registry.npmjs.org/debug 96ms (cache miss)
199 silly packumentCache full:https://registry.npmjs.org/debug set size:undefined disposed:false
200 silly fetch manifest esquery@^1.5.0
201 silly packumentCache full:https://registry.npmjs.org/esquery cache-miss
202 http fetch GET 200 https://registry.npmjs.org/chalk 107ms (cache miss)
203 silly packumentCache full:https://registry.npmjs.org/chalk set size:undefined disposed:false
204 silly fetch manifest esutils@^2.0.2
205 silly packumentCache full:https://registry.npmjs.org/esutils cache-miss
206 http fetch GET 200 https://registry.npmjs.org/espree 110ms (cache miss)
207 silly packumentCache full:https://registry.npmjs.org/espree set size:undefined disposed:false
208 silly fetch manifest find-up@^5.0.0
209 silly packumentCache full:https://registry.npmjs.org/find-up cache-miss
210 http fetch GET 200 https://registry.npmjs.org/ignore 108ms (cache miss)
211 silly packumentCache full:https://registry.npmjs.org/ignore set size:undefined disposed:false
212 silly fetch manifest is-glob@^4.0.0
213 silly packumentCache full:https://registry.npmjs.org/is-glob cache-miss
214 http fetch GET 200 https://registry.npmjs.org/esquery 101ms (cache miss)
215 silly packumentCache full:https://registry.npmjs.org/esquery set size:undefined disposed:false
216 silly fetch manifest minimatch@^3.1.5
217 silly packumentCache full:https://registry.npmjs.org/minimatch cache-miss
218 http fetch GET 200 https://registry.npmjs.org/esutils 93ms (cache miss)
219 silly packumentCache full:https://registry.npmjs.org/esutils set size:undefined disposed:false
220 silly fetch manifest @eslint/js@9.39.5
221 silly packumentCache full:https://registry.npmjs.org/@eslint%2fjs cache-miss
222 http fetch GET 200 https://registry.npmjs.org/ajv 237ms (cache miss)
223 silly packumentCache full:https://registry.npmjs.org/ajv set size:undefined disposed:false
224 silly fetch manifest optionator@^0.9.3
225 silly packumentCache full:https://registry.npmjs.org/optionator cache-miss
226 http fetch GET 200 https://registry.npmjs.org/is-glob 80ms (cache miss)
227 silly packumentCache full:https://registry.npmjs.org/is-glob set size:undefined disposed:false
228 silly fetch manifest cross-spawn@^7.0.6
229 silly packumentCache full:https://registry.npmjs.org/cross-spawn cache-miss
230 http fetch GET 200 https://registry.npmjs.org/find-up 92ms (cache miss)
231 silly packumentCache full:https://registry.npmjs.org/find-up set size:undefined disposed:false
232 silly fetch manifest glob-parent@^6.0.2
233 silly packumentCache full:https://registry.npmjs.org/glob-parent cache-miss
234 http fetch GET 200 https://registry.npmjs.org/minimatch 79ms (cache miss)
235 silly packumentCache full:https://registry.npmjs.org/minimatch set size:undefined disposed:false
236 silly fetch manifest imurmurhash@^0.1.4
237 silly packumentCache full:https://registry.npmjs.org/imurmurhash cache-miss
238 http fetch GET 200 https://registry.npmjs.org/@eslint%2fjs 86ms (cache miss)
239 silly packumentCache full:https://registry.npmjs.org/@eslint%2fjs set size:undefined disposed:false
240 silly fetch manifest @eslint/core@^0.17.0
241 silly packumentCache full:https://registry.npmjs.org/@eslint%2fcore cache-miss
242 http fetch GET 200 https://registry.npmjs.org/optionator 50ms (cache miss)
243 silly packumentCache full:https://registry.npmjs.org/optionator set size:undefined disposed:false
244 silly fetch manifest eslint-scope@^8.4.0
245 silly packumentCache full:https://registry.npmjs.org/eslint-scope cache-miss
246 http fetch GET 200 https://registry.npmjs.org/glob-parent 48ms (cache miss)
247 silly packumentCache full:https://registry.npmjs.org/glob-parent set size:undefined disposed:false
248 silly fetch manifest lodash.merge@^4.6.2
249 silly packumentCache full:https://registry.npmjs.org/lodash.merge cache-miss
250 http fetch GET 200 https://registry.npmjs.org/imurmurhash 31ms (cache miss)
251 silly packumentCache full:https://registry.npmjs.org/imurmurhash set size:undefined disposed:false
252 silly fetch manifest @humanfs/node@^0.16.6
253 silly packumentCache full:https://registry.npmjs.org/@humanfs%2fnode cache-miss
254 http fetch GET 200 https://registry.npmjs.org/cross-spawn 65ms (cache miss)
255 silly packumentCache full:https://registry.npmjs.org/cross-spawn set size:undefined disposed:false
256 silly fetch manifest @types/estree@^1.0.6
257 silly packumentCache full:https://registry.npmjs.org/@types%2festree cache-miss
258 http fetch GET 200 https://registry.npmjs.org/eslint-scope 36ms (cache miss)
259 silly packumentCache full:https://registry.npmjs.org/eslint-scope set size:undefined disposed:false
260 silly fetch manifest fast-deep-equal@^3.1.3
261 silly packumentCache full:https://registry.npmjs.org/fast-deep-equal cache-miss
262 http fetch GET 200 https://registry.npmjs.org/@eslint%2fcore 51ms (cache miss)
263 silly packumentCache full:https://registry.npmjs.org/@eslint%2fcore set size:undefined disposed:false
264 silly fetch manifest natural-compare@^1.4.0
265 silly packumentCache full:https://registry.npmjs.org/natural-compare cache-miss
266 http fetch GET 200 https://registry.npmjs.org/lodash.merge 34ms (cache miss)
267 silly packumentCache full:https://registry.npmjs.org/lodash.merge set size:undefined disposed:false
268 silly fetch manifest @eslint/eslintrc@^3.3.6
269 silly packumentCache full:https://registry.npmjs.org/@eslint%2feslintrc cache-miss
270 http fetch GET 200 https://registry.npmjs.org/@humanfs%2fnode 35ms (cache miss)
271 silly packumentCache full:https://registry.npmjs.org/@humanfs%2fnode set size:undefined disposed:false
272 silly fetch manifest file-entry-cache@^8.0.0
273 silly packumentCache full:https://registry.npmjs.org/file-entry-cache cache-miss
274 http fetch GET 200 https://registry.npmjs.org/fast-deep-equal 25ms (cache miss)
275 silly packumentCache full:https://registry.npmjs.org/fast-deep-equal set size:undefined disposed:false
276 silly fetch manifest @eslint/plugin-kit@^0.4.1
277 silly packumentCache full:https://registry.npmjs.org/@eslint%2fplugin-kit cache-miss
278 http fetch GET 200 https://registry.npmjs.org/natural-compare 22ms (cache miss)
279 silly packumentCache full:https://registry.npmjs.org/natural-compare set size:undefined disposed:false
280 silly fetch manifest eslint-visitor-keys@^4.2.1
281 silly packumentCache full:https://registry.npmjs.org/eslint-visitor-keys cache-miss
282 http fetch GET 200 https://registry.npmjs.org/@types%2festree 51ms (cache miss)
283 silly packumentCache full:https://registry.npmjs.org/@types%2festree set size:undefined disposed:false
284 silly fetch manifest @eslint/config-array@^0.21.2
285 silly packumentCache full:https://registry.npmjs.org/@eslint%2fconfig-array cache-miss
286 http fetch GET 200 https://registry.npmjs.org/file-entry-cache 31ms (cache miss)
287 silly packumentCache full:https://registry.npmjs.org/file-entry-cache set size:undefined disposed:false
288 silly fetch manifest @humanwhocodes/retry@^0.4.2
289 silly packumentCache full:https://registry.npmjs.org/@humanwhocodes%2fretry cache-miss
290 http fetch GET 200 https://registry.npmjs.org/@eslint%2feslintrc 47ms (cache miss)
291 silly packumentCache full:https://registry.npmjs.org/@eslint%2feslintrc set size:undefined disposed:false
292 silly fetch manifest escape-string-regexp@^4.0.0
293 silly packumentCache full:https://registry.npmjs.org/escape-string-regexp cache-miss
294 http fetch GET 200 https://registry.npmjs.org/eslint-visitor-keys 38ms (cache miss)
295 silly packumentCache full:https://registry.npmjs.org/eslint-visitor-keys set size:undefined disposed:false
296 silly fetch manifest @eslint/config-helpers@^0.4.2
297 silly packumentCache full:https://registry.npmjs.org/@eslint%2fconfig-helpers cache-miss
298 http fetch GET 200 https://registry.npmjs.org/@eslint%2fplugin-kit 70ms (cache miss)
299 silly packumentCache full:https://registry.npmjs.org/@eslint%2fplugin-kit set size:undefined disposed:false
300 silly fetch manifest @eslint-community/regexpp@^4.12.1
301 silly packumentCache full:https://registry.npmjs.org/@eslint-community%2fregexpp cache-miss
302 http fetch GET 200 https://registry.npmjs.org/@humanwhocodes%2fretry 50ms (cache miss)
303 silly packumentCache full:https://registry.npmjs.org/@humanwhocodes%2fretry set size:undefined disposed:false
304 silly fetch manifest @eslint-community/eslint-utils@^4.8.0
305 silly packumentCache full:https://registry.npmjs.org/@eslint-community%2feslint-utils cache-miss
306 http fetch GET 200 https://registry.npmjs.org/@eslint%2fconfig-array 63ms (cache miss)
307 silly packumentCache full:https://registry.npmjs.org/@eslint%2fconfig-array set size:undefined disposed:false
308 silly fetch manifest @humanwhocodes/module-importer@^1.0.1
309 silly packumentCache full:https://registry.npmjs.org/@humanwhocodes%2fmodule-importer cache-miss
310 http fetch GET 200 https://registry.npmjs.org/escape-string-regexp 52ms (cache miss)
311 silly packumentCache full:https://registry.npmjs.org/escape-string-regexp set size:undefined disposed:false
312 silly fetch manifest json-stable-stringify-without-jsonify@^1.0.1
313 silly packumentCache full:https://registry.npmjs.org/json-stable-stringify-without-jsonify cache-miss
314 http fetch GET 200 https://registry.npmjs.org/@eslint%2fconfig-helpers 64ms (cache miss)
315 silly packumentCache full:https://registry.npmjs.org/@eslint%2fconfig-helpers set size:undefined disposed:false
316 silly fetch manifest eslint-plugin-react@^7.37.0
317 silly packumentCache full:https://registry.npmjs.org/eslint-plugin-react cache-miss
318 http fetch GET 200 https://registry.npmjs.org/@eslint-community%2fregexpp 43ms (cache miss)
319 silly packumentCache full:https://registry.npmjs.org/@eslint-community%2fregexpp set size:undefined disposed:false
320 silly fetch manifest eslint-plugin-import@^2.31.0
321 silly packumentCache full:https://registry.npmjs.org/eslint-plugin-import cache-miss
322 http fetch GET 200 https://registry.npmjs.org/@eslint-community%2feslint-utils 44ms (cache miss)
323 silly packumentCache full:https://registry.npmjs.org/@eslint-community%2feslint-utils set size:undefined disposed:false
324 silly fetch manifest eslint-plugin-jsx-a11y@^6.10.0
325 silly packumentCache full:https://registry.npmjs.org/eslint-plugin-jsx-a11y cache-miss
326 http fetch GET 200 https://registry.npmjs.org/json-stable-stringify-without-jsonify 41ms (cache miss)
327 silly packumentCache full:https://registry.npmjs.org/json-stable-stringify-without-jsonify set size:undefined disposed:false
328 silly fetch manifest @rushstack/eslint-patch@^1.10.3
329 silly packumentCache full:https://registry.npmjs.org/@rushstack%2feslint-patch cache-miss
330 http fetch GET 200 https://registry.npmjs.org/@humanwhocodes%2fmodule-importer 55ms (cache miss)
331 silly packumentCache full:https://registry.npmjs.org/@humanwhocodes%2fmodule-importer set size:undefined disposed:false
332 silly fetch manifest @next/eslint-plugin-next@15.5.22
333 silly packumentCache full:https://registry.npmjs.org/@next%2feslint-plugin-next cache-miss
334 http fetch GET 200 https://registry.npmjs.org/eslint-plugin-import 81ms (cache miss)
335 silly packumentCache full:https://registry.npmjs.org/eslint-plugin-import set size:undefined disposed:false
336 silly fetch manifest @typescript-eslint/parser@^5.4.2 || ^6.0.0 || ^7.0.0 || ^8.0.0
337 silly packumentCache full:https://registry.npmjs.org/@typescript-eslint%2fparser cache-miss
338 http fetch GET 200 https://registry.npmjs.org/eslint-plugin-react 108ms (cache miss)
339 silly packumentCache full:https://registry.npmjs.org/eslint-plugin-react set size:undefined disposed:false
340 silly fetch manifest eslint-plugin-react-hooks@^5.0.0
341 silly packumentCache full:https://registry.npmjs.org/eslint-plugin-react-hooks cache-miss
342 http fetch GET 200 https://registry.npmjs.org/eslint-plugin-jsx-a11y 113ms (cache miss)
343 silly packumentCache full:https://registry.npmjs.org/eslint-plugin-jsx-a11y set size:undefined disposed:false
344 silly fetch manifest eslint-import-resolver-node@^0.3.6
345 silly packumentCache full:https://registry.npmjs.org/eslint-import-resolver-node cache-miss
346 http fetch GET 200 https://registry.npmjs.org/@rushstack%2feslint-patch 115ms (cache miss)
347 silly packumentCache full:https://registry.npmjs.org/@rushstack%2feslint-patch set size:undefined disposed:false
348 silly fetch manifest @typescript-eslint/eslint-plugin@^5.4.2 || ^6.0.0 || ^7.0.0 || ^8.0.0
349 silly packumentCache full:https://registry.npmjs.org/@typescript-eslint%2feslint-plugin cache-miss
350 http fetch GET 200 https://registry.npmjs.org/eslint-import-resolver-node 144ms (cache miss)
351 silly packumentCache full:https://registry.npmjs.org/eslint-import-resolver-node set size:undefined disposed:false
352 silly fetch manifest eslint-import-resolver-typescript@^3.5.2
353 silly packumentCache full:https://registry.npmjs.org/eslint-import-resolver-typescript cache-miss
354 http fetch GET 200 https://registry.npmjs.org/eslint-import-resolver-typescript 184ms (cache miss)
355 silly packumentCache full:https://registry.npmjs.org/eslint-import-resolver-typescript set size:undefined disposed:false
356 silly fetch manifest postcss@8.4.31
357 silly packumentCache full:https://registry.npmjs.org/postcss cache-miss
358 http cache https://registry.npmjs.org/postcss 95ms (cache hit)
359 silly packumentCache full:https://registry.npmjs.org/postcss set size:756623 disposed:false
360 silly fetch manifest @next/env@15.5.22
361 silly packumentCache full:https://registry.npmjs.org/@next%2fenv cache-miss
362 http fetch GET 200 https://registry.npmjs.org/eslint-plugin-react-hooks 2570ms (cache miss)
363 silly packumentCache full:https://registry.npmjs.org/eslint-plugin-react-hooks set size:undefined disposed:false
364 silly fetch manifest styled-jsx@5.1.6
365 silly packumentCache full:https://registry.npmjs.org/styled-jsx cache-miss
366 http fetch GET 200 https://registry.npmjs.org/styled-jsx 286ms (cache miss)
367 silly packumentCache full:https://registry.npmjs.org/styled-jsx set size:undefined disposed:false
368 silly fetch manifest @swc/helpers@0.5.15
369 silly packumentCache full:https://registry.npmjs.org/@swc%2fhelpers cache-miss
370 http fetch GET 200 https://registry.npmjs.org/@swc%2fhelpers 254ms (cache miss)
371 silly packumentCache full:https://registry.npmjs.org/@swc%2fhelpers set size:undefined disposed:false
372 silly fetch manifest caniuse-lite@^1.0.30001579
373 silly packumentCache full:https://registry.npmjs.org/caniuse-lite cache-miss
374 http fetch GET 200 https://registry.npmjs.org/@next%2fenv 2726ms (cache miss)
375 silly packumentCache full:https://registry.npmjs.org/@next%2fenv set size:undefined disposed:false
376 silly fetch manifest sharp@^0.34.3
377 silly packumentCache full:https://registry.npmjs.org/sharp cache-miss
378 http fetch GET 200 https://registry.npmjs.org/@next%2feslint-plugin-next 3631ms (cache miss)
379 silly packumentCache full:https://registry.npmjs.org/@next%2feslint-plugin-next set size:undefined disposed:false
380 silly fetch manifest @next/swc-darwin-x64@15.5.22
381 silly packumentCache full:https://registry.npmjs.org/@next%2fswc-darwin-x64 cache-miss
382 http fetch GET 200 https://registry.npmjs.org/sharp 371ms (cache miss)
383 silly packumentCache full:https://registry.npmjs.org/sharp set size:undefined disposed:false
384 silly fetch manifest @next/swc-darwin-arm64@15.5.22
385 silly packumentCache full:https://registry.npmjs.org/@next%2fswc-darwin-arm64 cache-miss
386 http fetch GET 200 https://registry.npmjs.org/caniuse-lite 1095ms (cache miss)
387 silly packumentCache full:https://registry.npmjs.org/caniuse-lite set size:undefined disposed:false
388 silly fetch manifest @next/swc-linux-x64-gnu@15.5.22
389 silly packumentCache full:https://registry.npmjs.org/@next%2fswc-linux-x64-gnu cache-miss
390 http fetch GET 200 https://registry.npmjs.org/@next%2fswc-darwin-x64 1554ms (cache miss)
391 silly packumentCache full:https://registry.npmjs.org/@next%2fswc-darwin-x64 set size:undefined disposed:false
392 silly fetch manifest @next/swc-linux-x64-musl@15.5.22
393 silly packumentCache full:https://registry.npmjs.org/@next%2fswc-linux-x64-musl cache-miss
394 http fetch GET 200 https://registry.npmjs.org/@typescript-eslint%2fparser 5609ms (cache miss)
395 silly packumentCache full:https://registry.npmjs.org/@typescript-eslint%2fparser set size:undefined disposed:false
396 silly fetch manifest @next/swc-win32-x64-msvc@15.5.22
397 silly packumentCache full:https://registry.npmjs.org/@next%2fswc-win32-x64-msvc cache-miss
398 http fetch GET 200 https://registry.npmjs.org/@next%2fswc-darwin-arm64 2086ms (cache miss)
399 silly packumentCache full:https://registry.npmjs.org/@next%2fswc-darwin-arm64 set size:undefined disposed:false
400 silly fetch manifest @next/swc-linux-arm64-gnu@15.5.22
401 silly packumentCache full:https://registry.npmjs.org/@next%2fswc-linux-arm64-gnu cache-miss
402 http fetch GET 200 https://registry.npmjs.org/@next%2fswc-linux-x64-gnu 1729ms (cache miss)
403 silly packumentCache full:https://registry.npmjs.org/@next%2fswc-linux-x64-gnu set size:undefined disposed:false
404 silly fetch manifest @next/swc-linux-arm64-musl@15.5.22
405 silly packumentCache full:https://registry.npmjs.org/@next%2fswc-linux-arm64-musl cache-miss
406 http fetch GET 200 https://registry.npmjs.org/@next%2fswc-linux-x64-musl 1273ms (cache miss)
407 silly packumentCache full:https://registry.npmjs.org/@next%2fswc-linux-x64-musl set size:undefined disposed:false
408 silly fetch manifest @next/swc-win32-arm64-msvc@15.5.22
409 silly packumentCache full:https://registry.npmjs.org/@next%2fswc-win32-arm64-msvc cache-miss
410 http fetch GET 200 https://registry.npmjs.org/@next%2fswc-linux-arm64-gnu 1550ms (cache miss)
411 silly packumentCache full:https://registry.npmjs.org/@next%2fswc-linux-arm64-gnu set size:undefined disposed:false
412 silly fetch manifest scheduler@^0.27.0
413 silly packumentCache full:https://registry.npmjs.org/scheduler cache-miss
414 http fetch GET 200 https://registry.npmjs.org/@next%2fswc-win32-x64-msvc 1725ms (cache miss)
415 silly packumentCache full:https://registry.npmjs.org/@next%2fswc-win32-x64-msvc set size:undefined disposed:false
416 silly fetch manifest nanoid@^3.3.16
417 silly packumentCache full:https://registry.npmjs.org/nanoid cache-miss
418 http fetch GET 200 https://registry.npmjs.org/@next%2fswc-linux-arm64-musl 1497ms (cache miss)
419 silly packumentCache full:https://registry.npmjs.org/@next%2fswc-linux-arm64-musl set size:undefined disposed:false
420 silly fetch manifest picocolors@^1.1.1
421 silly packumentCache full:https://registry.npmjs.org/picocolors cache-miss
422 http fetch GET 200 https://registry.npmjs.org/nanoid 152ms (cache miss)
423 silly packumentCache full:https://registry.npmjs.org/nanoid set size:undefined disposed:false
424 silly fetch manifest source-map-js@^1.2.1
425 silly packumentCache full:https://registry.npmjs.org/source-map-js cache-miss
426 http fetch GET 200 https://registry.npmjs.org/picocolors 42ms (cache miss)
427 silly packumentCache full:https://registry.npmjs.org/picocolors set size:undefined disposed:false
428 silly fetch manifest @prisma/config@6.19.3
429 silly packumentCache full:https://registry.npmjs.org/@prisma%2fconfig cache-miss
430 http fetch GET 200 https://registry.npmjs.org/source-map-js 63ms (cache miss)
431 silly packumentCache full:https://registry.npmjs.org/source-map-js set size:undefined disposed:false
432 silly fetch manifest @prisma/engines@6.19.3
433 silly packumentCache full:https://registry.npmjs.org/@prisma%2fengines cache-miss
434 http fetch GET 200 https://registry.npmjs.org/@next%2fswc-win32-arm64-msvc 1399ms (cache miss)
435 silly packumentCache full:https://registry.npmjs.org/@next%2fswc-win32-arm64-msvc set size:undefined disposed:false
436 silly fetch manifest arg@^5.0.2
437 silly packumentCache full:https://registry.npmjs.org/arg cache-miss
438 http fetch GET 200 https://registry.npmjs.org/arg 96ms (cache miss)
439 silly packumentCache full:https://registry.npmjs.org/arg set size:undefined disposed:false
440 silly fetch manifest dlv@^1.1.3
441 silly packumentCache full:https://registry.npmjs.org/dlv cache-miss
442 http fetch GET 200 https://registry.npmjs.org/dlv 124ms (cache miss)
443 silly packumentCache full:https://registry.npmjs.org/dlv set size:undefined disposed:false
444 silly fetch manifest jiti@^1.21.7
445 silly packumentCache full:https://registry.npmjs.org/jiti cache-miss
446 http fetch GET 200 https://registry.npmjs.org/@prisma%2fconfig 797ms (cache miss)
447 silly packumentCache full:https://registry.npmjs.org/@prisma%2fconfig set size:undefined disposed:false
448 silly fetch manifest is-glob@^4.0.3
449 silly packumentCache full:https://registry.npmjs.org/is-glob cache-miss
450 http cache https://registry.npmjs.org/jiti 311ms (cache hit)
451 silly packumentCache full:https://registry.npmjs.org/jiti set size:387989 disposed:false
452 silly fetch manifest resolve@^1.22.8
453 silly packumentCache full:https://registry.npmjs.org/resolve cache-miss
454 http cache https://registry.npmjs.org/is-glob 195ms (cache hit)
455 silly packumentCache full:https://registry.npmjs.org/is-glob set size:40530 disposed:false
456 silly fetch manifest sucrase@^3.35.0
457 silly packumentCache full:https://registry.npmjs.org/sucrase cache-miss
458 http fetch GET 200 https://registry.npmjs.org/resolve 414ms (cache miss)
459 silly packumentCache full:https://registry.npmjs.org/resolve set size:undefined disposed:false
460 silly fetch manifest chokidar@^3.6.0
461 silly packumentCache full:https://registry.npmjs.org/chokidar cache-miss
462 http fetch GET 200 https://registry.npmjs.org/sucrase 243ms (cache miss)
463 silly packumentCache full:https://registry.npmjs.org/sucrase set size:undefined disposed:false
464 silly fetch manifest fast-glob@^3.3.2
465 silly packumentCache full:https://registry.npmjs.org/fast-glob cache-miss
466 http fetch GET 200 https://registry.npmjs.org/scheduler 1688ms (cache miss)
467 silly packumentCache full:https://registry.npmjs.org/scheduler set size:undefined disposed:false
468 silly fetch manifest lilconfig@^3.1.3
469 silly packumentCache full:https://registry.npmjs.org/lilconfig cache-miss
470 http fetch GET 200 https://registry.npmjs.org/fast-glob 165ms (cache miss)
471 silly packumentCache full:https://registry.npmjs.org/fast-glob set size:undefined disposed:false
472 silly fetch manifest didyoumean@^1.2.2
473 silly packumentCache full:https://registry.npmjs.org/didyoumean cache-miss
474 http fetch GET 200 https://registry.npmjs.org/chokidar 184ms (cache miss)
475 silly packumentCache full:https://registry.npmjs.org/chokidar set size:undefined disposed:false
476 silly fetch manifest micromatch@^4.0.8
477 silly packumentCache full:https://registry.npmjs.org/micromatch cache-miss
478 http fetch GET 200 https://registry.npmjs.org/didyoumean 56ms (cache miss)
479 silly packumentCache full:https://registry.npmjs.org/didyoumean set size:undefined disposed:false
480 silly fetch manifest postcss-js@^4.0.1
481 silly packumentCache full:https://registry.npmjs.org/postcss-js cache-miss
482 http fetch GET 200 https://registry.npmjs.org/lilconfig 92ms (cache miss)
483 silly packumentCache full:https://registry.npmjs.org/lilconfig set size:undefined disposed:false
484 silly fetch manifest object-hash@^3.0.0
485 silly packumentCache full:https://registry.npmjs.org/object-hash cache-miss
486 http fetch GET 200 https://registry.npmjs.org/micromatch 107ms (cache miss)
487 silly packumentCache full:https://registry.npmjs.org/micromatch set size:undefined disposed:false
488 silly fetch manifest normalize-path@^3.0.0
489 silly packumentCache full:https://registry.npmjs.org/normalize-path cache-miss
490 http fetch GET 200 https://registry.npmjs.org/postcss-js 102ms (cache miss)
491 silly packumentCache full:https://registry.npmjs.org/postcss-js set size:undefined disposed:false
492 silly fetch manifest postcss-import@^15.1.0
493 silly packumentCache full:https://registry.npmjs.org/postcss-import cache-miss
494 http fetch GET 200 https://registry.npmjs.org/normalize-path 58ms (cache miss)
495 silly packumentCache full:https://registry.npmjs.org/normalize-path set size:undefined disposed:false
496 silly fetch manifest postcss-nested@^6.2.0
497 silly packumentCache full:https://registry.npmjs.org/postcss-nested cache-miss
498 http fetch GET 200 https://registry.npmjs.org/object-hash 107ms (cache miss)
499 silly packumentCache full:https://registry.npmjs.org/object-hash set size:undefined disposed:false
500 silly fetch manifest @alloc/quick-lru@^5.2.0
501 silly packumentCache full:https://registry.npmjs.org/@alloc%2fquick-lru cache-miss
502 http fetch GET 200 https://registry.npmjs.org/postcss-import 57ms (cache miss)
503 silly packumentCache full:https://registry.npmjs.org/postcss-import set size:undefined disposed:false
504 silly fetch manifest postcss-load-config@^4.0.2 || ^5.0 || ^6.0
505 silly packumentCache full:https://registry.npmjs.org/postcss-load-config cache-miss
506 http fetch GET 200 https://registry.npmjs.org/@alloc%2fquick-lru 189ms (cache miss)
507 silly packumentCache full:https://registry.npmjs.org/@alloc%2fquick-lru set size:undefined disposed:false
508 silly fetch manifest postcss-selector-parser@^6.1.2
509 silly packumentCache full:https://registry.npmjs.org/postcss-selector-parser cache-miss
510 http fetch GET 200 https://registry.npmjs.org/postcss-nested 199ms (cache miss)
511 silly packumentCache full:https://registry.npmjs.org/postcss-nested set size:undefined disposed:false
512 silly fetch manifest chai@^5.2.0
513 silly packumentCache full:https://registry.npmjs.org/chai cache-miss
514 http fetch GET 200 https://registry.npmjs.org/postcss-load-config 168ms (cache miss)
515 silly packumentCache full:https://registry.npmjs.org/postcss-load-config set size:undefined disposed:false
516 silly fetch manifest vite@^5.0.0 || ^6.0.0 || ^7.0.0-0
517 silly packumentCache full:https://registry.npmjs.org/vite cache-miss
518 http fetch GET 200 https://registry.npmjs.org/postcss-selector-parser 83ms (cache miss)
519 silly packumentCache full:https://registry.npmjs.org/postcss-selector-parser set size:undefined disposed:false
520 silly fetch manifest debug@^4.4.1
521 silly packumentCache full:https://registry.npmjs.org/debug cache-miss
522 http cache https://registry.npmjs.org/debug 246ms (cache hit)
523 silly packumentCache full:https://registry.npmjs.org/debug set size:195840 disposed:false
524 silly fetch manifest pathe@^2.0.3
525 silly packumentCache full:https://registry.npmjs.org/pathe cache-miss
526 http fetch GET 200 https://registry.npmjs.org/chai 418ms (cache miss)
527 silly packumentCache full:https://registry.npmjs.org/chai set size:undefined disposed:false
528 silly fetch manifest std-env@^3.9.0
529 silly packumentCache full:https://registry.npmjs.org/std-env cache-miss
530 http fetch GET 200 https://registry.npmjs.org/pathe 395ms (cache miss)
531 silly packumentCache full:https://registry.npmjs.org/pathe set size:undefined disposed:false
532 silly fetch manifest tinyexec@^0.3.2
533 silly packumentCache full:https://registry.npmjs.org/tinyexec cache-miss
534 http fetch GET 200 https://registry.npmjs.org/std-env 309ms (cache miss)
535 silly packumentCache full:https://registry.npmjs.org/std-env set size:undefined disposed:false
536 silly fetch manifest tinypool@^1.1.1
537 silly packumentCache full:https://registry.npmjs.org/tinypool cache-miss
538 http fetch GET 200 https://registry.npmjs.org/@typescript-eslint%2feslint-plugin 10096ms (cache miss)
539 silly packumentCache full:https://registry.npmjs.org/@typescript-eslint%2feslint-plugin set size:undefined disposed:false
540 silly fetch manifest picomatch@^4.0.2
541 silly packumentCache full:https://registry.npmjs.org/picomatch cache-miss
542 http fetch GET 200 https://registry.npmjs.org/tinyexec 430ms (cache miss)
543 silly packumentCache full:https://registry.npmjs.org/tinyexec set size:undefined disposed:false
544 silly fetch manifest tinybench@^2.9.0
545 silly packumentCache full:https://registry.npmjs.org/tinybench cache-miss
546 http fetch GET 200 https://registry.npmjs.org/tinypool 442ms (cache miss)
547 silly packumentCache full:https://registry.npmjs.org/tinypool set size:undefined disposed:false
548 silly fetch manifest vite-node@3.2.4
549 silly packumentCache full:https://registry.npmjs.org/vite-node cache-miss
550 http fetch GET 200 https://registry.npmjs.org/@prisma%2fengines 2936ms (cache miss)
551 silly packumentCache full:https://registry.npmjs.org/@prisma%2fengines set size:undefined disposed:false
552 silly fetch manifest tinyglobby@^0.2.14
553 silly packumentCache full:https://registry.npmjs.org/tinyglobby cache-miss
554 http fetch GET 200 https://registry.npmjs.org/picomatch 466ms (cache miss)
555 silly packumentCache full:https://registry.npmjs.org/picomatch set size:undefined disposed:false
556 silly fetch manifest @types/chai@^5.2.2
557 silly packumentCache full:https://registry.npmjs.org/@types%2fchai cache-miss
558 http fetch GET 200 https://registry.npmjs.org/tinybench 129ms (cache miss)
559 silly packumentCache full:https://registry.npmjs.org/tinybench set size:undefined disposed:false
560 silly fetch manifest @vitest/spy@3.2.7
561 silly packumentCache full:https://registry.npmjs.org/@vitest%2fspy cache-miss
562 http fetch GET 200 https://registry.npmjs.org/tinyglobby 47ms (cache miss)
563 silly packumentCache full:https://registry.npmjs.org/tinyglobby set size:undefined disposed:false
564 silly fetch manifest expect-type@^1.2.1
565 silly packumentCache full:https://registry.npmjs.org/expect-type cache-miss
566 http fetch GET 200 https://registry.npmjs.org/expect-type 181ms (cache miss)
567 silly packumentCache full:https://registry.npmjs.org/expect-type set size:undefined disposed:false
568 silly fetch manifest tinyrainbow@^2.0.0
569 silly packumentCache full:https://registry.npmjs.org/tinyrainbow cache-miss
570 http fetch GET 200 https://registry.npmjs.org/@types%2fchai 302ms (cache miss)
571 silly packumentCache full:https://registry.npmjs.org/@types%2fchai set size:undefined disposed:false
572 silly fetch manifest magic-string@^0.30.17
573 silly packumentCache full:https://registry.npmjs.org/magic-string cache-miss
574 http fetch GET 200 https://registry.npmjs.org/@vitest%2fspy 299ms (cache miss)
575 silly packumentCache full:https://registry.npmjs.org/@vitest%2fspy set size:undefined disposed:false
576 silly fetch manifest @vitest/utils@3.2.7
577 silly packumentCache full:https://registry.npmjs.org/@vitest%2futils cache-miss
578 http fetch GET 200 https://registry.npmjs.org/tinyrainbow 102ms (cache miss)
579 silly packumentCache full:https://registry.npmjs.org/tinyrainbow set size:undefined disposed:false
580 silly fetch manifest @vitest/expect@3.2.7
581 silly packumentCache full:https://registry.npmjs.org/@vitest%2fexpect cache-miss
582 http fetch GET 200 https://registry.npmjs.org/@vitest%2fexpect 134ms (cache miss)
583 silly packumentCache full:https://registry.npmjs.org/@vitest%2fexpect set size:undefined disposed:false
584 silly fetch manifest @vitest/mocker@3.2.7
585 silly packumentCache full:https://registry.npmjs.org/@vitest%2fmocker cache-miss
586 http fetch GET 200 https://registry.npmjs.org/magic-string 155ms (cache miss)
587 silly packumentCache full:https://registry.npmjs.org/magic-string set size:undefined disposed:false
588 silly fetch manifest @vitest/runner@3.2.7
589 silly packumentCache full:https://registry.npmjs.org/@vitest%2frunner cache-miss
590 http fetch GET 200 https://registry.npmjs.org/@vitest%2futils 168ms (cache miss)
591 silly packumentCache full:https://registry.npmjs.org/@vitest%2futils set size:undefined disposed:false
592 silly fetch manifest @vitest/snapshot@3.2.7
593 silly packumentCache full:https://registry.npmjs.org/@vitest%2fsnapshot cache-miss
594 http fetch GET 200 https://registry.npmjs.org/@vitest%2fmocker 291ms (cache miss)
595 silly packumentCache full:https://registry.npmjs.org/@vitest%2fmocker set size:undefined disposed:false
596 silly fetch manifest why-is-node-running@^2.3.0
597 silly packumentCache full:https://registry.npmjs.org/why-is-node-running cache-miss
598 http fetch GET 200 https://registry.npmjs.org/vite-node 858ms (cache miss)
599 silly packumentCache full:https://registry.npmjs.org/vite-node set size:undefined disposed:false
600 silly fetch manifest @vitest/pretty-format@^3.2.7
601 silly packumentCache full:https://registry.npmjs.org/@vitest%2fpretty-format cache-miss
602 http fetch GET 200 https://registry.npmjs.org/@vitest%2fsnapshot 285ms (cache miss)
603 silly packumentCache full:https://registry.npmjs.org/@vitest%2fsnapshot set size:undefined disposed:false
604 http fetch GET 200 https://registry.npmjs.org/@vitest%2frunner 313ms (cache miss)
605 silly packumentCache full:https://registry.npmjs.org/@vitest%2frunner set size:undefined disposed:false
606 http fetch GET 200 https://registry.npmjs.org/why-is-node-running 60ms (cache miss)
607 silly packumentCache full:https://registry.npmjs.org/why-is-node-running set size:undefined disposed:false
608 http fetch GET 200 https://registry.npmjs.org/@vitest%2fpretty-format 86ms (cache miss)
609 silly packumentCache full:https://registry.npmjs.org/@vitest%2fpretty-format set size:undefined disposed:false
610 http fetch GET 200 https://registry.npmjs.org/vite 2697ms (cache miss)
611 silly packumentCache full:https://registry.npmjs.org/vite set size:undefined disposed:false
612 silly placeDep ROOT undici-types@6.21.0 OK for: @types/node@22.20.1 want: ~6.21.0
613 silly placeDep ROOT csstype@3.2.3 OK for: @types/react@19.2.18 want: ^3.2.2
614 silly fetch manifest eslint@^6.0.0 || ^7.0.0 || >=8.0.0
615 silly packumentCache full:https://registry.npmjs.org/eslint cache-miss
616 http cache https://registry.npmjs.org/eslint 911ms (cache hit)
617 silly packumentCache full:https://registry.npmjs.org/eslint set size:2040662 disposed:false
618 silly placeDep ROOT @eslint-community/eslint-utils@4.10.1 OK for: eslint@9.39.5 want: ^4.8.0
619 silly placeDep ROOT @eslint-community/regexpp@4.12.2 OK for: eslint@9.39.5 want: ^4.12.1
620 silly placeDep ROOT @eslint/config-array@0.21.2 OK for: eslint@9.39.5 want: ^0.21.2
621 silly placeDep ROOT @eslint/config-helpers@0.4.2 OK for: eslint@9.39.5 want: ^0.4.2
622 silly placeDep ROOT @eslint/core@0.17.0 OK for: eslint@9.39.5 want: ^0.17.0
623 silly placeDep ROOT @eslint/eslintrc@3.3.6 OK for: eslint@9.39.5 want: ^3.3.6
624 silly placeDep ROOT @eslint/js@9.39.5 OK for: eslint@9.39.5 want: 9.39.5
625 silly placeDep ROOT @eslint/plugin-kit@0.4.1 OK for: eslint@9.39.5 want: ^0.4.1
626 silly placeDep ROOT @humanfs/node@0.16.8 OK for: eslint@9.39.5 want: ^0.16.6
627 silly placeDep ROOT @humanwhocodes/module-importer@1.0.1 OK for: eslint@9.39.5 want: ^1.0.1
628 silly placeDep ROOT @humanwhocodes/retry@0.4.3 OK for: eslint@9.39.5 want: ^0.4.2
629 silly placeDep ROOT @types/estree@1.0.9 OK for: eslint@9.39.5 want: ^1.0.6
630 silly placeDep ROOT ajv@6.15.0 OK for: eslint@9.39.5 want: ^6.14.0
631 silly placeDep ROOT chalk@4.1.2 OK for: eslint@9.39.5 want: ^4.0.0
632 silly placeDep ROOT cross-spawn@7.0.6 OK for: eslint@9.39.5 want: ^7.0.6
633 silly placeDep ROOT debug@4.4.3 OK for: eslint@9.39.5 want: ^4.3.2
634 silly placeDep ROOT escape-string-regexp@4.0.0 OK for: eslint@9.39.5 want: ^4.0.0
635 silly placeDep ROOT eslint-scope@8.4.0 OK for: eslint@9.39.5 want: ^8.4.0
636 silly placeDep ROOT eslint-visitor-keys@4.2.1 OK for: eslint@9.39.5 want: ^4.2.1
637 silly placeDep ROOT espree@10.4.0 OK for: eslint@9.39.5 want: ^10.4.0
638 silly placeDep ROOT esquery@1.7.0 OK for: eslint@9.39.5 want: ^1.5.0
639 silly placeDep ROOT esutils@2.0.3 OK for: eslint@9.39.5 want: ^2.0.2
640 silly placeDep ROOT fast-deep-equal@3.1.3 OK for: eslint@9.39.5 want: ^3.1.3
641 silly placeDep ROOT file-entry-cache@8.0.0 OK for: eslint@9.39.5 want: ^8.0.0
642 silly placeDep ROOT find-up@5.0.0 OK for: eslint@9.39.5 want: ^5.0.0
643 silly placeDep ROOT glob-parent@6.0.2 OK for: eslint@9.39.5 want: ^6.0.2
644 silly placeDep ROOT ignore@5.3.2 OK for: eslint@9.39.5 want: ^5.2.0
645 silly placeDep ROOT imurmurhash@0.1.4 OK for: eslint@9.39.5 want: ^0.1.4
646 silly placeDep ROOT is-glob@4.0.3 OK for: eslint@9.39.5 want: ^4.0.0
647 silly placeDep ROOT json-stable-stringify-without-jsonify@1.0.1 OK for: eslint@9.39.5 want: ^1.0.1
648 silly placeDep ROOT lodash.merge@4.6.2 OK for: eslint@9.39.5 want: ^4.6.2
649 silly placeDep ROOT minimatch@3.1.5 OK for: eslint@9.39.5 want: ^3.1.5
650 silly placeDep ROOT natural-compare@1.4.0 OK for: eslint@9.39.5 want: ^1.4.0
651 silly placeDep ROOT optionator@0.9.4 OK for: eslint@9.39.5 want: ^0.9.3
652 silly fetch manifest eslint-visitor-keys@^3.4.3
653 silly packumentCache full:https://registry.npmjs.org/eslint-visitor-keys cache-miss
654 silly fetch manifest debug@^4.3.1
655 silly packumentCache full:https://registry.npmjs.org/debug cache-hit
656 silly fetch manifest @eslint/object-schema@^2.1.7
657 silly packumentCache full:https://registry.npmjs.org/@eslint%2fobject-schema cache-miss
658 silly fetch manifest @types/json-schema@^7.0.15
659 silly packumentCache full:https://registry.npmjs.org/@types%2fjson-schema cache-miss
660 silly fetch manifest espree@^10.0.1
661 silly packumentCache full:https://registry.npmjs.org/espree cache-miss
662 silly fetch manifest globals@^14.0.0
663 silly packumentCache full:https://registry.npmjs.org/globals cache-miss
664 http cache https://registry.npmjs.org/espree 450ms (cache hit)
665 silly packumentCache full:https://registry.npmjs.org/espree set size:326080 disposed:false
666 silly fetch manifest import-fresh@^3.2.1
667 silly packumentCache full:https://registry.npmjs.org/import-fresh cache-miss
668 http cache https://registry.npmjs.org/eslint-visitor-keys 633ms (cache hit)
669 silly packumentCache full:https://registry.npmjs.org/eslint-visitor-keys set size:69949 disposed:false
670 silly fetch manifest js-yaml@^4.3.0
671 silly packumentCache full:https://registry.npmjs.org/js-yaml cache-miss
672 http fetch GET 200 https://registry.npmjs.org/@types%2fjson-schema 731ms (cache miss)
673 silly packumentCache full:https://registry.npmjs.org/@types%2fjson-schema set size:undefined disposed:false
674 silly fetch manifest strip-json-comments@^3.1.1
675 silly packumentCache full:https://registry.npmjs.org/strip-json-comments cache-miss
676 http fetch GET 200 https://registry.npmjs.org/@eslint%2fobject-schema 733ms (cache miss)
677 silly packumentCache full:https://registry.npmjs.org/@eslint%2fobject-schema set size:undefined disposed:false
678 silly fetch manifest levn@^0.4.1
679 silly packumentCache full:https://registry.npmjs.org/levn cache-miss
680 http fetch GET 200 https://registry.npmjs.org/globals 733ms (cache miss)
681 silly packumentCache full:https://registry.npmjs.org/globals set size:undefined disposed:false
682 silly fetch manifest @humanwhocodes/retry@^0.4.0
683 silly packumentCache full:https://registry.npmjs.org/@humanwhocodes%2fretry cache-miss
684 http fetch GET 200 https://registry.npmjs.org/import-fresh 499ms (cache miss)
685 silly packumentCache full:https://registry.npmjs.org/import-fresh set size:undefined disposed:false
686 silly fetch manifest @humanfs/core@^0.19.2
687 silly packumentCache full:https://registry.npmjs.org/@humanfs%2fcore cache-miss
688 http fetch GET 200 https://registry.npmjs.org/levn 222ms (cache miss)
689 silly packumentCache full:https://registry.npmjs.org/levn set size:undefined disposed:false
690 silly fetch manifest @humanfs/types@^0.15.0
691 silly packumentCache full:https://registry.npmjs.org/@humanfs%2ftypes cache-miss
692 http fetch GET 200 https://registry.npmjs.org/strip-json-comments 224ms (cache miss)
693 silly packumentCache full:https://registry.npmjs.org/strip-json-comments set size:undefined disposed:false
694 silly fetch manifest uri-js@^4.2.2
695 silly packumentCache full:https://registry.npmjs.org/uri-js cache-miss
696 http cache https://registry.npmjs.org/@humanwhocodes%2fretry 221ms (cache hit)
697 silly packumentCache full:https://registry.npmjs.org/@humanwhocodes%2fretry set size:42348 disposed:false
698 silly fetch manifest fast-deep-equal@^3.1.1
699 silly packumentCache full:https://registry.npmjs.org/fast-deep-equal cache-miss
700 http fetch GET 200 https://registry.npmjs.org/js-yaml 330ms (cache miss)
701 silly packumentCache full:https://registry.npmjs.org/js-yaml set size:undefined disposed:false
702 silly fetch manifest json-schema-traverse@^0.4.1
703 silly packumentCache full:https://registry.npmjs.org/json-schema-traverse cache-miss
704 http cache https://registry.npmjs.org/fast-deep-equal 518ms (cache hit)
705 silly packumentCache full:https://registry.npmjs.org/fast-deep-equal set size:48634 disposed:false
706 silly fetch manifest fast-json-stable-stringify@^2.0.0
707 silly packumentCache full:https://registry.npmjs.org/fast-json-stable-stringify cache-miss
708 http fetch GET 200 https://registry.npmjs.org/@humanfs%2fcore 528ms (cache miss)
709 silly packumentCache full:https://registry.npmjs.org/@humanfs%2fcore set size:undefined disposed:false
710 silly fetch manifest ansi-styles@^4.1.0
711 silly packumentCache full:https://registry.npmjs.org/ansi-styles cache-miss
712 http fetch GET 200 https://registry.npmjs.org/json-schema-traverse 518ms (cache miss)
713 silly packumentCache full:https://registry.npmjs.org/json-schema-traverse set size:undefined disposed:false
714 silly fetch manifest supports-color@^7.1.0
715 silly packumentCache full:https://registry.npmjs.org/supports-color cache-miss
716 http fetch GET 200 https://registry.npmjs.org/@humanfs%2ftypes 528ms (cache miss)
717 silly packumentCache full:https://registry.npmjs.org/@humanfs%2ftypes set size:undefined disposed:false
718 silly fetch manifest which@^2.0.1
719 silly packumentCache full:https://registry.npmjs.org/which cache-miss
720 http fetch GET 200 https://registry.npmjs.org/uri-js 529ms (cache miss)
721 silly packumentCache full:https://registry.npmjs.org/uri-js set size:undefined disposed:false
722 silly fetch manifest path-key@^3.1.0
723 silly packumentCache full:https://registry.npmjs.org/path-key cache-miss
724 http fetch GET 200 https://registry.npmjs.org/fast-json-stable-stringify 23ms (cache miss)
725 silly packumentCache full:https://registry.npmjs.org/fast-json-stable-stringify set size:undefined disposed:false
726 silly fetch manifest shebang-command@^2.0.0
727 silly packumentCache full:https://registry.npmjs.org/shebang-command cache-miss
728 http fetch GET 200 https://registry.npmjs.org/which 42ms (cache miss)
729 silly packumentCache full:https://registry.npmjs.org/which set size:undefined disposed:false
730 silly fetch manifest ms@^2.1.3
731 silly packumentCache full:https://registry.npmjs.org/ms cache-miss
732 http fetch GET 200 https://registry.npmjs.org/ansi-styles 59ms (cache miss)
733 silly packumentCache full:https://registry.npmjs.org/ansi-styles set size:undefined disposed:false
734 silly fetch manifest esrecurse@^4.3.0
735 silly packumentCache full:https://registry.npmjs.org/esrecurse cache-miss
736 http fetch GET 200 https://registry.npmjs.org/path-key 57ms (cache miss)
737 silly packumentCache full:https://registry.npmjs.org/path-key set size:undefined disposed:false
738 silly fetch manifest estraverse@^5.2.0
739 silly packumentCache full:https://registry.npmjs.org/estraverse cache-miss
740 http fetch GET 200 https://registry.npmjs.org/shebang-command 49ms (cache miss)
741 silly packumentCache full:https://registry.npmjs.org/shebang-command set size:undefined disposed:false
742 silly fetch manifest acorn@^8.15.0
743 silly packumentCache full:https://registry.npmjs.org/acorn cache-miss
744 http fetch GET 200 https://registry.npmjs.org/supports-color 70ms (cache miss)
745 silly packumentCache full:https://registry.npmjs.org/supports-color set size:undefined disposed:false
746 silly fetch manifest acorn-jsx@^5.3.2
747 silly packumentCache full:https://registry.npmjs.org/acorn-jsx cache-miss
748 http fetch GET 200 https://registry.npmjs.org/esrecurse 51ms (cache miss)
749 silly packumentCache full:https://registry.npmjs.org/esrecurse set size:undefined disposed:false
750 silly fetch manifest estraverse@^5.1.0
751 silly packumentCache full:https://registry.npmjs.org/estraverse cache-miss
752 http fetch GET 200 https://registry.npmjs.org/ms 69ms (cache miss)
753 silly packumentCache full:https://registry.npmjs.org/ms set size:undefined disposed:false
754 silly fetch manifest flat-cache@^4.0.0
755 silly packumentCache full:https://registry.npmjs.org/flat-cache cache-miss
756 http fetch GET 200 https://registry.npmjs.org/estraverse 56ms (cache miss)
757 silly packumentCache full:https://registry.npmjs.org/estraverse set size:undefined disposed:false
758 silly fetch manifest locate-path@^6.0.0
759 silly packumentCache full:https://registry.npmjs.org/locate-path cache-miss
760 http fetch GET 200 https://registry.npmjs.org/acorn-jsx 71ms (cache miss)
761 silly packumentCache full:https://registry.npmjs.org/acorn-jsx set size:undefined disposed:false
762 silly fetch manifest path-exists@^4.0.0
763 silly packumentCache full:https://registry.npmjs.org/path-exists cache-miss
764 http fetch GET 200 https://registry.npmjs.org/path-exists 52ms (cache miss)
765 silly packumentCache full:https://registry.npmjs.org/path-exists set size:undefined disposed:false
766 silly fetch manifest is-extglob@^2.1.1
767 silly packumentCache full:https://registry.npmjs.org/is-extglob cache-miss
768 http fetch GET 200 https://registry.npmjs.org/estraverse 198ms (cache miss)
769 silly packumentCache full:https://registry.npmjs.org/estraverse set size:undefined disposed:false
770 silly fetch manifest brace-expansion@^1.1.7
771 silly packumentCache full:https://registry.npmjs.org/brace-expansion cache-miss
772 http fetch GET 200 https://registry.npmjs.org/locate-path 197ms (cache miss)
773 silly packumentCache full:https://registry.npmjs.org/locate-path set size:undefined disposed:false
774 silly fetch manifest prelude-ls@^1.2.1
775 silly packumentCache full:https://registry.npmjs.org/prelude-ls cache-miss
776 http fetch GET 200 https://registry.npmjs.org/acorn 248ms (cache miss)
777 silly packumentCache full:https://registry.npmjs.org/acorn set size:undefined disposed:false
778 silly fetch manifest deep-is@^0.1.3
779 silly packumentCache full:https://registry.npmjs.org/deep-is cache-miss
780 http fetch GET 200 https://registry.npmjs.org/flat-cache 208ms (cache miss)
781 silly packumentCache full:https://registry.npmjs.org/flat-cache set size:undefined disposed:false
782 silly fetch manifest word-wrap@^1.2.5
783 silly packumentCache full:https://registry.npmjs.org/word-wrap cache-miss
784 http fetch GET 200 https://registry.npmjs.org/is-extglob 130ms (cache miss)
785 silly packumentCache full:https://registry.npmjs.org/is-extglob set size:undefined disposed:false
786 silly fetch manifest type-check@^0.4.0
787 silly packumentCache full:https://registry.npmjs.org/type-check cache-miss
788 http fetch GET 200 https://registry.npmjs.org/brace-expansion 32ms (cache miss)
789 silly packumentCache full:https://registry.npmjs.org/brace-expansion set size:undefined disposed:false
790 silly fetch manifest fast-levenshtein@^2.0.6
791 silly packumentCache full:https://registry.npmjs.org/fast-levenshtein cache-miss
792 http fetch GET 200 https://registry.npmjs.org/prelude-ls 31ms (cache miss)
793 silly packumentCache full:https://registry.npmjs.org/prelude-ls set size:undefined disposed:false
794 http fetch GET 200 https://registry.npmjs.org/deep-is 29ms (cache miss)
795 silly packumentCache full:https://registry.npmjs.org/deep-is set size:undefined disposed:false
796 http fetch GET 200 https://registry.npmjs.org/type-check 48ms (cache miss)
797 silly packumentCache full:https://registry.npmjs.org/type-check set size:undefined disposed:false
798 http fetch GET 200 https://registry.npmjs.org/fast-levenshtein 31ms (cache miss)
799 silly packumentCache full:https://registry.npmjs.org/fast-levenshtein set size:undefined disposed:false
800 http fetch GET 200 https://registry.npmjs.org/word-wrap 527ms (cache miss)
801 silly packumentCache full:https://registry.npmjs.org/word-wrap set size:undefined disposed:false
802 silly placeDep node_modules/@eslint-community/eslint-utils eslint-visitor-keys@3.4.3 OK for: @eslint-community/eslint-utils@4.10.1 want: ^3.4.3
803 silly placeDep ROOT @eslint/object-schema@2.1.7 OK for: @eslint/config-array@0.21.2 want: ^2.1.7
804 silly placeDep ROOT @types/json-schema@7.0.15 OK for: @eslint/core@0.17.0 want: ^7.0.15
805 silly placeDep ROOT globals@14.0.0 OK for: @eslint/eslintrc@3.3.6 want: ^14.0.0
806 silly placeDep ROOT import-fresh@3.3.1 OK for: @eslint/eslintrc@3.3.6 want: ^3.2.1
807 silly placeDep ROOT js-yaml@4.3.0 OK for: @eslint/eslintrc@3.3.6 want: ^4.3.0
808 silly placeDep ROOT strip-json-comments@3.1.1 OK for: @eslint/eslintrc@3.3.6 want: ^3.1.1
809 silly fetch manifest resolve-from@^4.0.0
810 silly packumentCache full:https://registry.npmjs.org/resolve-from cache-miss
811 silly fetch manifest parent-module@^1.0.0
812 silly packumentCache full:https://registry.npmjs.org/parent-module cache-miss
813 silly fetch manifest argparse@^2.0.1
814 silly packumentCache full:https://registry.npmjs.org/argparse cache-miss
815 http fetch GET 200 https://registry.npmjs.org/parent-module 29ms (cache miss)
816 silly packumentCache full:https://registry.npmjs.org/parent-module set size:undefined disposed:false
817 http fetch GET 200 https://registry.npmjs.org/argparse 30ms (cache miss)
818 silly packumentCache full:https://registry.npmjs.org/argparse set size:undefined disposed:false
819 http fetch GET 200 https://registry.npmjs.org/resolve-from 315ms (cache miss)
820 silly packumentCache full:https://registry.npmjs.org/resolve-from set size:undefined disposed:false
821 silly placeDep ROOT levn@0.4.1 OK for: @eslint/plugin-kit@0.4.1 want: ^0.4.1
822 silly fetch manifest type-check@~0.4.0
823 silly packumentCache full:https://registry.npmjs.org/type-check cache-miss
824 http cache https://registry.npmjs.org/type-check 221ms (cache hit)
825 silly packumentCache full:https://registry.npmjs.org/type-check set size:21221 disposed:false
826 silly placeDep ROOT @humanfs/core@0.19.2 OK for: @humanfs/node@0.16.8 want: ^0.19.2
827 silly placeDep ROOT @humanfs/types@0.15.0 OK for: @humanfs/node@0.16.8 want: ^0.15.0
828 silly placeDep ROOT fast-json-stable-stringify@2.1.0 OK for: ajv@6.15.0 want: ^2.0.0
829 silly placeDep ROOT json-schema-traverse@0.4.1 OK for: ajv@6.15.0 want: ^0.4.1
830 silly placeDep ROOT uri-js@4.4.1 OK for: ajv@6.15.0 want: ^4.2.2
831 silly fetch manifest punycode@^2.1.0
832 silly packumentCache full:https://registry.npmjs.org/punycode cache-miss
833 http fetch GET 200 https://registry.npmjs.org/punycode 33ms (cache miss)
834 silly packumentCache full:https://registry.npmjs.org/punycode set size:undefined disposed:false
835 silly placeDep ROOT ansi-styles@4.3.0 OK for: chalk@4.1.2 want: ^4.1.0
836 silly placeDep ROOT supports-color@7.2.0 OK for: chalk@4.1.2 want: ^7.1.0
837 silly fetch manifest color-convert@^2.0.1
838 silly packumentCache full:https://registry.npmjs.org/color-convert cache-miss
839 silly fetch manifest has-flag@^4.0.0
840 silly packumentCache full:https://registry.npmjs.org/has-flag cache-miss
841 http fetch GET 200 https://registry.npmjs.org/has-flag 26ms (cache miss)
842 silly packumentCache full:https://registry.npmjs.org/has-flag set size:undefined disposed:false
843 http fetch GET 200 https://registry.npmjs.org/color-convert 40ms (cache miss)
844 silly packumentCache full:https://registry.npmjs.org/color-convert set size:undefined disposed:false
845 silly placeDep ROOT color-convert@2.0.1 OK for: ansi-styles@4.3.0 want: ^2.0.1
846 silly fetch manifest color-name@~1.1.4
847 silly packumentCache full:https://registry.npmjs.org/color-name cache-miss
848 http fetch GET 200 https://registry.npmjs.org/color-name 23ms (cache miss)
849 silly packumentCache full:https://registry.npmjs.org/color-name set size:undefined disposed:false
850 silly placeDep ROOT color-name@1.1.4 OK for: color-convert@2.0.1 want: ~1.1.4
851 silly placeDep ROOT path-key@3.1.1 OK for: cross-spawn@7.0.6 want: ^3.1.0
852 silly placeDep ROOT shebang-command@2.0.0 OK for: cross-spawn@7.0.6 want: ^2.0.0
853 silly placeDep ROOT which@2.0.2 OK for: cross-spawn@7.0.6 want: ^2.0.1
854 silly fetch manifest shebang-regex@^3.0.0
855 silly packumentCache full:https://registry.npmjs.org/shebang-regex cache-miss
856 silly fetch manifest isexe@^2.0.0
857 silly packumentCache full:https://registry.npmjs.org/isexe cache-miss
858 http fetch GET 200 https://registry.npmjs.org/shebang-regex 26ms (cache miss)
859 silly packumentCache full:https://registry.npmjs.org/shebang-regex set size:undefined disposed:false
860 http fetch GET 200 https://registry.npmjs.org/isexe 27ms (cache miss)
861 silly packumentCache full:https://registry.npmjs.org/isexe set size:undefined disposed:false
862 silly placeDep ROOT ms@2.1.3 OK for: debug@4.4.3 want: ^2.1.3
863 silly fetch manifest eslint@^7.23.0 || ^8.0.0 || ^9.0.0
864 silly packumentCache full:https://registry.npmjs.org/eslint cache-miss
865 http cache https://registry.npmjs.org/eslint 255ms (cache hit)
866 silly packumentCache full:https://registry.npmjs.org/eslint set size:2040662 disposed:false
867 silly fetch manifest typescript@>=3.3.1
868 silly packumentCache full:https://registry.npmjs.org/typescript cache-miss
869 http cache https://registry.npmjs.org/typescript 367ms (cache hit)
870 silly packumentCache full:https://registry.npmjs.org/typescript set size:15497205 disposed:false
871 silly fetch manifest typescript@>=4.8.4 <6.1.0
872 silly packumentCache full:https://registry.npmjs.org/typescript cache-miss
873 http cache https://registry.npmjs.org/typescript 76ms (cache hit)
874 silly packumentCache full:https://registry.npmjs.org/typescript set size:15497205 disposed:false
875 silly fetch manifest eslint-plugin-import-x@*
876 silly packumentCache full:https://registry.npmjs.org/eslint-plugin-import-x cache-miss
877 http fetch GET 200 https://registry.npmjs.org/eslint-plugin-import-x 50ms (cache miss)
878 silly packumentCache full:https://registry.npmjs.org/eslint-plugin-import-x set size:undefined disposed:false
879 silly fetch manifest @typescript-eslint/utils@^8.56.0
880 silly packumentCache full:https://registry.npmjs.org/@typescript-eslint%2futils cache-miss
881 http fetch GET 200 https://registry.npmjs.org/@typescript-eslint%2futils 724ms (cache miss)
882 silly packumentCache full:https://registry.npmjs.org/@typescript-eslint%2futils set size:undefined disposed:false
883 silly placeDep ROOT @next/eslint-plugin-next@15.5.22 OK for: eslint-config-next@15.5.22 want: 15.5.22
884 silly placeDep ROOT @rushstack/eslint-patch@1.16.1 OK for: eslint-config-next@15.5.22 want: ^1.10.3
885 silly placeDep ROOT @typescript-eslint/eslint-plugin@8.65.0 OK for: eslint-config-next@15.5.22 want: ^5.4.2 || ^6.0.0 || ^7.0.0 || ^8.0.0
886 silly placeDep ROOT @typescript-eslint/parser@8.65.0 OK for: @typescript-eslint/eslint-plugin@8.65.0 want: ^8.65.0
887 silly placeDep ROOT eslint-import-resolver-node@0.3.10 OK for: eslint-config-next@15.5.22 want: ^0.3.6
888 silly placeDep ROOT eslint-import-resolver-typescript@3.10.1 OK for: eslint-config-next@15.5.22 want: ^3.5.2
889 silly placeDep ROOT eslint-plugin-import@2.32.0 OK for: eslint-config-next@15.5.22 want: ^2.31.0
890 silly placeDep ROOT eslint-plugin-jsx-a11y@6.10.2 OK for: eslint-config-next@15.5.22 want: ^6.10.0
891 silly placeDep ROOT eslint-plugin-react@7.37.5 OK for: eslint-config-next@15.5.22 want: ^7.37.0
892 silly placeDep ROOT eslint-plugin-react-hooks@5.2.0 OK for: eslint-config-next@15.5.22 want: ^5.0.0
893 silly fetch manifest fast-glob@3.3.1
894 silly packumentCache full:https://registry.npmjs.org/fast-glob cache-miss
895 silly fetch manifest ignore@^7.0.5
896 silly packumentCache full:https://registry.npmjs.org/ignore cache-miss
897 silly fetch manifest ts-api-utils@^2.5.0
898 silly packumentCache full:https://registry.npmjs.org/ts-api-utils cache-miss
899 silly fetch manifest @typescript-eslint/utils@8.65.0
900 silly packumentCache full:https://registry.npmjs.org/@typescript-eslint%2futils cache-miss
901 silly fetch manifest @typescript-eslint/type-utils@8.65.0
902 silly packumentCache full:https://registry.npmjs.org/@typescript-eslint%2ftype-utils cache-miss
903 http cache https://registry.npmjs.org/fast-glob 681ms (cache hit)
904 silly packumentCache full:https://registry.npmjs.org/fast-glob set size:220556 disposed:false
905 silly fetch manifest @typescript-eslint/visitor-keys@8.65.0
906 silly packumentCache full:https://registry.npmjs.org/@typescript-eslint%2fvisitor-keys cache-miss
907 http cache https://registry.npmjs.org/ignore 684ms (cache hit)
908 silly packumentCache full:https://registry.npmjs.org/ignore set size:240910 disposed:false
909 silly fetch manifest @typescript-eslint/scope-manager@8.65.0
910 silly packumentCache full:https://registry.npmjs.org/@typescript-eslint%2fscope-manager cache-miss
911 http fetch GET 200 https://registry.npmjs.org/ts-api-utils 690ms (cache miss)
912 silly packumentCache full:https://registry.npmjs.org/ts-api-utils set size:undefined disposed:false
913 silly fetch manifest @typescript-eslint/types@8.65.0
914 silly packumentCache full:https://registry.npmjs.org/@typescript-eslint%2ftypes cache-miss
915 http cache https://registry.npmjs.org/@typescript-eslint%2futils 770ms (cache hit)
916 silly packumentCache full:https://registry.npmjs.org/@typescript-eslint%2futils set size:10602878 disposed:false
917 silly fetch manifest @typescript-eslint/visitor-keys@8.65.0
918 silly packumentCache full:https://registry.npmjs.org/@typescript-eslint%2fvisitor-keys cache-miss
919 http fetch GET 200 https://registry.npmjs.org/@typescript-eslint%2ftype-utils 2530ms (cache miss)
920 silly packumentCache full:https://registry.npmjs.org/@typescript-eslint%2ftype-utils set size:undefined disposed:false
921 silly fetch manifest @typescript-eslint/scope-manager@8.65.0
922 silly packumentCache full:https://registry.npmjs.org/@typescript-eslint%2fscope-manager cache-miss
923 http fetch GET 200 https://registry.npmjs.org/@typescript-eslint%2fvisitor-keys 3711ms (cache miss)
924 silly packumentCache full:https://registry.npmjs.org/@typescript-eslint%2fvisitor-keys set size:undefined disposed:false
925 silly fetch manifest @typescript-eslint/typescript-estree@8.65.0
926 silly packumentCache full:https://registry.npmjs.org/@typescript-eslint%2ftypescript-estree cache-miss
927 http fetch GET 200 https://registry.npmjs.org/@typescript-eslint%2ftypes 4480ms (cache miss)
928 silly packumentCache full:https://registry.npmjs.org/@typescript-eslint%2ftypes set size:undefined disposed:false
929 silly fetch manifest debug@^3.2.7
930 silly packumentCache full:https://registry.npmjs.org/debug cache-hit
931 silly fetch manifest resolve@^2.0.0-next.6
932 silly packumentCache full:https://registry.npmjs.org/resolve cache-miss
933 http cache https://registry.npmjs.org/resolve 67ms (cache hit)
934 silly packumentCache full:https://registry.npmjs.org/resolve set size:244568 disposed:false
935 silly fetch manifest is-core-module@^2.16.1
936 silly packumentCache full:https://registry.npmjs.org/is-core-module cache-miss
937 http fetch GET 200 https://registry.npmjs.org/@typescript-eslint%2fvisitor-keys 4634ms (cache miss)
938 silly packumentCache full:https://registry.npmjs.org/@typescript-eslint%2fvisitor-keys set size:undefined disposed:false
939 silly fetch manifest tinyglobby@^0.2.13
940 silly packumentCache full:https://registry.npmjs.org/tinyglobby cache-miss
941 http fetch GET 200 https://registry.npmjs.org/is-core-module 238ms (cache miss)
942 silly packumentCache full:https://registry.npmjs.org/is-core-module set size:undefined disposed:false
943 silly fetch manifest stable-hash@^0.0.5
944 silly packumentCache full:https://registry.npmjs.org/stable-hash cache-miss
945 http fetch GET 200 https://registry.npmjs.org/stable-hash 153ms (cache miss)
946 silly packumentCache full:https://registry.npmjs.org/stable-hash set size:undefined disposed:false
947 silly fetch manifest get-tsconfig@^4.10.0
948 silly packumentCache full:https://registry.npmjs.org/get-tsconfig cache-miss
949 http cache https://registry.npmjs.org/tinyglobby 176ms (cache hit)
950 silly packumentCache full:https://registry.npmjs.org/tinyglobby set size:54291 disposed:false
951 silly fetch manifest is-bun-module@^2.0.0
952 silly packumentCache full:https://registry.npmjs.org/is-bun-module cache-miss
953 http fetch GET 200 https://registry.npmjs.org/is-bun-module 167ms (cache miss)
954 silly packumentCache full:https://registry.npmjs.org/is-bun-module set size:undefined disposed:false
955 silly fetch manifest unrs-resolver@^1.6.2
956 silly packumentCache full:https://registry.npmjs.org/unrs-resolver cache-miss
957 http fetch GET 200 https://registry.npmjs.org/get-tsconfig 189ms (cache miss)
958 silly packumentCache full:https://registry.npmjs.org/get-tsconfig set size:undefined disposed:false
959 silly fetch manifest @nolyfill/is-core-module@1.0.39
960 silly packumentCache full:https://registry.npmjs.org/@nolyfill%2fis-core-module cache-miss
961 http fetch GET 200 https://registry.npmjs.org/unrs-resolver 220ms (cache miss)
962 silly packumentCache full:https://registry.npmjs.org/unrs-resolver set size:undefined disposed:false
963 silly fetch manifest @rtsao/scc@^1.1.0
964 silly packumentCache full:https://registry.npmjs.org/@rtsao%2fscc cache-miss
965 http fetch GET 200 https://registry.npmjs.org/@nolyfill%2fis-core-module 430ms (cache miss)
966 silly packumentCache full:https://registry.npmjs.org/@nolyfill%2fis-core-module set size:undefined disposed:false
967 silly fetch manifest array-includes@^3.1.9
968 silly packumentCache full:https://registry.npmjs.org/array-includes cache-miss
969 http fetch GET 200 https://registry.npmjs.org/array-includes 193ms (cache miss)
970 silly packumentCache full:https://registry.npmjs.org/array-includes set size:undefined disposed:false
971 silly fetch manifest array.prototype.findlastindex@^1.2.6
972 silly packumentCache full:https://registry.npmjs.org/array.prototype.findlastindex cache-miss
973 http fetch GET 200 https://registry.npmjs.org/@rtsao%2fscc 444ms (cache miss)
974 silly packumentCache full:https://registry.npmjs.org/@rtsao%2fscc set size:undefined disposed:false
975 silly fetch manifest array.prototype.flat@^1.3.3
976 silly packumentCache full:https://registry.npmjs.org/array.prototype.flat cache-miss
977 http fetch GET 200 https://registry.npmjs.org/array.prototype.flat 134ms (cache miss)
978 silly packumentCache full:https://registry.npmjs.org/array.prototype.flat set size:undefined disposed:false
979 silly fetch manifest array.prototype.flatmap@^1.3.3
980 silly packumentCache full:https://registry.npmjs.org/array.prototype.flatmap cache-miss
981 http fetch GET 200 https://registry.npmjs.org/array.prototype.findlastindex 159ms (cache miss)
982 silly packumentCache full:https://registry.npmjs.org/array.prototype.findlastindex set size:undefined disposed:false
983 silly fetch manifest doctrine@^2.1.0
984 silly packumentCache full:https://registry.npmjs.org/doctrine cache-miss
985 http fetch GET 200 https://registry.npmjs.org/doctrine 50ms (cache miss)
986 silly packumentCache full:https://registry.npmjs.org/doctrine set size:undefined disposed:false
987 silly fetch manifest eslint-module-utils@^2.12.1
988 silly packumentCache full:https://registry.npmjs.org/eslint-module-utils cache-miss
989 http fetch GET 200 https://registry.npmjs.org/array.prototype.flatmap 56ms (cache miss)
990 silly packumentCache full:https://registry.npmjs.org/array.prototype.flatmap set size:undefined disposed:false
991 silly fetch manifest hasown@^2.0.2
992 silly packumentCache full:https://registry.npmjs.org/hasown cache-miss
993 http fetch GET 200 https://registry.npmjs.org/hasown 35ms (cache miss)
994 silly packumentCache full:https://registry.npmjs.org/hasown set size:undefined disposed:false
995 silly fetch manifest object.fromentries@^2.0.8
996 silly packumentCache full:https://registry.npmjs.org/object.fromentries cache-miss
997 http fetch GET 200 https://registry.npmjs.org/eslint-module-utils 52ms (cache miss)
998 silly packumentCache full:https://registry.npmjs.org/eslint-module-utils set size:undefined disposed:false
999 silly fetch manifest object.groupby@^1.0.3
1000 silly packumentCache full:https://registry.npmjs.org/object.groupby cache-miss
1001 http fetch GET 200 https://registry.npmjs.org/@typescript-eslint%2ftypescript-estree 2341ms (cache miss)
1002 silly packumentCache full:https://registry.npmjs.org/@typescript-eslint%2ftypescript-estree set size:undefined disposed:false
1003 silly fetch manifest object.values@^1.2.1
1004 silly packumentCache full:https://registry.npmjs.org/object.values cache-miss
1005 http fetch GET 200 https://registry.npmjs.org/object.groupby 106ms (cache miss)
1006 silly packumentCache full:https://registry.npmjs.org/object.groupby set size:undefined disposed:false
1007 silly fetch manifest semver@^6.3.1
1008 silly packumentCache full:https://registry.npmjs.org/semver cache-miss
1009 http fetch GET 200 https://registry.npmjs.org/object.fromentries 123ms (cache miss)
1010 silly packumentCache full:https://registry.npmjs.org/object.fromentries set size:undefined disposed:false
1011 silly fetch manifest string.prototype.trimend@^1.0.9
1012 silly packumentCache full:https://registry.npmjs.org/string.prototype.trimend cache-miss
1013 http fetch GET 200 https://registry.npmjs.org/object.values 34ms (cache miss)
1014 silly packumentCache full:https://registry.npmjs.org/object.values set size:undefined disposed:false
1015 silly fetch manifest tsconfig-paths@^3.15.0
1016 silly packumentCache full:https://registry.npmjs.org/tsconfig-paths cache-miss
1017 http fetch GET 200 https://registry.npmjs.org/string.prototype.trimend 30ms (cache miss)
1018 silly packumentCache full:https://registry.npmjs.org/string.prototype.trimend set size:undefined disposed:false
1019 silly fetch manifest aria-query@^5.3.2
1020 silly packumentCache full:https://registry.npmjs.org/aria-query cache-miss
1021 http fetch GET 200 https://registry.npmjs.org/semver 67ms (cache miss)
1022 silly packumentCache full:https://registry.npmjs.org/semver set size:undefined disposed:false
1023 silly fetch manifest array-includes@^3.1.8
1024 silly packumentCache full:https://registry.npmjs.org/array-includes cache-miss
1025 http fetch GET 200 https://registry.npmjs.org/tsconfig-paths 57ms (cache miss)
1026 silly packumentCache full:https://registry.npmjs.org/tsconfig-paths set size:undefined disposed:false
1027 silly fetch manifest array.prototype.flatmap@^1.3.2
1028 silly packumentCache full:https://registry.npmjs.org/array.prototype.flatmap cache-miss
1029 http fetch GET 200 https://registry.npmjs.org/@typescript-eslint%2fscope-manager 4430ms (cache miss)
1030 silly packumentCache full:https://registry.npmjs.org/@typescript-eslint%2fscope-manager set size:undefined disposed:false
1031 silly fetch manifest ast-types-flow@^0.0.8
1032 silly packumentCache full:https://registry.npmjs.org/ast-types-flow cache-miss
1033 http cache https://registry.npmjs.org/array-includes 106ms (cache hit)
1034 silly packumentCache full:https://registry.npmjs.org/array-includes set size:77143 disposed:false
1035 silly fetch manifest axe-core@^4.10.0
1036 silly packumentCache full:https://registry.npmjs.org/axe-core cache-miss
1037 http fetch GET 200 https://registry.npmjs.org/aria-query 188ms (cache miss)
1038 silly packumentCache full:https://registry.npmjs.org/aria-query set size:undefined disposed:false
1039 silly fetch manifest axobject-query@^4.1.0
1040 silly packumentCache full:https://registry.npmjs.org/axobject-query cache-miss
1041 http fetch GET 200 https://registry.npmjs.org/ast-types-flow 55ms (cache miss)
1042 silly packumentCache full:https://registry.npmjs.org/ast-types-flow set size:undefined disposed:false
1043 silly fetch manifest damerau-levenshtein@^1.0.8
1044 silly packumentCache full:https://registry.npmjs.org/damerau-levenshtein cache-miss
1045 http cache https://registry.npmjs.org/array.prototype.flatmap 156ms (cache hit)
1046 silly packumentCache full:https://registry.npmjs.org/array.prototype.flatmap set size:51458 disposed:false
1047 silly fetch manifest emoji-regex@^9.2.2
1048 silly packumentCache full:https://registry.npmjs.org/emoji-regex cache-miss
1049 http fetch GET 200 https://registry.npmjs.org/damerau-levenshtein 40ms (cache miss)
1050 silly packumentCache full:https://registry.npmjs.org/damerau-levenshtein set size:undefined disposed:false
1051 silly fetch manifest jsx-ast-utils@^3.3.5
1052 silly packumentCache full:https://registry.npmjs.org/jsx-ast-utils cache-miss
1053 http fetch GET 200 https://registry.npmjs.org/emoji-regex 49ms (cache miss)
1054 silly packumentCache full:https://registry.npmjs.org/emoji-regex set size:undefined disposed:false
1055 silly fetch manifest language-tags@^1.0.9
1056 silly packumentCache full:https://registry.npmjs.org/language-tags cache-miss
1057 http fetch GET 200 https://registry.npmjs.org/axobject-query 59ms (cache miss)
1058 silly packumentCache full:https://registry.npmjs.org/axobject-query set size:undefined disposed:false
1059 silly fetch manifest safe-regex-test@^1.0.3
1060 silly packumentCache full:https://registry.npmjs.org/safe-regex-test cache-miss
1061 http fetch GET 200 https://registry.npmjs.org/jsx-ast-utils 42ms (cache miss)
1062 silly packumentCache full:https://registry.npmjs.org/jsx-ast-utils set size:undefined disposed:false
1063 silly fetch manifest string.prototype.includes@^2.0.1
1064 silly packumentCache full:https://registry.npmjs.org/string.prototype.includes cache-miss
1065 http fetch GET 200 https://registry.npmjs.org/safe-regex-test 61ms (cache miss)
1066 silly packumentCache full:https://registry.npmjs.org/safe-regex-test set size:undefined disposed:false
1067 silly fetch manifest array.prototype.findlast@^1.2.5
1068 silly packumentCache full:https://registry.npmjs.org/array.prototype.findlast cache-miss
1069 http fetch GET 200 https://registry.npmjs.org/string.prototype.includes 234ms (cache miss)
1070 silly packumentCache full:https://registry.npmjs.org/string.prototype.includes set size:undefined disposed:false
1071 silly fetch manifest array.prototype.tosorted@^1.1.4
1072 silly packumentCache full:https://registry.npmjs.org/array.prototype.tosorted cache-miss
1073 http fetch GET 200 https://registry.npmjs.org/language-tags 273ms (cache miss)
1074 silly packumentCache full:https://registry.npmjs.org/language-tags set size:undefined disposed:false
1075 silly fetch manifest es-iterator-helpers@^1.2.1
1076 silly packumentCache full:https://registry.npmjs.org/es-iterator-helpers cache-miss
1077 http fetch GET 200 https://registry.npmjs.org/array.prototype.findlast 210ms (cache miss)
1078 silly packumentCache full:https://registry.npmjs.org/array.prototype.findlast set size:undefined disposed:false
1079 silly fetch manifest estraverse@^5.3.0
1080 silly packumentCache full:https://registry.npmjs.org/estraverse cache-miss
1081 http fetch GET 200 https://registry.npmjs.org/array.prototype.tosorted 164ms (cache miss)
1082 silly packumentCache full:https://registry.npmjs.org/array.prototype.tosorted set size:undefined disposed:false
1083 silly fetch manifest jsx-ast-utils@^2.4.1 || ^3.0.0
1084 silly packumentCache full:https://registry.npmjs.org/jsx-ast-utils cache-miss
1085 http fetch GET 200 https://registry.npmjs.org/es-iterator-helpers 160ms (cache miss)
1086 silly packumentCache full:https://registry.npmjs.org/es-iterator-helpers set size:undefined disposed:false
1087 silly fetch manifest object.entries@^1.1.9
1088 silly packumentCache full:https://registry.npmjs.org/object.entries cache-miss
1089 http cache https://registry.npmjs.org/estraverse 162ms (cache hit)
1090 silly packumentCache full:https://registry.npmjs.org/estraverse set size:62412 disposed:false
1091 silly fetch manifest prop-types@^15.8.1
1092 silly packumentCache full:https://registry.npmjs.org/prop-types cache-miss
1093 http fetch GET 200 https://registry.npmjs.org/object.entries 199ms (cache miss)
1094 silly packumentCache full:https://registry.npmjs.org/object.entries set size:undefined disposed:false
1095 silly fetch manifest resolve@^2.0.0-next.5
1096 silly packumentCache full:https://registry.npmjs.org/resolve cache-hit
1097 silly fetch manifest string.prototype.matchall@^4.0.12
1098 silly packumentCache full:https://registry.npmjs.org/string.prototype.matchall cache-miss
1099 http fetch GET 200 https://registry.npmjs.org/prop-types 200ms (cache miss)
1100 silly packumentCache full:https://registry.npmjs.org/prop-types set size:undefined disposed:false
1101 silly fetch manifest string.prototype.repeat@^1.0.0
1102 silly packumentCache full:https://registry.npmjs.org/string.prototype.repeat cache-miss
1103 http cache https://registry.npmjs.org/jsx-ast-utils 211ms (cache hit)
1104 silly packumentCache full:https://registry.npmjs.org/jsx-ast-utils set size:115998 disposed:false
1105 http fetch GET 200 https://registry.npmjs.org/axe-core 1056ms (cache miss)
1106 silly packumentCache full:https://registry.npmjs.org/axe-core set size:undefined disposed:false
1107 http fetch GET 200 https://registry.npmjs.org/string.prototype.repeat 374ms (cache miss)
1108 silly packumentCache full:https://registry.npmjs.org/string.prototype.repeat set size:undefined disposed:false
1109 http fetch GET 200 https://registry.npmjs.org/string.prototype.matchall 379ms (cache miss)
1110 silly packumentCache full:https://registry.npmjs.org/string.prototype.matchall set size:undefined disposed:false
1111 http fetch GET 200 https://registry.npmjs.org/@typescript-eslint%2fscope-manager 7883ms (cache miss)
1112 silly packumentCache full:https://registry.npmjs.org/@typescript-eslint%2fscope-manager set size:undefined disposed:false
1113 silly placeDep ROOT fast-glob@3.3.1 OK for: @next/eslint-plugin-next@15.5.22 want: 3.3.1
1114 silly fetch manifest merge2@^1.3.0
1115 silly packumentCache full:https://registry.npmjs.org/merge2 cache-miss
1116 silly fetch manifest micromatch@^4.0.4
1117 silly packumentCache full:https://registry.npmjs.org/micromatch cache-miss
1118 silly fetch manifest glob-parent@^5.1.2
1119 silly packumentCache full:https://registry.npmjs.org/glob-parent cache-miss
1120 silly fetch manifest @nodelib/fs.stat@^2.0.2
1121 silly packumentCache full:https://registry.npmjs.org/@nodelib%2ffs.stat cache-miss
1122 silly fetch manifest @nodelib/fs.walk@^1.2.3
1123 silly packumentCache full:https://registry.npmjs.org/@nodelib%2ffs.walk cache-miss
1124 http fetch GET 200 https://registry.npmjs.org/@nodelib%2ffs.stat 77ms (cache miss)
1125 silly packumentCache full:https://registry.npmjs.org/@nodelib%2ffs.stat set size:undefined disposed:false
1126 http cache https://registry.npmjs.org/glob-parent 79ms (cache hit)
1127 silly packumentCache full:https://registry.npmjs.org/glob-parent set size:42445 disposed:false
1128 http fetch GET 200 https://registry.npmjs.org/merge2 82ms (cache miss)
1129 silly packumentCache full:https://registry.npmjs.org/merge2 set size:undefined disposed:false
1130 http fetch GET 200 https://registry.npmjs.org/@nodelib%2ffs.walk 82ms (cache miss)
1131 silly packumentCache full:https://registry.npmjs.org/@nodelib%2ffs.walk set size:undefined disposed:false
1132 http cache https://registry.npmjs.org/micromatch 110ms (cache hit)
1133 silly packumentCache full:https://registry.npmjs.org/micromatch set size:240630 disposed:false
1134 silly fetch manifest eslint@^8.57.0 || ^9.0.0 || ^10.0.0
1135 silly packumentCache full:https://registry.npmjs.org/eslint cache-miss
1136 http cache https://registry.npmjs.org/eslint 10ms (cache hit)
1137 silly packumentCache full:https://registry.npmjs.org/eslint set size:2040662 disposed:false
1138 silly placeDep ROOT @typescript-eslint/scope-manager@8.65.0 OK for: @typescript-eslint/eslint-plugin@8.65.0 want: 8.65.0
1139 silly placeDep ROOT @typescript-eslint/type-utils@8.65.0 OK for: @typescript-eslint/eslint-plugin@8.65.0 want: 8.65.0
1140 silly placeDep ROOT @typescript-eslint/utils@8.65.0 OK for: @typescript-eslint/eslint-plugin@8.65.0 want: 8.65.0
1141 silly placeDep ROOT @typescript-eslint/visitor-keys@8.65.0 OK for: @typescript-eslint/eslint-plugin@8.65.0 want: 8.65.0
1142 silly placeDep node_modules/@typescript-eslint/eslint-plugin ignore@7.0.6 OK for: @typescript-eslint/eslint-plugin@8.65.0 want: ^7.0.5
1143 silly placeDep ROOT ts-api-utils@2.5.0 OK for: @typescript-eslint/eslint-plugin@8.65.0 want: ^2.5.0
1144 silly fetch manifest eslint-visitor-keys@^5.0.0
1145 silly packumentCache full:https://registry.npmjs.org/eslint-visitor-keys cache-hit
1146 silly placeDep ROOT @typescript-eslint/types@8.65.0 OK for: @typescript-eslint/parser@8.65.0 want: 8.65.0
1147 silly placeDep ROOT @typescript-eslint/typescript-estree@8.65.0 OK for: @typescript-eslint/parser@8.65.0 want: 8.65.0
1148 silly fetch manifest semver@^7.7.3
1149 silly packumentCache full:https://registry.npmjs.org/semver cache-miss
1150 silly fetch manifest minimatch@^10.2.2
1151 silly packumentCache full:https://registry.npmjs.org/minimatch cache-miss
1152 silly fetch manifest tinyglobby@^0.2.15
1153 silly packumentCache full:https://registry.npmjs.org/tinyglobby cache-hit
1154 silly fetch manifest @typescript-eslint/tsconfig-utils@8.65.0
1155 silly packumentCache full:https://registry.npmjs.org/@typescript-eslint%2ftsconfig-utils cache-miss
1156 silly fetch manifest @typescript-eslint/project-service@8.65.0
1157 silly packumentCache full:https://registry.npmjs.org/@typescript-eslint%2fproject-service cache-miss
1158 http cache https://registry.npmjs.org/semver 48ms (cache hit)
1159 silly packumentCache full:https://registry.npmjs.org/semver set size:246069 disposed:false
1160 http cache https://registry.npmjs.org/minimatch 55ms (cache hit)
1161 silly packumentCache full:https://registry.npmjs.org/minimatch set size:377924 disposed:false
1162 http fetch GET 200 https://registry.npmjs.org/@typescript-eslint%2fproject-service 122ms (cache miss)
1163 silly packumentCache full:https://registry.npmjs.org/@typescript-eslint%2fproject-service set size:undefined disposed:false
1164 http fetch GET 200 https://registry.npmjs.org/@typescript-eslint%2ftsconfig-utils 172ms (cache miss)
1165 silly packumentCache full:https://registry.npmjs.org/@typescript-eslint%2ftsconfig-utils set size:undefined disposed:false
1166 silly placeDep ROOT @typescript-eslint/project-service@8.65.0 OK for: @typescript-eslint/typescript-estree@8.65.0 want: 8.65.0
1167 silly placeDep ROOT @typescript-eslint/tsconfig-utils@8.65.0 OK for: @typescript-eslint/typescript-estree@8.65.0 want: 8.65.0
1168 silly placeDep node_modules/@typescript-eslint/typescript-estree minimatch@10.2.6 OK for: @typescript-eslint/typescript-estree@8.65.0 want: ^10.2.2
1169 silly placeDep ROOT semver@7.8.5 OK for: @typescript-eslint/typescript-estree@8.65.0 want: ^7.7.3
1170 silly placeDep ROOT tinyglobby@0.2.17 OK for: @typescript-eslint/typescript-estree@8.65.0 want: ^0.2.15
1171 silly fetch manifest @typescript-eslint/tsconfig-utils@^8.65.0
1172 silly packumentCache full:https://registry.npmjs.org/@typescript-eslint%2ftsconfig-utils cache-miss
1173 silly fetch manifest brace-expansion@^5.0.8
1174 silly packumentCache full:https://registry.npmjs.org/brace-expansion cache-miss
1175 silly fetch manifest fdir@^6.5.0
1176 silly packumentCache full:https://registry.npmjs.org/fdir cache-miss
1177 silly fetch manifest picomatch@^4.0.4
1178 silly packumentCache full:https://registry.npmjs.org/picomatch cache-miss
1179 http fetch GET 200 https://registry.npmjs.org/fdir 60ms (cache miss)
1180 silly packumentCache full:https://registry.npmjs.org/fdir set size:undefined disposed:false
1181 http cache https://registry.npmjs.org/picomatch 66ms (cache hit)
1182 silly packumentCache full:https://registry.npmjs.org/picomatch set size:128942 disposed:false
1183 http cache https://registry.npmjs.org/brace-expansion 70ms (cache hit)
1184 silly packumentCache full:https://registry.npmjs.org/brace-expansion set size:101024 disposed:false
1185 http cache https://registry.npmjs.org/@typescript-eslint%2ftsconfig-utils 195ms (cache hit)
1186 silly packumentCache full:https://registry.npmjs.org/@typescript-eslint%2ftsconfig-utils set size:1627246 disposed:false
1187 silly placeDep node_modules/@typescript-eslint/visitor-keys eslint-visitor-keys@5.0.1 OK for: @typescript-eslint/visitor-keys@8.65.0 want: ^5.0.0
1188 silly placeDep node_modules/eslint-import-resolver-node debug@3.2.7 OK for: eslint-import-resolver-node@0.3.10 want: ^3.2.7
1189 silly placeDep ROOT is-core-module@2.16.2 OK for: eslint-import-resolver-node@0.3.10 want: ^2.16.1
1190 silly placeDep ROOT resolve@2.0.0-next.7 OK for: eslint-import-resolver-node@0.3.10 want: ^2.0.0-next.6
1191 silly fetch manifest hasown@^2.0.3
1192 silly packumentCache full:https://registry.npmjs.org/hasown cache-miss
1193 silly fetch manifest es-errors@^1.3.0
1194 silly packumentCache full:https://registry.npmjs.org/es-errors cache-miss
1195 silly fetch manifest node-exports-info@^1.6.0
1196 silly packumentCache full:https://registry.npmjs.org/node-exports-info cache-miss
1197 silly fetch manifest object-keys@^1.1.1
1198 silly packumentCache full:https://registry.npmjs.org/object-keys cache-miss
1199 silly fetch manifest path-parse@^1.0.7
1200 silly packumentCache full:https://registry.npmjs.org/path-parse cache-miss
1201 http cache https://registry.npmjs.org/hasown 11ms (cache hit)
1202 silly packumentCache full:https://registry.npmjs.org/hasown set size:18361 disposed:false
1203 silly fetch manifest supports-preserve-symlinks-flag@^1.0.0
1204 silly packumentCache full:https://registry.npmjs.org/supports-preserve-symlinks-flag cache-miss
1205 http fetch GET 200 https://registry.npmjs.org/es-errors 24ms (cache miss)
1206 silly packumentCache full:https://registry.npmjs.org/es-errors set size:undefined disposed:false
1207 http fetch GET 200 https://registry.npmjs.org/supports-preserve-symlinks-flag 27ms (cache miss)
1208 silly packumentCache full:https://registry.npmjs.org/supports-preserve-symlinks-flag set size:undefined disposed:false
1209 http fetch GET 200 https://registry.npmjs.org/object-keys 39ms (cache miss)
1210 silly packumentCache full:https://registry.npmjs.org/object-keys set size:undefined disposed:false
1211 http fetch GET 200 https://registry.npmjs.org/path-parse 39ms (cache miss)
1212 silly packumentCache full:https://registry.npmjs.org/path-parse set size:undefined disposed:false
1213 http fetch GET 200 https://registry.npmjs.org/node-exports-info 41ms (cache miss)
1214 silly packumentCache full:https://registry.npmjs.org/node-exports-info set size:undefined disposed:false
1215 silly placeDep ROOT @nolyfill/is-core-module@1.0.39 OK for: eslint-import-resolver-typescript@3.10.1 want: 1.0.39
1216 silly placeDep ROOT get-tsconfig@4.14.0 OK for: eslint-import-resolver-typescript@3.10.1 want: ^4.10.0
1217 silly placeDep ROOT is-bun-module@2.0.0 OK for: eslint-import-resolver-typescript@3.10.1 want: ^2.0.0
1218 silly placeDep ROOT stable-hash@0.0.5 OK for: eslint-import-resolver-typescript@3.10.1 want: ^0.0.5
1219 silly placeDep ROOT unrs-resolver@1.12.2 OK for: eslint-import-resolver-typescript@3.10.1 want: ^1.6.2
1220 silly fetch manifest resolve-pkg-maps@^1.0.0
1221 silly packumentCache full:https://registry.npmjs.org/resolve-pkg-maps cache-miss
1222 silly fetch manifest napi-postinstall@^0.3.4
1223 silly packumentCache full:https://registry.npmjs.org/napi-postinstall cache-miss
1224 silly fetch manifest @unrs/resolver-binding-darwin-arm64@1.12.2
1225 silly packumentCache full:https://registry.npmjs.org/@unrs%2fresolver-binding-darwin-arm64 cache-miss
1226 silly fetch manifest @unrs/resolver-binding-android-arm64@1.12.2
1227 silly packumentCache full:https://registry.npmjs.org/@unrs%2fresolver-binding-android-arm64 cache-miss
1228 silly fetch manifest @unrs/resolver-binding-win32-arm64-msvc@1.12.2
1229 silly packumentCache full:https://registry.npmjs.org/@unrs%2fresolver-binding-win32-arm64-msvc cache-miss
1230 http fetch GET 200 https://registry.npmjs.org/resolve-pkg-maps 26ms (cache miss)
1231 silly packumentCache full:https://registry.npmjs.org/resolve-pkg-maps set size:undefined disposed:false
1232 silly fetch manifest @unrs/resolver-binding-linux-arm64-gnu@1.12.2
1233 silly packumentCache full:https://registry.npmjs.org/@unrs%2fresolver-binding-linux-arm64-gnu cache-miss
1234 http fetch GET 200 https://registry.npmjs.org/napi-postinstall 28ms (cache miss)
1235 silly packumentCache full:https://registry.npmjs.org/napi-postinstall set size:undefined disposed:false
1236 silly fetch manifest @unrs/resolver-binding-linux-arm64-musl@1.12.2
1237 silly packumentCache full:https://registry.npmjs.org/@unrs%2fresolver-binding-linux-arm64-musl cache-miss
1238 http fetch GET 200 https://registry.npmjs.org/@unrs%2fresolver-binding-win32-arm64-msvc 36ms (cache miss)
1239 silly packumentCache full:https://registry.npmjs.org/@unrs%2fresolver-binding-win32-arm64-msvc set size:undefined disposed:false
1240 silly fetch manifest @unrs/resolver-binding-openharmony-arm64@1.12.2
1241 silly packumentCache full:https://registry.npmjs.org/@unrs%2fresolver-binding-openharmony-arm64 cache-miss
1242 http fetch GET 200 https://registry.npmjs.org/@unrs%2fresolver-binding-android-arm64 40ms (cache miss)
1243 silly packumentCache full:https://registry.npmjs.org/@unrs%2fresolver-binding-android-arm64 set size:undefined disposed:false
1244 silly fetch manifest @unrs/resolver-binding-android-arm-eabi@1.12.2
1245 silly packumentCache full:https://registry.npmjs.org/@unrs%2fresolver-binding-android-arm-eabi cache-miss
1246 http fetch GET 200 https://registry.npmjs.org/@unrs%2fresolver-binding-linux-arm64-gnu 33ms (cache miss)
1247 silly packumentCache full:https://registry.npmjs.org/@unrs%2fresolver-binding-linux-arm64-gnu set size:undefined disposed:false
1248 silly fetch manifest @unrs/resolver-binding-linux-arm-gnueabihf@1.12.2
1249 silly packumentCache full:https://registry.npmjs.org/@unrs%2fresolver-binding-linux-arm-gnueabihf cache-miss
1250 http fetch GET 200 https://registry.npmjs.org/@unrs%2fresolver-binding-openharmony-arm64 26ms (cache miss)
1251 silly packumentCache full:https://registry.npmjs.org/@unrs%2fresolver-binding-openharmony-arm64 set size:undefined disposed:false
1252 silly fetch manifest @unrs/resolver-binding-linux-arm-musleabihf@1.12.2
1253 silly packumentCache full:https://registry.npmjs.org/@unrs%2fresolver-binding-linux-arm-musleabihf cache-miss
1254 http fetch GET 200 https://registry.npmjs.org/@unrs%2fresolver-binding-android-arm-eabi 36ms (cache miss)
1255 silly packumentCache full:https://registry.npmjs.org/@unrs%2fresolver-binding-android-arm-eabi set size:undefined disposed:false
1256 silly fetch manifest @unrs/resolver-binding-win32-ia32-msvc@1.12.2
1257 silly packumentCache full:https://registry.npmjs.org/@unrs%2fresolver-binding-win32-ia32-msvc cache-miss
1258 http fetch GET 200 https://registry.npmjs.org/@unrs%2fresolver-binding-linux-arm-gnueabihf 34ms (cache miss)
1259 silly packumentCache full:https://registry.npmjs.org/@unrs%2fresolver-binding-linux-arm-gnueabihf set size:undefined disposed:false
1260 silly fetch manifest @unrs/resolver-binding-linux-loong64-gnu@1.12.2
1261 silly packumentCache full:https://registry.npmjs.org/@unrs%2fresolver-binding-linux-loong64-gnu cache-miss
1262 http fetch GET 200 https://registry.npmjs.org/@unrs%2fresolver-binding-linux-arm64-musl 237ms (cache miss)
1263 silly packumentCache full:https://registry.npmjs.org/@unrs%2fresolver-binding-linux-arm64-musl set size:undefined disposed:false
1264 silly fetch manifest @unrs/resolver-binding-linux-loong64-musl@1.12.2
1265 silly packumentCache full:https://registry.npmjs.org/@unrs%2fresolver-binding-linux-loong64-musl cache-miss
1266 http fetch GET 200 https://registry.npmjs.org/@unrs%2fresolver-binding-linux-loong64-musl 39ms (cache miss)
1267 silly packumentCache full:https://registry.npmjs.org/@unrs%2fresolver-binding-linux-loong64-musl set size:undefined disposed:false
1268 silly fetch manifest @unrs/resolver-binding-linux-ppc64-gnu@1.12.2
1269 silly packumentCache full:https://registry.npmjs.org/@unrs%2fresolver-binding-linux-ppc64-gnu cache-miss
1270 http fetch GET 200 https://registry.npmjs.org/@unrs%2fresolver-binding-darwin-arm64 312ms (cache miss)
1271 silly packumentCache full:https://registry.npmjs.org/@unrs%2fresolver-binding-darwin-arm64 set size:undefined disposed:false
1272 silly fetch manifest @unrs/resolver-binding-linux-riscv64-gnu@1.12.2
1273 silly packumentCache full:https://registry.npmjs.org/@unrs%2fresolver-binding-linux-riscv64-gnu cache-miss
1274 http fetch GET 200 https://registry.npmjs.org/@unrs%2fresolver-binding-linux-loong64-gnu 225ms (cache miss)
1275 silly packumentCache full:https://registry.npmjs.org/@unrs%2fresolver-binding-linux-loong64-gnu set size:undefined disposed:false
1276 silly fetch manifest @unrs/resolver-binding-linux-riscv64-musl@1.12.2
1277 silly packumentCache full:https://registry.npmjs.org/@unrs%2fresolver-binding-linux-riscv64-musl cache-miss
1278 http fetch GET 200 https://registry.npmjs.org/@unrs%2fresolver-binding-linux-ppc64-gnu 29ms (cache miss)
1279 silly packumentCache full:https://registry.npmjs.org/@unrs%2fresolver-binding-linux-ppc64-gnu set size:undefined disposed:false
1280 silly fetch manifest @unrs/resolver-binding-linux-s390x-gnu@1.12.2
1281 silly packumentCache full:https://registry.npmjs.org/@unrs%2fresolver-binding-linux-s390x-gnu cache-miss
1282 http fetch GET 200 https://registry.npmjs.org/@unrs%2fresolver-binding-linux-riscv64-musl 28ms (cache miss)
1283 silly packumentCache full:https://registry.npmjs.org/@unrs%2fresolver-binding-linux-riscv64-musl set size:undefined disposed:false
1284 silly fetch manifest @unrs/resolver-binding-wasm32-wasi@1.12.2
1285 silly packumentCache full:https://registry.npmjs.org/@unrs%2fresolver-binding-wasm32-wasi cache-miss
1286 http fetch GET 200 https://registry.npmjs.org/@unrs%2fresolver-binding-linux-arm-musleabihf 298ms (cache miss)
1287 silly packumentCache full:https://registry.npmjs.org/@unrs%2fresolver-binding-linux-arm-musleabihf set size:undefined disposed:false
1288 silly fetch manifest @unrs/resolver-binding-darwin-x64@1.12.2
1289 silly packumentCache full:https://registry.npmjs.org/@unrs%2fresolver-binding-darwin-x64 cache-miss
1290 http fetch GET 200 https://registry.npmjs.org/@unrs%2fresolver-binding-win32-ia32-msvc 292ms (cache miss)
1291 silly packumentCache full:https://registry.npmjs.org/@unrs%2fresolver-binding-win32-ia32-msvc set size:undefined disposed:false
1292 silly fetch manifest @unrs/resolver-binding-win32-x64-msvc@1.12.2
1293 silly packumentCache full:https://registry.npmjs.org/@unrs%2fresolver-binding-win32-x64-msvc cache-miss
1294 http fetch GET 200 https://registry.npmjs.org/@unrs%2fresolver-binding-linux-s390x-gnu 36ms (cache miss)
1295 silly packumentCache full:https://registry.npmjs.org/@unrs%2fresolver-binding-linux-s390x-gnu set size:undefined disposed:false
1296 silly fetch manifest @unrs/resolver-binding-freebsd-x64@1.12.2
1297 silly packumentCache full:https://registry.npmjs.org/@unrs%2fresolver-binding-freebsd-x64 cache-miss
1298 http fetch GET 200 https://registry.npmjs.org/@unrs%2fresolver-binding-win32-x64-msvc 31ms (cache miss)
1299 silly packumentCache full:https://registry.npmjs.org/@unrs%2fresolver-binding-win32-x64-msvc set size:undefined disposed:false
1300 silly fetch manifest @unrs/resolver-binding-linux-x64-gnu@1.12.2
1301 silly packumentCache full:https://registry.npmjs.org/@unrs%2fresolver-binding-linux-x64-gnu cache-miss
1302 http fetch GET 200 https://registry.npmjs.org/@unrs%2fresolver-binding-freebsd-x64 40ms (cache miss)
1303 silly packumentCache full:https://registry.npmjs.org/@unrs%2fresolver-binding-freebsd-x64 set size:undefined disposed:false
1304 silly fetch manifest @unrs/resolver-binding-linux-x64-musl@1.12.2
1305 silly packumentCache full:https://registry.npmjs.org/@unrs%2fresolver-binding-linux-x64-musl cache-miss
1306 http fetch GET 200 https://registry.npmjs.org/@unrs%2fresolver-binding-linux-x64-gnu 28ms (cache miss)
1307 silly packumentCache full:https://registry.npmjs.org/@unrs%2fresolver-binding-linux-x64-gnu set size:undefined disposed:false
1308 http fetch GET 200 https://registry.npmjs.org/@unrs%2fresolver-binding-linux-x64-musl 37ms (cache miss)
1309 silly packumentCache full:https://registry.npmjs.org/@unrs%2fresolver-binding-linux-x64-musl set size:undefined disposed:false
1310 http fetch GET 200 https://registry.npmjs.org/@unrs%2fresolver-binding-linux-riscv64-gnu 299ms (cache miss)
1311 silly packumentCache full:https://registry.npmjs.org/@unrs%2fresolver-binding-linux-riscv64-gnu set size:undefined disposed:false
1312 http fetch GET 200 https://registry.npmjs.org/@unrs%2fresolver-binding-wasm32-wasi 285ms (cache miss)
1313 silly packumentCache full:https://registry.npmjs.org/@unrs%2fresolver-binding-wasm32-wasi set size:undefined disposed:false
1314 http fetch GET 200 https://registry.npmjs.org/@unrs%2fresolver-binding-darwin-x64 280ms (cache miss)
1315 silly packumentCache full:https://registry.npmjs.org/@unrs%2fresolver-binding-darwin-x64 set size:undefined disposed:false
1316 silly placeDep ROOT @rtsao/scc@1.1.0 OK for: eslint-plugin-import@2.32.0 want: ^1.1.0
1317 silly placeDep ROOT array-includes@3.1.9 OK for: eslint-plugin-import@2.32.0 want: ^3.1.9
1318 silly placeDep ROOT array.prototype.findlastindex@1.2.6 OK for: eslint-plugin-import@2.32.0 want: ^1.2.6
1319 silly placeDep ROOT array.prototype.flat@1.3.3 OK for: eslint-plugin-import@2.32.0 want: ^1.3.3
1320 silly placeDep ROOT array.prototype.flatmap@1.3.3 OK for: eslint-plugin-import@2.32.0 want: ^1.3.3
1321 silly placeDep node_modules/eslint-plugin-import debug@3.2.7 OK for: eslint-plugin-import@2.32.0 want: ^3.2.7
1322 silly placeDep ROOT doctrine@2.1.0 OK for: eslint-plugin-import@2.32.0 want: ^2.1.0
1323 silly placeDep ROOT eslint-module-utils@2.14.0 OK for: eslint-plugin-import@2.32.0 want: ^2.12.1
1324 silly placeDep ROOT hasown@2.0.4 OK for: eslint-plugin-import@2.32.0 want: ^2.0.2
1325 silly placeDep ROOT object.fromentries@2.0.8 OK for: eslint-plugin-import@2.32.0 want: ^2.0.8
1326 silly placeDep ROOT object.groupby@1.0.3 OK for: eslint-plugin-import@2.32.0 want: ^1.0.3
1327 silly placeDep ROOT object.values@1.2.1 OK for: eslint-plugin-import@2.32.0 want: ^1.2.1
1328 silly placeDep node_modules/eslint-plugin-import semver@6.3.1 OK for: eslint-plugin-import@2.32.0 want: ^6.3.1
1329 silly placeDep ROOT string.prototype.trimend@1.0.10 OK for: eslint-plugin-import@2.32.0 want: ^1.0.9
1330 silly placeDep ROOT tsconfig-paths@3.15.0 OK for: eslint-plugin-import@2.32.0 want: ^3.15.0
1331 silly fetch manifest call-bind@^1.0.8
1332 silly packumentCache full:https://registry.npmjs.org/call-bind cache-miss
1333 silly fetch manifest call-bound@^1.0.4
1334 silly packumentCache full:https://registry.npmjs.org/call-bound cache-miss
1335 silly fetch manifest define-properties@^1.2.1
1336 silly packumentCache full:https://registry.npmjs.org/define-properties cache-miss
1337 silly fetch manifest es-abstract@^1.24.0
1338 silly packumentCache full:https://registry.npmjs.org/es-abstract cache-miss
1339 silly fetch manifest es-object-atoms@^1.1.1
1340 silly packumentCache full:https://registry.npmjs.org/es-object-atoms cache-miss
1341 http fetch GET 200 https://registry.npmjs.org/es-object-atoms 22ms (cache miss)
1342 silly packumentCache full:https://registry.npmjs.org/es-object-atoms set size:undefined disposed:false
1343 silly fetch manifest get-intrinsic@^1.3.0
1344 silly packumentCache full:https://registry.npmjs.org/get-intrinsic cache-miss
1345 http fetch GET 200 https://registry.npmjs.org/call-bind 25ms (cache miss)
1346 silly packumentCache full:https://registry.npmjs.org/call-bind set size:undefined disposed:false
1347 silly fetch manifest is-string@^1.1.1
1348 silly packumentCache full:https://registry.npmjs.org/is-string cache-miss
1349 http fetch GET 200 https://registry.npmjs.org/define-properties 29ms (cache miss)
1350 silly packumentCache full:https://registry.npmjs.org/define-properties set size:undefined disposed:false
1351 silly fetch manifest math-intrinsics@^1.1.0
1352 silly packumentCache full:https://registry.npmjs.org/math-intrinsics cache-miss
1353 http fetch GET 200 https://registry.npmjs.org/call-bound 326ms (cache miss)
1354 silly packumentCache full:https://registry.npmjs.org/call-bound set size:undefined disposed:false
1355 silly fetch manifest es-abstract@^1.23.9
1356 silly packumentCache full:https://registry.npmjs.org/es-abstract cache-miss
1357 http fetch GET 200 https://registry.npmjs.org/math-intrinsics 299ms (cache miss)
1358 silly packumentCache full:https://registry.npmjs.org/math-intrinsics set size:undefined disposed:false
1359 silly fetch manifest es-shim-unscopables@^1.1.0
1360 silly packumentCache full:https://registry.npmjs.org/es-shim-unscopables cache-miss
1361 http fetch GET 200 https://registry.npmjs.org/is-string 305ms (cache miss)
1362 silly packumentCache full:https://registry.npmjs.org/is-string set size:undefined disposed:false
1363 silly fetch manifest es-abstract@^1.23.5
1364 silly packumentCache full:https://registry.npmjs.org/es-abstract cache-miss
1365 http fetch GET 200 https://registry.npmjs.org/get-intrinsic 310ms (cache miss)
1366 silly packumentCache full:https://registry.npmjs.org/get-intrinsic set size:undefined disposed:false
1367 silly fetch manifest es-shim-unscopables@^1.0.2
1368 silly packumentCache full:https://registry.npmjs.org/es-shim-unscopables cache-miss
1369 http fetch GET 200 https://registry.npmjs.org/es-abstract 343ms (cache miss)
1370 silly packumentCache full:https://registry.npmjs.org/es-abstract set size:undefined disposed:false
1371 silly fetch manifest es-abstract@^1.23.5
1372 silly packumentCache full:https://registry.npmjs.org/es-abstract cache-miss
1373 http fetch GET 200 https://registry.npmjs.org/es-shim-unscopables 23ms (cache miss)
1374 silly packumentCache full:https://registry.npmjs.org/es-shim-unscopables set size:undefined disposed:false
1375 silly fetch manifest es-shim-unscopables@^1.0.2
1376 silly packumentCache full:https://registry.npmjs.org/es-shim-unscopables cache-miss
1377 http fetch GET 200 https://registry.npmjs.org/es-shim-unscopables 21ms (cache miss)
1378 silly packumentCache full:https://registry.npmjs.org/es-shim-unscopables set size:undefined disposed:false
1379 silly fetch manifest function-bind@^1.1.2
1380 silly packumentCache full:https://registry.npmjs.org/function-bind cache-miss
1381 http cache https://registry.npmjs.org/es-abstract 341ms (cache hit)
1382 silly packumentCache full:https://registry.npmjs.org/es-abstract set size:384124 disposed:false
1383 silly fetch manifest call-bind@^1.0.7
1384 silly packumentCache full:https://registry.npmjs.org/call-bind cache-miss
1385 http fetch GET 200 https://registry.npmjs.org/es-abstract 361ms (cache miss)
1386 silly packumentCache full:https://registry.npmjs.org/es-abstract set size:undefined disposed:false
1387 silly packumentCache full:https://registry.npmjs.org/es-abstract dispose
1388 silly fetch manifest es-abstract@^1.23.2
1389 silly packumentCache full:https://registry.npmjs.org/es-abstract cache-miss
1390 http cache https://registry.npmjs.org/es-shim-unscopables 342ms (cache hit)
1391 silly packumentCache full:https://registry.npmjs.org/es-shim-unscopables set size:13965 disposed:false
1392 silly fetch manifest es-object-atoms@^1.0.0
1393 silly packumentCache full:https://registry.npmjs.org/es-object-atoms cache-miss
1394 http fetch GET 200 https://registry.npmjs.org/function-bind 342ms (cache miss)
1395 silly packumentCache full:https://registry.npmjs.org/function-bind set size:undefined disposed:false
1396 silly fetch manifest call-bind@^1.0.7
1397 silly packumentCache full:https://registry.npmjs.org/call-bind cache-miss
1398 http fetch GET 200 https://registry.npmjs.org/es-abstract 373ms (cache miss)
1399 silly packumentCache full:https://registry.npmjs.org/es-abstract set size:undefined disposed:true
1400 silly fetch manifest es-abstract@^1.23.2
1401 silly packumentCache full:https://registry.npmjs.org/es-abstract cache-miss
1402 http cache https://registry.npmjs.org/es-object-atoms 747ms (cache hit)
1403 silly packumentCache full:https://registry.npmjs.org/es-object-atoms set size:18278 disposed:false
1404 silly fetch manifest call-bound@^1.0.3
1405 silly packumentCache full:https://registry.npmjs.org/call-bound cache-miss
1406 http cache https://registry.npmjs.org/call-bind 748ms (cache hit)
1407 silly packumentCache full:https://registry.npmjs.org/call-bind set size:32985 disposed:false
1408 silly fetch manifest call-bind@^1.0.9
1409 silly packumentCache full:https://registry.npmjs.org/call-bind cache-hit
1410 silly fetch manifest es-object-atoms@^1.1.2
1411 silly packumentCache full:https://registry.npmjs.org/es-object-atoms cache-hit
1412 silly fetch manifest json5@^1.0.2
1413 silly packumentCache full:https://registry.npmjs.org/json5 cache-miss
1414 http cache https://registry.npmjs.org/call-bind 1164ms (cache hit)
1415 silly packumentCache full:https://registry.npmjs.org/call-bind set size:32985 disposed:false
1416 silly packumentCache full:https://registry.npmjs.org/call-bind dispose
1417 silly fetch manifest minimist@^1.2.6
1418 silly packumentCache full:https://registry.npmjs.org/minimist cache-miss
1419 http cache https://registry.npmjs.org/es-abstract 1161ms (cache hit)
1420 silly packumentCache full:https://registry.npmjs.org/es-abstract set size:384124 disposed:false
1421 silly fetch manifest strip-bom@^3.0.0
1422 silly packumentCache full:https://registry.npmjs.org/strip-bom cache-miss
1423 http cache https://registry.npmjs.org/es-abstract 1477ms (cache hit)
1424 silly packumentCache full:https://registry.npmjs.org/es-abstract set size:384124 disposed:false
1425 silly packumentCache full:https://registry.npmjs.org/es-abstract dispose
1426 silly fetch manifest @types/json5@^0.0.29
1427 silly packumentCache full:https://registry.npmjs.org/@types%2fjson5 cache-miss
1428 http cache https://registry.npmjs.org/call-bound 739ms (cache hit)
1429 silly packumentCache full:https://registry.npmjs.org/call-bound set size:15317 disposed:false
1430 http fetch GET 200 https://registry.npmjs.org/json5 734ms (cache miss)
1431 silly packumentCache full:https://registry.npmjs.org/json5 set size:undefined disposed:false
1432 http fetch GET 200 https://registry.npmjs.org/strip-bom 327ms (cache miss)
1433 silly packumentCache full:https://registry.npmjs.org/strip-bom set size:undefined disposed:false
1434 http fetch GET 200 https://registry.npmjs.org/minimist 335ms (cache miss)
1435 silly packumentCache full:https://registry.npmjs.org/minimist set size:undefined disposed:false
1436 http fetch GET 200 https://registry.npmjs.org/@types%2fjson5 24ms (cache miss)
1437 silly packumentCache full:https://registry.npmjs.org/@types%2fjson5 set size:undefined disposed:false
1438 silly placeDep ROOT call-bind@1.0.9 OK for: array-includes@3.1.9 want: ^1.0.8
1439 silly placeDep ROOT call-bound@1.0.4 OK for: array-includes@3.1.9 want: ^1.0.4
1440 silly placeDep ROOT define-properties@1.2.1 OK for: array-includes@3.1.9 want: ^1.2.1
1441 silly placeDep ROOT es-abstract@1.24.2 OK for: array-includes@3.1.9 want: ^1.24.0
1442 silly placeDep ROOT es-object-atoms@1.1.2 OK for: array-includes@3.1.9 want: ^1.1.1
1443 silly placeDep ROOT get-intrinsic@1.3.0 OK for: array-includes@3.1.9 want: ^1.3.0
1444 silly placeDep ROOT is-string@1.1.1 OK for: array-includes@3.1.9 want: ^1.1.1
1445 silly placeDep ROOT math-intrinsics@1.1.0 OK for: array-includes@3.1.9 want: ^1.1.0
1446 silly fetch manifest call-bind-apply-helpers@^1.0.2
1447 silly packumentCache full:https://registry.npmjs.org/call-bind-apply-helpers cache-miss
1448 silly fetch manifest es-define-property@^1.0.1
1449 silly packumentCache full:https://registry.npmjs.org/es-define-property cache-miss
1450 silly fetch manifest set-function-length@^1.2.2
1451 silly packumentCache full:https://registry.npmjs.org/set-function-length cache-miss
1452 silly fetch manifest call-bind-apply-helpers@^1.0.2
1453 silly packumentCache full:https://registry.npmjs.org/call-bind-apply-helpers cache-miss
1454 silly fetch manifest define-data-property@^1.0.1
1455 silly packumentCache full:https://registry.npmjs.org/define-data-property cache-miss
1456 http fetch GET 200 https://registry.npmjs.org/set-function-length 26ms (cache miss)
1457 silly packumentCache full:https://registry.npmjs.org/set-function-length set size:undefined disposed:false
1458 silly fetch manifest has-property-descriptors@^1.0.0
1459 silly packumentCache full:https://registry.npmjs.org/has-property-descriptors cache-miss
1460 http fetch GET 200 https://registry.npmjs.org/es-define-property 504ms (cache miss)
1461 silly packumentCache full:https://registry.npmjs.org/es-define-property set size:undefined disposed:false
1462 silly fetch manifest array-buffer-byte-length@^1.0.2
1463 silly packumentCache full:https://registry.npmjs.org/array-buffer-byte-length cache-miss
1464 http fetch GET 200 https://registry.npmjs.org/call-bind-apply-helpers 613ms (cache miss)
1465 silly packumentCache full:https://registry.npmjs.org/call-bind-apply-helpers set size:undefined disposed:false
1466 silly fetch manifest arraybuffer.prototype.slice@^1.0.4
1467 silly packumentCache full:https://registry.npmjs.org/arraybuffer.prototype.slice cache-miss
1468 http fetch GET 200 https://registry.npmjs.org/call-bind-apply-helpers 613ms (cache miss)
1469 silly packumentCache full:https://registry.npmjs.org/call-bind-apply-helpers set size:undefined disposed:false
1470 silly fetch manifest available-typed-arrays@^1.0.7
1471 silly packumentCache full:https://registry.npmjs.org/available-typed-arrays cache-miss
1472 http fetch GET 200 https://registry.npmjs.org/define-data-property 616ms (cache miss)
1473 silly packumentCache full:https://registry.npmjs.org/define-data-property set size:undefined disposed:false
1474 silly fetch manifest data-view-buffer@^1.0.2
1475 silly packumentCache full:https://registry.npmjs.org/data-view-buffer cache-miss
1476 http fetch GET 200 https://registry.npmjs.org/has-property-descriptors 596ms (cache miss)
1477 silly packumentCache full:https://registry.npmjs.org/has-property-descriptors set size:undefined disposed:false
1478 silly fetch manifest data-view-byte-length@^1.0.2
1479 silly packumentCache full:https://registry.npmjs.org/data-view-byte-length cache-miss
1480 http fetch GET 200 https://registry.npmjs.org/array-buffer-byte-length 120ms (cache miss)
1481 silly packumentCache full:https://registry.npmjs.org/array-buffer-byte-length set size:undefined disposed:false
1482 silly fetch manifest data-view-byte-offset@^1.0.1
1483 silly packumentCache full:https://registry.npmjs.org/data-view-byte-offset cache-miss
1484 http fetch GET 200 https://registry.npmjs.org/available-typed-arrays 24ms (cache miss)
1485 silly packumentCache full:https://registry.npmjs.org/available-typed-arrays set size:undefined disposed:false
1486 silly fetch manifest es-set-tostringtag@^2.1.0
1487 silly packumentCache full:https://registry.npmjs.org/es-set-tostringtag cache-miss
1488 http fetch GET 200 https://registry.npmjs.org/data-view-byte-length 110ms (cache miss)
1489 silly packumentCache full:https://registry.npmjs.org/data-view-byte-length set size:undefined disposed:false
1490 silly fetch manifest es-to-primitive@^1.3.0
1491 silly packumentCache full:https://registry.npmjs.org/es-to-primitive cache-miss
1492 http fetch GET 200 https://registry.npmjs.org/data-view-byte-offset 108ms (cache miss)
1493 silly packumentCache full:https://registry.npmjs.org/data-view-byte-offset set size:undefined disposed:false
1494 silly fetch manifest function.prototype.name@^1.1.8
1495 silly packumentCache full:https://registry.npmjs.org/function.prototype.name cache-miss
1496 http fetch GET 200 https://registry.npmjs.org/data-view-buffer 120ms (cache miss)
1497 silly packumentCache full:https://registry.npmjs.org/data-view-buffer set size:undefined disposed:false
1498 silly fetch manifest get-proto@^1.0.1
1499 silly packumentCache full:https://registry.npmjs.org/get-proto cache-miss
1500 http fetch GET 200 https://registry.npmjs.org/arraybuffer.prototype.slice 127ms (cache miss)
1501 silly packumentCache full:https://registry.npmjs.org/arraybuffer.prototype.slice set size:undefined disposed:false
1502 silly fetch manifest get-symbol-description@^1.1.0
1503 silly packumentCache full:https://registry.npmjs.org/get-symbol-description cache-miss
1504 http fetch GET 200 https://registry.npmjs.org/es-set-tostringtag 103ms (cache miss)
1505 silly packumentCache full:https://registry.npmjs.org/es-set-tostringtag set size:undefined disposed:false
1506 silly fetch manifest globalthis@^1.0.4
1507 silly packumentCache full:https://registry.npmjs.org/globalthis cache-miss
1508 http fetch GET 200 https://registry.npmjs.org/es-to-primitive 26ms (cache miss)
1509 silly packumentCache full:https://registry.npmjs.org/es-to-primitive set size:undefined disposed:false
1510 silly fetch manifest gopd@^1.2.0
1511 silly packumentCache full:https://registry.npmjs.org/gopd cache-miss
1512 http fetch GET 200 https://registry.npmjs.org/get-symbol-description 22ms (cache miss)
1513 silly packumentCache full:https://registry.npmjs.org/get-symbol-description set size:undefined disposed:false
1514 silly fetch manifest has-property-descriptors@^1.0.2
1515 silly packumentCache full:https://registry.npmjs.org/has-property-descriptors cache-miss
1516 http fetch GET 200 https://registry.npmjs.org/function.prototype.name 30ms (cache miss)
1517 silly packumentCache full:https://registry.npmjs.org/function.prototype.name set size:undefined disposed:false
1518 silly fetch manifest has-proto@^1.2.0
1519 silly packumentCache full:https://registry.npmjs.org/has-proto cache-miss
1520 http fetch GET 200 https://registry.npmjs.org/get-proto 29ms (cache miss)
1521 silly packumentCache full:https://registry.npmjs.org/get-proto set size:undefined disposed:false
1522 silly fetch manifest has-symbols@^1.1.0
1523 silly packumentCache full:https://registry.npmjs.org/has-symbols cache-miss
1524 http fetch GET 200 https://registry.npmjs.org/globalthis 33ms (cache miss)
1525 silly packumentCache full:https://registry.npmjs.org/globalthis set size:undefined disposed:false
1526 silly fetch manifest internal-slot@^1.1.0
1527 silly packumentCache full:https://registry.npmjs.org/internal-slot cache-miss
1528 http cache https://registry.npmjs.org/has-property-descriptors 18ms (cache hit)
1529 silly packumentCache full:https://registry.npmjs.org/has-property-descriptors set size:12452 disposed:false
1530 silly fetch manifest is-array-buffer@^3.0.5
1531 silly packumentCache full:https://registry.npmjs.org/is-array-buffer cache-miss
1532 http fetch GET 200 https://registry.npmjs.org/gopd 23ms (cache miss)
1533 silly packumentCache full:https://registry.npmjs.org/gopd set size:undefined disposed:false
1534 silly fetch manifest is-callable@^1.2.7
1535 silly packumentCache full:https://registry.npmjs.org/is-callable cache-miss
1536 http fetch GET 200 https://registry.npmjs.org/has-proto 27ms (cache miss)
1537 silly packumentCache full:https://registry.npmjs.org/has-proto set size:undefined disposed:false
1538 silly fetch manifest is-data-view@^1.0.2
1539 silly packumentCache full:https://registry.npmjs.org/is-data-view cache-miss
1540 http fetch GET 200 https://registry.npmjs.org/has-symbols 27ms (cache miss)
1541 silly packumentCache full:https://registry.npmjs.org/has-symbols set size:undefined disposed:false
1542 silly fetch manifest is-negative-zero@^2.0.3
1543 silly packumentCache full:https://registry.npmjs.org/is-negative-zero cache-miss
1544 http fetch GET 200 https://registry.npmjs.org/internal-slot 26ms (cache miss)
1545 silly packumentCache full:https://registry.npmjs.org/internal-slot set size:undefined disposed:false
1546 silly fetch manifest is-regex@^1.2.1
1547 silly packumentCache full:https://registry.npmjs.org/is-regex cache-miss
1548 http fetch GET 200 https://registry.npmjs.org/is-callable 31ms (cache miss)
1549 silly packumentCache full:https://registry.npmjs.org/is-callable set size:undefined disposed:false
1550 silly fetch manifest is-set@^2.0.3
1551 silly packumentCache full:https://registry.npmjs.org/is-set cache-miss
1552 http fetch GET 200 https://registry.npmjs.org/is-data-view 22ms (cache miss)
1553 silly packumentCache full:https://registry.npmjs.org/is-data-view set size:undefined disposed:false
1554 silly fetch manifest is-shared-array-buffer@^1.0.4
1555 silly packumentCache full:https://registry.npmjs.org/is-shared-array-buffer cache-miss
1556 http fetch GET 200 https://registry.npmjs.org/is-array-buffer 36ms (cache miss)
1557 silly packumentCache full:https://registry.npmjs.org/is-array-buffer set size:undefined disposed:false
1558 silly fetch manifest is-typed-array@^1.1.15
1559 silly packumentCache full:https://registry.npmjs.org/is-typed-array cache-miss
1560 http fetch GET 200 https://registry.npmjs.org/is-negative-zero 25ms (cache miss)
1561 silly packumentCache full:https://registry.npmjs.org/is-negative-zero set size:undefined disposed:false
1562 silly fetch manifest is-weakref@^1.1.1
1563 silly packumentCache full:https://registry.npmjs.org/is-weakref cache-miss
1564 http fetch GET 200 https://registry.npmjs.org/is-regex 29ms (cache miss)
1565 silly packumentCache full:https://registry.npmjs.org/is-regex set size:undefined disposed:false
1566 silly fetch manifest object-inspect@^1.13.4
1567 silly packumentCache full:https://registry.npmjs.org/object-inspect cache-miss
1568 http fetch GET 200 https://registry.npmjs.org/is-set 26ms (cache miss)
1569 silly packumentCache full:https://registry.npmjs.org/is-set set size:undefined disposed:false
1570 silly fetch manifest object.assign@^4.1.7
1571 silly packumentCache full:https://registry.npmjs.org/object.assign cache-miss
1572 http fetch GET 200 https://registry.npmjs.org/is-weakref 23ms (cache miss)
1573 silly packumentCache full:https://registry.npmjs.org/is-weakref set size:undefined disposed:false
1574 silly fetch manifest own-keys@^1.0.1
1575 silly packumentCache full:https://registry.npmjs.org/own-keys cache-miss
1576 http fetch GET 200 https://registry.npmjs.org/is-typed-array 29ms (cache miss)
1577 silly packumentCache full:https://registry.npmjs.org/is-typed-array set size:undefined disposed:false
1578 silly fetch manifest regexp.prototype.flags@^1.5.4
1579 silly packumentCache full:https://registry.npmjs.org/regexp.prototype.flags cache-miss
1580 http fetch GET 200 https://registry.npmjs.org/is-shared-array-buffer 33ms (cache miss)
1581 silly packumentCache full:https://registry.npmjs.org/is-shared-array-buffer set size:undefined disposed:false
1582 silly fetch manifest safe-array-concat@^1.1.3
1583 silly packumentCache full:https://registry.npmjs.org/safe-array-concat cache-miss
1584 http fetch GET 200 https://registry.npmjs.org/own-keys 22ms (cache miss)
1585 silly packumentCache full:https://registry.npmjs.org/own-keys set size:undefined disposed:false
1586 silly fetch manifest safe-push-apply@^1.0.0
1587 silly packumentCache full:https://registry.npmjs.org/safe-push-apply cache-miss
1588 http fetch GET 200 https://registry.npmjs.org/object-inspect 38ms (cache miss)
1589 silly packumentCache full:https://registry.npmjs.org/object-inspect set size:undefined disposed:false
1590 silly fetch manifest safe-regex-test@^1.1.0
1591 silly packumentCache full:https://registry.npmjs.org/safe-regex-test cache-miss
1592 http fetch GET 200 https://registry.npmjs.org/object.assign 32ms (cache miss)
1593 silly packumentCache full:https://registry.npmjs.org/object.assign set size:undefined disposed:false
1594 silly fetch manifest set-proto@^1.0.0
1595 silly packumentCache full:https://registry.npmjs.org/set-proto cache-miss
1596 http fetch GET 200 https://registry.npmjs.org/safe-array-concat 305ms (cache miss)
1597 silly packumentCache full:https://registry.npmjs.org/safe-array-concat set size:undefined disposed:false
1598 silly fetch manifest stop-iteration-iterator@^1.1.0
1599 silly packumentCache full:https://registry.npmjs.org/stop-iteration-iterator cache-miss
1600 http cache https://registry.npmjs.org/safe-regex-test 286ms (cache hit)
1601 silly packumentCache full:https://registry.npmjs.org/safe-regex-test set size:17412 disposed:false
1602 silly fetch manifest string.prototype.trim@^1.2.10
1603 silly packumentCache full:https://registry.npmjs.org/string.prototype.trim cache-miss
1604 http fetch GET 200 https://registry.npmjs.org/safe-push-apply 292ms (cache miss)
1605 silly packumentCache full:https://registry.npmjs.org/safe-push-apply set size:undefined disposed:false
1606 silly fetch manifest string.prototype.trimstart@^1.0.8
1607 silly packumentCache full:https://registry.npmjs.org/string.prototype.trimstart cache-miss
1608 http fetch GET 200 https://registry.npmjs.org/regexp.prototype.flags 313ms (cache miss)
1609 silly packumentCache full:https://registry.npmjs.org/regexp.prototype.flags set size:undefined disposed:false
1610 silly fetch manifest typed-array-buffer@^1.0.3
1611 silly packumentCache full:https://registry.npmjs.org/typed-array-buffer cache-miss
1612 http fetch GET 200 https://registry.npmjs.org/set-proto 289ms (cache miss)
1613 silly packumentCache full:https://registry.npmjs.org/set-proto set size:undefined disposed:false
1614 silly fetch manifest typed-array-byte-length@^1.0.3
1615 silly packumentCache full:https://registry.npmjs.org/typed-array-byte-length cache-miss
1616 http fetch GET 200 https://registry.npmjs.org/stop-iteration-iterator 36ms (cache miss)
1617 silly packumentCache full:https://registry.npmjs.org/stop-iteration-iterator set size:undefined disposed:false
1618 silly fetch manifest typed-array-byte-offset@^1.0.4
1619 silly packumentCache full:https://registry.npmjs.org/typed-array-byte-offset cache-miss
1620 http fetch GET 200 https://registry.npmjs.org/typed-array-byte-length 34ms (cache miss)
1621 silly packumentCache full:https://registry.npmjs.org/typed-array-byte-length set size:undefined disposed:false
1622 silly fetch manifest typed-array-length@^1.0.7
1623 silly packumentCache full:https://registry.npmjs.org/typed-array-length cache-miss
1624 http fetch GET 200 https://registry.npmjs.org/string.prototype.trim 41ms (cache miss)
1625 silly packumentCache full:https://registry.npmjs.org/string.prototype.trim set size:undefined disposed:false
1626 silly fetch manifest unbox-primitive@^1.1.0
1627 silly packumentCache full:https://registry.npmjs.org/unbox-primitive cache-miss
1628 http fetch GET 200 https://registry.npmjs.org/string.prototype.trimstart 42ms (cache miss)
1629 silly packumentCache full:https://registry.npmjs.org/string.prototype.trimstart set size:undefined disposed:false
1630 silly fetch manifest which-typed-array@^1.1.19
1631 silly packumentCache full:https://registry.npmjs.org/which-typed-array cache-miss
1632 http fetch GET 200 https://registry.npmjs.org/typed-array-buffer 42ms (cache miss)
1633 silly packumentCache full:https://registry.npmjs.org/typed-array-buffer set size:undefined disposed:false
1634 silly fetch manifest has-tostringtag@^1.0.2
1635 silly packumentCache full:https://registry.npmjs.org/has-tostringtag cache-miss
1636 http fetch GET 200 https://registry.npmjs.org/typed-array-byte-offset 20ms (cache miss)
1637 silly packumentCache full:https://registry.npmjs.org/typed-array-byte-offset set size:undefined disposed:false
1638 http fetch GET 200 https://registry.npmjs.org/typed-array-length 24ms (cache miss)
1639 silly packumentCache full:https://registry.npmjs.org/typed-array-length set size:undefined disposed:false
1640 http fetch GET 200 https://registry.npmjs.org/unbox-primitive 25ms (cache miss)
1641 silly packumentCache full:https://registry.npmjs.org/unbox-primitive set size:undefined disposed:false
1642 http fetch GET 200 https://registry.npmjs.org/has-tostringtag 25ms (cache miss)
1643 silly packumentCache full:https://registry.npmjs.org/has-tostringtag set size:undefined disposed:false
1644 http fetch GET 200 https://registry.npmjs.org/which-typed-array 28ms (cache miss)
1645 silly packumentCache full:https://registry.npmjs.org/which-typed-array set size:undefined disposed:false
1646 silly placeDep ROOT es-errors@1.3.0 OK for: array.prototype.findlastindex@1.2.6 want: ^1.3.0
1647 silly placeDep ROOT es-shim-unscopables@1.1.0 OK for: array.prototype.findlastindex@1.2.6 want: ^1.1.0
1648 silly placeDep ROOT call-bind-apply-helpers@1.0.2 OK for: call-bind@1.0.9 want: ^1.0.2
1649 silly placeDep ROOT es-define-property@1.0.1 OK for: call-bind@1.0.9 want: ^1.0.1
1650 silly placeDep ROOT set-function-length@1.2.2 OK for: call-bind@1.0.9 want: ^1.2.2
1651 silly fetch manifest define-data-property@^1.1.4
1652 silly packumentCache full:https://registry.npmjs.org/define-data-property cache-miss
1653 silly fetch manifest gopd@^1.0.1
1654 silly packumentCache full:https://registry.npmjs.org/gopd cache-miss
1655 http cache https://registry.npmjs.org/define-data-property 352ms (cache hit)
1656 silly packumentCache full:https://registry.npmjs.org/define-data-property set size:28048 disposed:false
1657 http cache https://registry.npmjs.org/gopd 353ms (cache hit)
1658 silly packumentCache full:https://registry.npmjs.org/gopd set size:11483 disposed:false
1659 silly placeDep ROOT function-bind@1.1.2 OK for: call-bind-apply-helpers@1.0.2 want: ^1.1.2
1660 silly placeDep ROOT define-data-property@1.1.4 OK for: define-properties@1.2.1 want: ^1.0.1
1661 silly placeDep ROOT has-property-descriptors@1.0.2 OK for: define-properties@1.2.1 want: ^1.0.0
1662 silly placeDep ROOT object-keys@1.1.1 OK for: define-properties@1.2.1 want: ^1.1.1
1663 silly placeDep ROOT gopd@1.2.0 OK for: define-data-property@1.1.4 want: ^1.0.1
1664 silly placeDep ROOT array-buffer-byte-length@1.0.2 OK for: es-abstract@1.24.2 want: ^1.0.2
1665 silly placeDep ROOT arraybuffer.prototype.slice@1.0.4 OK for: es-abstract@1.24.2 want: ^1.0.4
1666 silly placeDep ROOT available-typed-arrays@1.0.7 OK for: es-abstract@1.24.2 want: ^1.0.7
1667 silly placeDep ROOT data-view-buffer@1.0.2 OK for: es-abstract@1.24.2 want: ^1.0.2
1668 silly placeDep ROOT data-view-byte-length@1.0.2 OK for: es-abstract@1.24.2 want: ^1.0.2
1669 silly placeDep ROOT data-view-byte-offset@1.0.1 OK for: es-abstract@1.24.2 want: ^1.0.1
1670 silly placeDep ROOT es-set-tostringtag@2.1.0 OK for: es-abstract@1.24.2 want: ^2.1.0
1671 silly placeDep ROOT es-to-primitive@1.3.4 OK for: es-abstract@1.24.2 want: ^1.3.0
1672 silly placeDep ROOT function.prototype.name@1.2.0 OK for: es-abstract@1.24.2 want: ^1.1.8
1673 silly placeDep ROOT get-proto@1.0.1 OK for: es-abstract@1.24.2 want: ^1.0.1
1674 silly placeDep ROOT get-symbol-description@1.1.0 OK for: es-abstract@1.24.2 want: ^1.1.0
1675 silly placeDep ROOT globalthis@1.0.4 OK for: es-abstract@1.24.2 want: ^1.0.4
1676 silly placeDep ROOT has-proto@1.2.0 OK for: es-abstract@1.24.2 want: ^1.2.0
1677 silly placeDep ROOT has-symbols@1.1.0 OK for: es-abstract@1.24.2 want: ^1.1.0
1678 silly placeDep ROOT internal-slot@1.1.0 OK for: es-abstract@1.24.2 want: ^1.1.0
1679 silly placeDep ROOT is-array-buffer@3.0.5 OK for: es-abstract@1.24.2 want: ^3.0.5
1680 silly placeDep ROOT is-callable@1.2.7 OK for: es-abstract@1.24.2 want: ^1.2.7
1681 silly placeDep ROOT is-data-view@1.0.2 OK for: es-abstract@1.24.2 want: ^1.0.2
1682 silly placeDep ROOT is-negative-zero@2.0.3 OK for: es-abstract@1.24.2 want: ^2.0.3
1683 silly placeDep ROOT is-regex@1.2.1 OK for: es-abstract@1.24.2 want: ^1.2.1
1684 silly placeDep ROOT is-set@2.0.3 OK for: es-abstract@1.24.2 want: ^2.0.3
1685 silly placeDep ROOT is-shared-array-buffer@1.0.4 OK for: es-abstract@1.24.2 want: ^1.0.4
1686 silly placeDep ROOT is-typed-array@1.1.15 OK for: es-abstract@1.24.2 want: ^1.1.15
1687 silly placeDep ROOT is-weakref@1.1.1 OK for: es-abstract@1.24.2 want: ^1.1.1
1688 silly placeDep ROOT object-inspect@1.13.4 OK for: es-abstract@1.24.2 want: ^1.13.4
1689 silly placeDep ROOT object.assign@4.1.7 OK for: es-abstract@1.24.2 want: ^4.1.7
1690 silly placeDep ROOT own-keys@1.0.2 OK for: es-abstract@1.24.2 want: ^1.0.1
1691 silly placeDep ROOT regexp.prototype.flags@1.5.4 OK for: es-abstract@1.24.2 want: ^1.5.4
1692 silly placeDep ROOT safe-array-concat@1.1.4 OK for: es-abstract@1.24.2 want: ^1.1.3
1693 silly placeDep ROOT safe-push-apply@1.0.0 OK for: es-abstract@1.24.2 want: ^1.0.0
1694 silly placeDep ROOT safe-regex-test@1.1.0 OK for: es-abstract@1.24.2 want: ^1.1.0
1695 silly placeDep ROOT set-proto@1.0.0 OK for: es-abstract@1.24.2 want: ^1.0.0
1696 silly placeDep ROOT stop-iteration-iterator@1.1.0 OK for: es-abstract@1.24.2 want: ^1.1.0
1697 silly placeDep ROOT string.prototype.trim@1.2.11 OK for: es-abstract@1.24.2 want: ^1.2.10
1698 silly placeDep ROOT string.prototype.trimstart@1.0.8 OK for: es-abstract@1.24.2 want: ^1.0.8
1699 silly placeDep ROOT typed-array-buffer@1.0.3 OK for: es-abstract@1.24.2 want: ^1.0.3
1700 silly placeDep ROOT typed-array-byte-length@1.0.3 OK for: es-abstract@1.24.2 want: ^1.0.3
1701 silly placeDep ROOT typed-array-byte-offset@1.0.4 OK for: es-abstract@1.24.2 want: ^1.0.4
1702 silly placeDep ROOT typed-array-length@1.0.8 OK for: es-abstract@1.24.2 want: ^1.0.7
1703 silly placeDep ROOT unbox-primitive@1.1.0 OK for: es-abstract@1.24.2 want: ^1.1.0
1704 silly placeDep ROOT which-typed-array@1.1.22 OK for: es-abstract@1.24.2 want: ^1.1.19
1705 silly fetch manifest is-array-buffer@^3.0.4
1706 silly packumentCache full:https://registry.npmjs.org/is-array-buffer cache-miss
1707 silly fetch manifest possible-typed-array-names@^1.0.0
1708 silly packumentCache full:https://registry.npmjs.org/possible-typed-array-names cache-miss
1709 silly fetch manifest is-data-view@^1.0.1
1710 silly packumentCache full:https://registry.npmjs.org/is-data-view cache-miss
1711 silly fetch manifest is-symbol@^1.1.1
1712 silly packumentCache full:https://registry.npmjs.org/is-symbol cache-miss
1713 silly fetch manifest is-date-object@^1.1.0
1714 silly packumentCache full:https://registry.npmjs.org/is-date-object cache-miss
1715 http fetch GET 200 https://registry.npmjs.org/possible-typed-array-names 43ms (cache miss)
1716 silly packumentCache full:https://registry.npmjs.org/possible-typed-array-names set size:undefined disposed:false
1717 silly fetch manifest es-abstract-get@^1.0.0
1718 silly packumentCache full:https://registry.npmjs.org/es-abstract-get cache-miss
1719 http fetch GET 200 https://registry.npmjs.org/is-date-object 46ms (cache miss)
1720 silly packumentCache full:https://registry.npmjs.org/is-date-object set size:undefined disposed:false
1721 silly fetch manifest is-document.all@^1.0.0
1722 silly packumentCache full:https://registry.npmjs.org/is-document.all cache-miss
1723 http fetch GET 200 https://registry.npmjs.org/is-symbol 47ms (cache miss)
1724 silly packumentCache full:https://registry.npmjs.org/is-symbol set size:undefined disposed:false
1725 silly fetch manifest functions-have-names@^1.2.3
1726 silly packumentCache full:https://registry.npmjs.org/functions-have-names cache-miss
1727 http cache https://registry.npmjs.org/is-data-view 147ms (cache hit)
1728 silly packumentCache full:https://registry.npmjs.org/is-data-view set size:13756 disposed:false
1729 silly fetch manifest dunder-proto@^1.0.1
1730 silly packumentCache full:https://registry.npmjs.org/dunder-proto cache-miss
1731 http cache https://registry.npmjs.org/is-array-buffer 151ms (cache hit)
1732 silly packumentCache full:https://registry.npmjs.org/is-array-buffer set size:33562 disposed:false
1733 silly fetch manifest dunder-proto@^1.0.0
1734 silly packumentCache full:https://registry.npmjs.org/dunder-proto cache-miss
1735 http fetch GET 200 https://registry.npmjs.org/es-abstract-get 106ms (cache miss)
1736 silly packumentCache full:https://registry.npmjs.org/es-abstract-get set size:undefined disposed:false
1737 silly fetch manifest side-channel@^1.1.0
1738 silly packumentCache full:https://registry.npmjs.org/side-channel cache-miss
1739 http fetch GET 200 https://registry.npmjs.org/functions-have-names 103ms (cache miss)
1740 silly packumentCache full:https://registry.npmjs.org/functions-have-names set size:undefined disposed:false
1741 silly fetch manifest is-typed-array@^1.1.13
1742 silly packumentCache full:https://registry.npmjs.org/is-typed-array cache-miss
1743 http fetch GET 200 https://registry.npmjs.org/is-document.all 105ms (cache miss)
1744 silly packumentCache full:https://registry.npmjs.org/is-document.all set size:undefined disposed:false
1745 silly fetch manifest which-typed-array@^1.1.16
1746 silly packumentCache full:https://registry.npmjs.org/which-typed-array cache-miss
1747 http cache https://registry.npmjs.org/which-typed-array 18ms (cache hit)
1748 silly packumentCache full:https://registry.npmjs.org/which-typed-array set size:101551 disposed:false
1749 silly fetch manifest set-function-name@^2.0.2
1750 silly packumentCache full:https://registry.npmjs.org/set-function-name cache-miss
1751 http cache https://registry.npmjs.org/is-typed-array 23ms (cache hit)
1752 silly packumentCache full:https://registry.npmjs.org/is-typed-array set size:79965 disposed:false
1753 silly fetch manifest isarray@^2.0.5
1754 silly packumentCache full:https://registry.npmjs.org/isarray cache-miss
1755 http fetch GET 200 https://registry.npmjs.org/dunder-proto 30ms (cache miss)
1756 silly packumentCache full:https://registry.npmjs.org/dunder-proto set size:undefined disposed:false
1757 silly fetch manifest isarray@^2.0.5
1758 silly packumentCache full:https://registry.npmjs.org/isarray cache-miss
1759 http fetch GET 200 https://registry.npmjs.org/dunder-proto 28ms (cache miss)
1760 silly packumentCache full:https://registry.npmjs.org/dunder-proto set size:undefined disposed:false
1761 silly fetch manifest for-each@^0.3.3
1762 silly packumentCache full:https://registry.npmjs.org/for-each cache-miss
1763 http fetch GET 200 https://registry.npmjs.org/side-channel 30ms (cache miss)
1764 silly packumentCache full:https://registry.npmjs.org/side-channel set size:undefined disposed:false
1765 silly fetch manifest for-each@^0.3.3
1766 silly packumentCache full:https://registry.npmjs.org/for-each cache-miss
1767 http fetch GET 200 https://registry.npmjs.org/set-function-name 17ms (cache miss)
1768 silly packumentCache full:https://registry.npmjs.org/set-function-name set size:undefined disposed:false
1769 silly fetch manifest reflect.getprototypeof@^1.0.9
1770 silly packumentCache full:https://registry.npmjs.org/reflect.getprototypeof cache-miss
1771 http fetch GET 200 https://registry.npmjs.org/isarray 23ms (cache miss)
1772 silly packumentCache full:https://registry.npmjs.org/isarray set size:undefined disposed:false
1773 silly fetch manifest for-each@^0.3.5
1774 silly packumentCache full:https://registry.npmjs.org/for-each cache-miss
1775 http fetch GET 200 https://registry.npmjs.org/isarray 23ms (cache miss)
1776 silly packumentCache full:https://registry.npmjs.org/isarray set size:undefined disposed:false
1777 silly fetch manifest possible-typed-array-names@^1.1.0
1778 silly packumentCache full:https://registry.npmjs.org/possible-typed-array-names cache-miss
1779 http fetch GET 200 https://registry.npmjs.org/for-each 29ms (cache miss)
1780 silly packumentCache full:https://registry.npmjs.org/for-each set size:undefined disposed:false
1781 silly fetch manifest reflect.getprototypeof@^1.0.10
1782 silly packumentCache full:https://registry.npmjs.org/reflect.getprototypeof cache-miss
1783 http fetch GET 200 https://registry.npmjs.org/for-each 27ms (cache miss)
1784 silly packumentCache full:https://registry.npmjs.org/for-each set size:undefined disposed:false
1785 silly fetch manifest has-bigints@^1.0.2
1786 silly packumentCache full:https://registry.npmjs.org/has-bigints cache-miss
1787 http cache https://registry.npmjs.org/possible-typed-array-names 12ms (cache hit)
1788 silly packumentCache full:https://registry.npmjs.org/possible-typed-array-names set size:9167 disposed:false
1789 silly fetch manifest which-boxed-primitive@^1.1.1
1790 silly packumentCache full:https://registry.npmjs.org/which-boxed-primitive cache-miss
1791 http fetch GET 200 https://registry.npmjs.org/reflect.getprototypeof 34ms (cache miss)
1792 silly packumentCache full:https://registry.npmjs.org/reflect.getprototypeof set size:undefined disposed:false
1793 silly fetch manifest for-each@^0.3.5
1794 silly packumentCache full:https://registry.npmjs.org/for-each cache-miss
1795 http fetch GET 200 https://registry.npmjs.org/for-each 30ms (cache miss)
1796 silly packumentCache full:https://registry.npmjs.org/for-each set size:undefined disposed:false
1797 http fetch GET 200 https://registry.npmjs.org/reflect.getprototypeof 25ms (cache miss)
1798 silly packumentCache full:https://registry.npmjs.org/reflect.getprototypeof set size:undefined disposed:false
1799 http fetch GET 200 https://registry.npmjs.org/has-bigints 131ms (cache miss)
1800 silly packumentCache full:https://registry.npmjs.org/has-bigints set size:undefined disposed:false
1801 http fetch GET 200 https://registry.npmjs.org/which-boxed-primitive 128ms (cache miss)
1802 silly packumentCache full:https://registry.npmjs.org/which-boxed-primitive set size:undefined disposed:false
1803 http cache https://registry.npmjs.org/for-each 116ms (cache hit)
1804 silly packumentCache full:https://registry.npmjs.org/for-each set size:14327 disposed:false
1805 silly placeDep ROOT possible-typed-array-names@1.1.0 OK for: available-typed-arrays@1.0.7 want: ^1.0.0
1806 silly placeDep ROOT has-tostringtag@1.0.2 OK for: es-set-tostringtag@2.1.0 want: ^1.0.2
1807 silly placeDep ROOT es-abstract-get@1.0.0 OK for: es-to-primitive@1.3.4 want: ^1.0.0
1808 silly placeDep ROOT is-date-object@1.1.0 OK for: es-to-primitive@1.3.4 want: ^1.1.0
1809 silly placeDep ROOT is-symbol@1.1.1 OK for: es-to-primitive@1.3.4 want: ^1.1.1
1810 silly placeDep node_modules/eslint-module-utils debug@3.2.7 OK for: eslint-module-utils@2.14.0 want: ^3.2.7
1811 silly placeDep ROOT aria-query@5.3.2 OK for: eslint-plugin-jsx-a11y@6.10.2 want: ^5.3.2
1812 silly placeDep ROOT ast-types-flow@0.0.8 OK for: eslint-plugin-jsx-a11y@6.10.2 want: ^0.0.8
1813 silly placeDep ROOT axe-core@4.12.1 OK for: eslint-plugin-jsx-a11y@6.10.2 want: ^4.10.0
1814 silly placeDep ROOT axobject-query@4.1.0 OK for: eslint-plugin-jsx-a11y@6.10.2 want: ^4.1.0
1815 silly placeDep ROOT damerau-levenshtein@1.0.8 OK for: eslint-plugin-jsx-a11y@6.10.2 want: ^1.0.8
1816 silly placeDep ROOT emoji-regex@9.2.2 OK for: eslint-plugin-jsx-a11y@6.10.2 want: ^9.2.2
1817 silly placeDep ROOT jsx-ast-utils@3.3.5 OK for: eslint-plugin-jsx-a11y@6.10.2 want: ^3.3.5
1818 silly placeDep ROOT language-tags@1.0.9 OK for: eslint-plugin-jsx-a11y@6.10.2 want: ^1.0.9
1819 silly placeDep ROOT string.prototype.includes@2.0.1 OK for: eslint-plugin-jsx-a11y@6.10.2 want: ^2.0.1
1820 silly fetch manifest language-subtag-registry@^0.3.20
1821 silly packumentCache full:https://registry.npmjs.org/language-subtag-registry cache-miss
1822 http fetch GET 200 https://registry.npmjs.org/language-subtag-registry 20ms (cache miss)
1823 silly packumentCache full:https://registry.npmjs.org/language-subtag-registry set size:undefined disposed:false
1824 silly placeDep ROOT array.prototype.findlast@1.2.5 OK for: eslint-plugin-react@7.37.5 want: ^1.2.5
1825 silly placeDep ROOT array.prototype.tosorted@1.1.4 OK for: eslint-plugin-react@7.37.5 want: ^1.1.4
1826 silly placeDep ROOT es-iterator-helpers@1.4.0 OK for: eslint-plugin-react@7.37.5 want: ^1.2.1
1827 silly placeDep ROOT estraverse@5.3.0 OK for: eslint-plugin-react@7.37.5 want: ^5.3.0
1828 silly placeDep ROOT object.entries@1.1.9 OK for: eslint-plugin-react@7.37.5 want: ^1.1.9
1829 silly placeDep ROOT prop-types@15.8.1 OK for: eslint-plugin-react@7.37.5 want: ^15.8.1
1830 silly placeDep node_modules/eslint-plugin-react semver@6.3.1 OK for: eslint-plugin-react@7.37.5 want: ^6.3.1
1831 silly placeDep ROOT string.prototype.matchall@4.0.12 OK for: eslint-plugin-react@7.37.5 want: ^4.0.12
1832 silly placeDep ROOT string.prototype.repeat@1.0.0 OK for: eslint-plugin-react@7.37.5 want: ^1.0.0
1833 silly fetch manifest iterator.prototype@^1.1.5
1834 silly packumentCache full:https://registry.npmjs.org/iterator.prototype cache-miss
1835 silly fetch manifest loose-envify@^1.4.0
1836 silly packumentCache full:https://registry.npmjs.org/loose-envify cache-miss
1837 silly fetch manifest object-assign@^4.1.1
1838 silly packumentCache full:https://registry.npmjs.org/object-assign cache-miss
1839 silly fetch manifest react-is@^16.13.1
1840 silly packumentCache full:https://registry.npmjs.org/react-is cache-miss
1841 http fetch GET 200 https://registry.npmjs.org/iterator.prototype 26ms (cache miss)
1842 silly packumentCache full:https://registry.npmjs.org/iterator.prototype set size:undefined disposed:false
1843 http fetch GET 200 https://registry.npmjs.org/loose-envify 27ms (cache miss)
1844 silly packumentCache full:https://registry.npmjs.org/loose-envify set size:undefined disposed:false
1845 http fetch GET 200 https://registry.npmjs.org/object-assign 28ms (cache miss)
1846 silly packumentCache full:https://registry.npmjs.org/object-assign set size:undefined disposed:false
1847 http fetch GET 200 https://registry.npmjs.org/react-is 410ms (cache miss)
1848 silly packumentCache full:https://registry.npmjs.org/react-is set size:undefined disposed:false
1849 silly placeDep ROOT iterator.prototype@1.1.5 OK for: es-iterator-helpers@1.4.0 want: ^1.1.5
1850 silly placeDep ROOT esrecurse@4.3.0 OK for: eslint-scope@8.4.0 want: ^4.3.0
1851 silly placeDep ROOT acorn@8.18.0 OK for: espree@10.4.0 want: ^8.15.0
1852 silly placeDep ROOT acorn-jsx@5.3.2 OK for: espree@10.4.0 want: ^5.3.2
1853 silly placeDep ROOT @nodelib/fs.stat@2.0.5 OK for: fast-glob@3.3.1 want: ^2.0.2
1854 silly placeDep ROOT @nodelib/fs.walk@1.2.8 OK for: fast-glob@3.3.1 want: ^1.2.3
1855 silly placeDep node_modules/fast-glob glob-parent@5.1.2 OK for: fast-glob@3.3.1 want: ^5.1.2
1856 silly placeDep ROOT merge2@1.4.1 OK for: fast-glob@3.3.1 want: ^1.3.0
1857 silly placeDep ROOT micromatch@4.0.8 OK for: fast-glob@3.3.1 want: ^4.0.4
1858 silly fetch manifest fastq@^1.6.0
1859 silly packumentCache full:https://registry.npmjs.org/fastq cache-miss
1860 silly fetch manifest @nodelib/fs.scandir@2.1.5
1861 silly packumentCache full:https://registry.npmjs.org/@nodelib%2ffs.scandir cache-miss
1862 silly fetch manifest braces@^3.0.3
1863 silly packumentCache full:https://registry.npmjs.org/braces cache-miss
1864 silly fetch manifest picomatch@^2.3.1
1865 silly packumentCache full:https://registry.npmjs.org/picomatch cache-hit
1866 http fetch GET 200 https://registry.npmjs.org/fastq 43ms (cache miss)
1867 silly packumentCache full:https://registry.npmjs.org/fastq set size:undefined disposed:false
1868 http fetch GET 200 https://registry.npmjs.org/@nodelib%2ffs.scandir 44ms (cache miss)
1869 silly packumentCache full:https://registry.npmjs.org/@nodelib%2ffs.scandir set size:undefined disposed:false
1870 http fetch GET 200 https://registry.npmjs.org/braces 45ms (cache miss)
1871 silly packumentCache full:https://registry.npmjs.org/braces set size:undefined disposed:false
1872 silly placeDep ROOT @nodelib/fs.scandir@2.1.5 OK for: @nodelib/fs.walk@1.2.8 want: 2.1.5
1873 silly placeDep ROOT fastq@1.20.1 OK for: @nodelib/fs.walk@1.2.8 want: ^1.6.0
1874 silly fetch manifest run-parallel@^1.1.9
1875 silly packumentCache full:https://registry.npmjs.org/run-parallel cache-miss
1876 silly fetch manifest reusify@^1.0.4
1877 silly packumentCache full:https://registry.npmjs.org/reusify cache-miss
1878 http fetch GET 200 https://registry.npmjs.org/reusify 21ms (cache miss)
1879 silly packumentCache full:https://registry.npmjs.org/reusify set size:undefined disposed:false
1880 http fetch GET 200 https://registry.npmjs.org/run-parallel 29ms (cache miss)
1881 silly packumentCache full:https://registry.npmjs.org/run-parallel set size:undefined disposed:false
1882 silly placeDep ROOT run-parallel@1.2.0 OK for: @nodelib/fs.scandir@2.1.5 want: ^1.1.9
1883 silly fetch manifest queue-microtask@^1.2.2
1884 silly packumentCache full:https://registry.npmjs.org/queue-microtask cache-miss
1885 http fetch GET 200 https://registry.npmjs.org/queue-microtask 23ms (cache miss)
1886 silly packumentCache full:https://registry.npmjs.org/queue-microtask set size:undefined disposed:false
1887 silly placeDep ROOT reusify@1.1.0 OK for: fastq@1.20.1 want: ^1.0.4
1888 silly placeDep ROOT flat-cache@4.0.1 OK for: file-entry-cache@8.0.0 want: ^4.0.0
1889 silly fetch manifest keyv@^4.5.4
1890 silly packumentCache full:https://registry.npmjs.org/keyv cache-miss
1891 silly fetch manifest flatted@^3.2.9
1892 silly packumentCache full:https://registry.npmjs.org/flatted cache-miss
1893 http fetch GET 200 https://registry.npmjs.org/flatted 39ms (cache miss)
1894 silly packumentCache full:https://registry.npmjs.org/flatted set size:undefined disposed:false
1895 http fetch GET 200 https://registry.npmjs.org/keyv 44ms (cache miss)
1896 silly packumentCache full:https://registry.npmjs.org/keyv set size:undefined disposed:false
1897 silly placeDep ROOT locate-path@6.0.0 OK for: find-up@5.0.0 want: ^6.0.0
1898 silly placeDep ROOT path-exists@4.0.0 OK for: find-up@5.0.0 want: ^4.0.0
1899 silly fetch manifest p-locate@^5.0.0
1900 silly packumentCache full:https://registry.npmjs.org/p-locate cache-miss
1901 http fetch GET 200 https://registry.npmjs.org/p-locate 24ms (cache miss)
1902 silly packumentCache full:https://registry.npmjs.org/p-locate set size:undefined disposed:false
1903 silly placeDep ROOT flatted@3.4.4 OK for: flat-cache@4.0.1 want: ^3.2.9
1904 silly placeDep ROOT keyv@4.5.4 OK for: flat-cache@4.0.1 want: ^4.5.4
1905 silly fetch manifest json-buffer@3.0.1
1906 silly packumentCache full:https://registry.npmjs.org/json-buffer cache-miss
1907 http fetch GET 200 https://registry.npmjs.org/json-buffer 31ms (cache miss)
1908 silly packumentCache full:https://registry.npmjs.org/json-buffer set size:undefined disposed:false
1909 silly placeDep ROOT functions-have-names@1.2.3 OK for: function.prototype.name@1.2.0 want: ^1.2.3
1910 silly placeDep ROOT is-document.all@1.0.0 OK for: function.prototype.name@1.2.0 want: ^1.0.0
1911 silly placeDep ROOT dunder-proto@1.0.1 OK for: get-proto@1.0.1 want: ^1.0.1
1912 silly placeDep ROOT resolve-pkg-maps@1.0.0 OK for: get-tsconfig@4.14.0 want: ^1.0.0
1913 silly placeDep ROOT parent-module@1.0.1 OK for: import-fresh@3.3.1 want: ^1.0.0
1914 silly placeDep ROOT resolve-from@4.0.0 OK for: import-fresh@3.3.1 want: ^4.0.0
1915 silly fetch manifest callsites@^3.0.0
1916 silly packumentCache full:https://registry.npmjs.org/callsites cache-miss
1917 http fetch GET 200 https://registry.npmjs.org/callsites 22ms (cache miss)
1918 silly packumentCache full:https://registry.npmjs.org/callsites set size:undefined disposed:false
1919 silly placeDep ROOT side-channel@1.1.1 OK for: internal-slot@1.1.0 want: ^1.1.0
1920 silly fetch manifest side-channel-list@^1.0.1
1921 silly packumentCache full:https://registry.npmjs.org/side-channel-list cache-miss
1922 silly fetch manifest side-channel-map@^1.0.1
1923 silly packumentCache full:https://registry.npmjs.org/side-channel-map cache-miss
1924 silly fetch manifest side-channel-weakmap@^1.0.2
1925 silly packumentCache full:https://registry.npmjs.org/side-channel-weakmap cache-miss
1926 http fetch GET 200 https://registry.npmjs.org/side-channel-map 21ms (cache miss)
1927 silly packumentCache full:https://registry.npmjs.org/side-channel-map set size:undefined disposed:false
1928 http fetch GET 200 https://registry.npmjs.org/side-channel-list 21ms (cache miss)
1929 silly packumentCache full:https://registry.npmjs.org/side-channel-list set size:undefined disposed:false
1930 http fetch GET 200 https://registry.npmjs.org/side-channel-weakmap 22ms (cache miss)
1931 silly packumentCache full:https://registry.npmjs.org/side-channel-weakmap set size:undefined disposed:false
1932 silly placeDep ROOT is-extglob@2.1.1 OK for: is-glob@4.0.3 want: ^2.1.1
1933 silly placeDep ROOT set-function-name@2.0.2 OK for: iterator.prototype@1.1.5 want: ^2.0.2
1934 silly placeDep ROOT argparse@2.0.1 OK for: js-yaml@4.3.0 want: ^2.0.1
1935 silly placeDep ROOT json-buffer@3.0.1 OK for: keyv@4.5.4 want: 3.0.1
1936 silly placeDep ROOT language-subtag-registry@0.3.23 OK for: language-tags@1.0.9 want: ^0.3.20
1937 silly placeDep ROOT prelude-ls@1.2.1 OK for: levn@0.4.1 want: ^1.2.1
1938 silly placeDep ROOT type-check@0.4.0 OK for: levn@0.4.1 want: ~0.4.0
1939 silly placeDep ROOT p-locate@5.0.0 OK for: locate-path@6.0.0 want: ^5.0.0
1940 silly fetch manifest p-limit@^3.0.2
1941 silly packumentCache full:https://registry.npmjs.org/p-limit cache-miss
1942 http fetch GET 200 https://registry.npmjs.org/p-limit 29ms (cache miss)
1943 silly packumentCache full:https://registry.npmjs.org/p-limit set size:undefined disposed:false
1944 silly placeDep ROOT braces@3.0.3 OK for: micromatch@4.0.8 want: ^3.0.3
1945 silly placeDep ROOT picomatch@2.3.2 OK for: micromatch@4.0.8 want: ^2.3.1
1946 silly fetch manifest fill-range@^7.1.1
1947 silly packumentCache full:https://registry.npmjs.org/fill-range cache-miss
1948 http fetch GET 200 https://registry.npmjs.org/fill-range 24ms (cache miss)
1949 silly packumentCache full:https://registry.npmjs.org/fill-range set size:undefined disposed:false
1950 silly placeDep ROOT fill-range@7.1.1 OK for: braces@3.0.3 want: ^7.1.1
1951 silly fetch manifest to-regex-range@^5.0.1
1952 silly packumentCache full:https://registry.npmjs.org/to-regex-range cache-miss
1953 http fetch GET 200 https://registry.npmjs.org/to-regex-range 23ms (cache miss)
1954 silly packumentCache full:https://registry.npmjs.org/to-regex-range set size:undefined disposed:false
1955 silly placeDep ROOT to-regex-range@5.0.1 OK for: fill-range@7.1.1 want: ^5.0.1
1956 silly fetch manifest is-number@^7.0.0
1957 silly packumentCache full:https://registry.npmjs.org/is-number cache-miss
1958 http fetch GET 200 https://registry.npmjs.org/is-number 26ms (cache miss)
1959 silly packumentCache full:https://registry.npmjs.org/is-number set size:undefined disposed:false
1960 silly placeDep ROOT brace-expansion@1.1.18 OK for: minimatch@3.1.5 want: ^1.1.7
1961 silly fetch manifest concat-map@0.0.1
1962 silly packumentCache full:https://registry.npmjs.org/concat-map cache-miss
1963 silly fetch manifest balanced-match@^1.0.0
1964 silly packumentCache full:https://registry.npmjs.org/balanced-match cache-miss
1965 http fetch GET 200 https://registry.npmjs.org/concat-map 18ms (cache miss)
1966 silly packumentCache full:https://registry.npmjs.org/concat-map set size:undefined disposed:false
1967 http fetch GET 200 https://registry.npmjs.org/balanced-match 24ms (cache miss)
1968 silly packumentCache full:https://registry.npmjs.org/balanced-match set size:undefined disposed:false
1969 silly placeDep ROOT balanced-match@1.0.2 OK for: brace-expansion@1.1.18 want: ^1.0.0
1970 silly placeDep ROOT concat-map@0.0.1 OK for: brace-expansion@1.1.18 want: 0.0.1
1971 silly fetch manifest react@^18.2.0 || 19.0.0-rc-de68d2f4-20241204 || ^19.0.0
1972 silly packumentCache full:https://registry.npmjs.org/react cache-miss
1973 http cache https://registry.npmjs.org/react 234ms (cache hit)
1974 silly packumentCache full:https://registry.npmjs.org/react set size:6854251 disposed:false
1975 silly placeDep ROOT @next/env@15.5.22 OK for: next@15.5.22 want: 15.5.22
1976 silly placeDep ROOT @next/swc-darwin-arm64@15.5.22 OK for: next@15.5.22 want: 15.5.22
1977 silly placeDep ROOT @next/swc-darwin-x64@15.5.22 OK for: next@15.5.22 want: 15.5.22
1978 silly placeDep ROOT @next/swc-linux-arm64-gnu@15.5.22 OK for: next@15.5.22 want: 15.5.22
1979 silly placeDep ROOT @next/swc-linux-arm64-musl@15.5.22 OK for: next@15.5.22 want: 15.5.22
1980 silly placeDep ROOT @next/swc-linux-x64-gnu@15.5.22 OK for: next@15.5.22 want: 15.5.22
1981 silly placeDep ROOT @next/swc-linux-x64-musl@15.5.22 OK for: next@15.5.22 want: 15.5.22
1982 silly placeDep ROOT @next/swc-win32-arm64-msvc@15.5.22 OK for: next@15.5.22 want: 15.5.22
1983 silly placeDep ROOT @next/swc-win32-x64-msvc@15.5.22 OK for: next@15.5.22 want: 15.5.22
1984 silly placeDep ROOT @swc/helpers@0.5.15 OK for: next@15.5.22 want: 0.5.15
1985 silly placeDep ROOT caniuse-lite@1.0.30001806 OK for: next@15.5.22 want: ^1.0.30001579
1986 silly placeDep node_modules/next postcss@8.4.31 OK for: next@15.5.22 want: 8.4.31
1987 silly placeDep ROOT sharp@0.34.5 OK for: next@15.5.22 want: ^0.34.3
1988 silly placeDep ROOT styled-jsx@5.1.6 OK for: next@15.5.22 want: 5.1.6
1989 silly fetch manifest tslib@^2.8.0
1990 silly packumentCache full:https://registry.npmjs.org/tslib cache-miss
1991 silly fetch manifest nanoid@^3.3.6
1992 silly packumentCache full:https://registry.npmjs.org/nanoid cache-miss
1993 silly fetch manifest picocolors@^1.0.0
1994 silly packumentCache full:https://registry.npmjs.org/picocolors cache-miss
1995 silly fetch manifest source-map-js@^1.0.2
1996 silly packumentCache full:https://registry.npmjs.org/source-map-js cache-miss
1997 silly fetch manifest @img/colour@^1.0.0
1998 silly packumentCache full:https://registry.npmjs.org/@img%2fcolour cache-miss
1999 http cache https://registry.npmjs.org/picocolors 28ms (cache hit)
2000 silly packumentCache full:https://registry.npmjs.org/picocolors set size:16648 disposed:false
2001 silly fetch manifest detect-libc@^2.1.2
2002 silly packumentCache full:https://registry.npmjs.org/detect-libc cache-miss
2003 http cache https://registry.npmjs.org/source-map-js 31ms (cache hit)
2004 silly packumentCache full:https://registry.npmjs.org/source-map-js set size:62640 disposed:false
2005 silly fetch manifest @img/sharp-wasm32@0.34.5
2006 silly packumentCache full:https://registry.npmjs.org/@img%2fsharp-wasm32 cache-miss
2007 http fetch GET 200 https://registry.npmjs.org/tslib 35ms (cache miss)
2008 silly packumentCache full:https://registry.npmjs.org/tslib set size:undefined disposed:false
2009 silly fetch manifest @img/sharp-linux-arm@0.34.5
2010 silly packumentCache full:https://registry.npmjs.org/@img%2fsharp-linux-arm cache-miss
2011 http fetch GET 200 https://registry.npmjs.org/@img%2fcolour 38ms (cache miss)
2012 silly packumentCache full:https://registry.npmjs.org/@img%2fcolour set size:undefined disposed:false
2013 silly fetch manifest @img/sharp-linux-x64@0.34.5
2014 silly packumentCache full:https://registry.npmjs.org/@img%2fsharp-linux-x64 cache-miss
2015 http cache https://registry.npmjs.org/nanoid 51ms (cache hit)
2016 silly packumentCache full:https://registry.npmjs.org/nanoid set size:335912 disposed:false
2017 silly fetch manifest @img/sharp-win32-x64@0.34.5
2018 silly packumentCache full:https://registry.npmjs.org/@img%2fsharp-win32-x64 cache-miss
2019 http fetch GET 200 https://registry.npmjs.org/detect-libc 29ms (cache miss)
2020 silly packumentCache full:https://registry.npmjs.org/detect-libc set size:undefined disposed:false
2021 silly fetch manifest @img/sharp-darwin-x64@0.34.5
2022 silly packumentCache full:https://registry.npmjs.org/@img%2fsharp-darwin-x64 cache-miss
2023 http fetch GET 200 https://registry.npmjs.org/@img%2fsharp-wasm32 35ms (cache miss)
2024 silly packumentCache full:https://registry.npmjs.org/@img%2fsharp-wasm32 set size:undefined disposed:false
2025 silly fetch manifest @img/sharp-win32-ia32@0.34.5
2026 silly packumentCache full:https://registry.npmjs.org/@img%2fsharp-win32-ia32 cache-miss
2027 http fetch GET 200 https://registry.npmjs.org/@img%2fsharp-linux-arm 41ms (cache miss)
2028 silly packumentCache full:https://registry.npmjs.org/@img%2fsharp-linux-arm set size:undefined disposed:false
2029 silly fetch manifest @img/sharp-linux-arm64@0.34.5
2030 silly packumentCache full:https://registry.npmjs.org/@img%2fsharp-linux-arm64 cache-miss
2031 http fetch GET 200 https://registry.npmjs.org/@img%2fsharp-linux-x64 42ms (cache miss)
2032 silly packumentCache full:https://registry.npmjs.org/@img%2fsharp-linux-x64 set size:undefined disposed:false
2033 silly fetch manifest @img/sharp-linux-ppc64@0.34.5
2034 silly packumentCache full:https://registry.npmjs.org/@img%2fsharp-linux-ppc64 cache-miss
2035 http fetch GET 200 https://registry.npmjs.org/@img%2fsharp-win32-x64 34ms (cache miss)
2036 silly packumentCache full:https://registry.npmjs.org/@img%2fsharp-win32-x64 set size:undefined disposed:false
2037 silly fetch manifest @img/sharp-linux-s390x@0.34.5
2038 silly packumentCache full:https://registry.npmjs.org/@img%2fsharp-linux-s390x cache-miss
2039 http fetch GET 200 https://registry.npmjs.org/@img%2fsharp-darwin-x64 38ms (cache miss)
2040 silly packumentCache full:https://registry.npmjs.org/@img%2fsharp-darwin-x64 set size:undefined disposed:false
2041 silly fetch manifest @img/sharp-win32-arm64@0.34.5
2042 silly packumentCache full:https://registry.npmjs.org/@img%2fsharp-win32-arm64 cache-miss
2043 http fetch GET 200 https://registry.npmjs.org/@img%2fsharp-win32-ia32 37ms (cache miss)
2044 silly packumentCache full:https://registry.npmjs.org/@img%2fsharp-win32-ia32 set size:undefined disposed:false
2045 silly fetch manifest @img/sharp-darwin-arm64@0.34.5
2046 silly packumentCache full:https://registry.npmjs.org/@img%2fsharp-darwin-arm64 cache-miss
2047 http fetch GET 200 https://registry.npmjs.org/@img%2fsharp-linux-ppc64 32ms (cache miss)
2048 silly packumentCache full:https://registry.npmjs.org/@img%2fsharp-linux-ppc64 set size:undefined disposed:false
2049 silly fetch manifest @img/sharp-linux-riscv64@0.34.5
2050 silly packumentCache full:https://registry.npmjs.org/@img%2fsharp-linux-riscv64 cache-miss
2051 http fetch GET 200 https://registry.npmjs.org/@img%2fsharp-linux-arm64 39ms (cache miss)
2052 silly packumentCache full:https://registry.npmjs.org/@img%2fsharp-linux-arm64 set size:undefined disposed:false
2053 silly fetch manifest @img/sharp-linuxmusl-x64@0.34.5
2054 silly packumentCache full:https://registry.npmjs.org/@img%2fsharp-linuxmusl-x64 cache-miss
2055 http fetch GET 200 https://registry.npmjs.org/@img%2fsharp-linux-s390x 35ms (cache miss)
2056 silly packumentCache full:https://registry.npmjs.org/@img%2fsharp-linux-s390x set size:undefined disposed:false
2057 silly fetch manifest @img/sharp-linuxmusl-arm64@0.34.5
2058 silly packumentCache full:https://registry.npmjs.org/@img%2fsharp-linuxmusl-arm64 cache-miss
2059 http fetch GET 200 https://registry.npmjs.org/@img%2fsharp-win32-arm64 32ms (cache miss)
2060 silly packumentCache full:https://registry.npmjs.org/@img%2fsharp-win32-arm64 set size:undefined disposed:false
2061 silly fetch manifest @img/sharp-libvips-linux-arm@1.2.4
2062 silly packumentCache full:https://registry.npmjs.org/@img%2fsharp-libvips-linux-arm cache-miss
2063 http fetch GET 200 https://registry.npmjs.org/@img%2fsharp-darwin-arm64 34ms (cache miss)
2064 silly packumentCache full:https://registry.npmjs.org/@img%2fsharp-darwin-arm64 set size:undefined disposed:false
2065 silly fetch manifest @img/sharp-libvips-linux-x64@1.2.4
2066 silly packumentCache full:https://registry.npmjs.org/@img%2fsharp-libvips-linux-x64 cache-miss
2067 http fetch GET 200 https://registry.npmjs.org/@img%2fsharp-linux-riscv64 29ms (cache miss)
2068 silly packumentCache full:https://registry.npmjs.org/@img%2fsharp-linux-riscv64 set size:undefined disposed:false
2069 silly fetch manifest @img/sharp-libvips-darwin-x64@1.2.4
2070 silly packumentCache full:https://registry.npmjs.org/@img%2fsharp-libvips-darwin-x64 cache-miss
2071 http fetch GET 200 https://registry.npmjs.org/@img%2fsharp-linuxmusl-x64 43ms (cache miss)
2072 silly packumentCache full:https://registry.npmjs.org/@img%2fsharp-linuxmusl-x64 set size:undefined disposed:false
2073 silly fetch manifest @img/sharp-libvips-linux-arm64@1.2.4
2074 silly packumentCache full:https://registry.npmjs.org/@img%2fsharp-libvips-linux-arm64 cache-miss
2075 http fetch GET 200 https://registry.npmjs.org/@img%2fsharp-linuxmusl-arm64 35ms (cache miss)
2076 silly packumentCache full:https://registry.npmjs.org/@img%2fsharp-linuxmusl-arm64 set size:undefined disposed:false
2077 silly fetch manifest @img/sharp-libvips-linux-ppc64@1.2.4
2078 silly packumentCache full:https://registry.npmjs.org/@img%2fsharp-libvips-linux-ppc64 cache-miss
2079 http fetch GET 200 https://registry.npmjs.org/@img%2fsharp-libvips-linux-arm 36ms (cache miss)
2080 silly packumentCache full:https://registry.npmjs.org/@img%2fsharp-libvips-linux-arm set size:undefined disposed:false
2081 silly fetch manifest @img/sharp-libvips-linux-s390x@1.2.4
2082 silly packumentCache full:https://registry.npmjs.org/@img%2fsharp-libvips-linux-s390x cache-miss
2083 http fetch GET 200 https://registry.npmjs.org/@img%2fsharp-libvips-linux-arm64 35ms (cache miss)
2084 silly packumentCache full:https://registry.npmjs.org/@img%2fsharp-libvips-linux-arm64 set size:undefined disposed:false
2085 silly fetch manifest @img/sharp-libvips-darwin-arm64@1.2.4
2086 silly packumentCache full:https://registry.npmjs.org/@img%2fsharp-libvips-darwin-arm64 cache-miss
2087 http fetch GET 200 https://registry.npmjs.org/@img%2fsharp-libvips-darwin-x64 52ms (cache miss)
2088 silly packumentCache full:https://registry.npmjs.org/@img%2fsharp-libvips-darwin-x64 set size:undefined disposed:false
2089 silly fetch manifest @img/sharp-libvips-linux-riscv64@1.2.4
2090 silly packumentCache full:https://registry.npmjs.org/@img%2fsharp-libvips-linux-riscv64 cache-miss
2091 http fetch GET 200 https://registry.npmjs.org/@img%2fsharp-libvips-linux-s390x 36ms (cache miss)
2092 silly packumentCache full:https://registry.npmjs.org/@img%2fsharp-libvips-linux-s390x set size:undefined disposed:false
2093 silly fetch manifest @img/sharp-libvips-linuxmusl-x64@1.2.4
2094 silly packumentCache full:https://registry.npmjs.org/@img%2fsharp-libvips-linuxmusl-x64 cache-miss
2095 http fetch GET 200 https://registry.npmjs.org/@img%2fsharp-libvips-linux-ppc64 56ms (cache miss)
2096 silly packumentCache full:https://registry.npmjs.org/@img%2fsharp-libvips-linux-ppc64 set size:undefined disposed:false
2097 silly fetch manifest @img/sharp-libvips-linuxmusl-arm64@1.2.4
2098 silly packumentCache full:https://registry.npmjs.org/@img%2fsharp-libvips-linuxmusl-arm64 cache-miss
2099 http fetch GET 200 https://registry.npmjs.org/@img%2fsharp-libvips-darwin-arm64 33ms (cache miss)
2100 silly packumentCache full:https://registry.npmjs.org/@img%2fsharp-libvips-darwin-arm64 set size:undefined disposed:false
2101 silly fetch manifest client-only@0.0.1
2102 silly packumentCache full:https://registry.npmjs.org/client-only cache-miss
2103 http fetch GET 200 https://registry.npmjs.org/@img%2fsharp-libvips-linux-riscv64 36ms (cache miss)
2104 silly packumentCache full:https://registry.npmjs.org/@img%2fsharp-libvips-linux-riscv64 set size:undefined disposed:false
2105 http fetch GET 200 https://registry.npmjs.org/@img%2fsharp-libvips-linuxmusl-x64 32ms (cache miss)
2106 silly packumentCache full:https://registry.npmjs.org/@img%2fsharp-libvips-linuxmusl-x64 set size:undefined disposed:false
2107 http fetch GET 200 https://registry.npmjs.org/client-only 25ms (cache miss)
2108 silly packumentCache full:https://registry.npmjs.org/client-only set size:undefined disposed:false
2109 http fetch GET 200 https://registry.npmjs.org/@img%2fsharp-libvips-linuxmusl-arm64 178ms (cache miss)
2110 silly packumentCache full:https://registry.npmjs.org/@img%2fsharp-libvips-linuxmusl-arm64 set size:undefined disposed:false
2111 http fetch GET 200 https://registry.npmjs.org/@img%2fsharp-libvips-linux-x64 294ms (cache miss)
2112 silly packumentCache full:https://registry.npmjs.org/@img%2fsharp-libvips-linux-x64 set size:undefined disposed:false
2113 silly placeDep ROOT tslib@2.8.1 OK for: @swc/helpers@0.5.15 want: ^2.8.0
2114 silly placeDep ROOT deep-is@0.1.4 OK for: optionator@0.9.4 want: ^0.1.3
2115 silly placeDep ROOT fast-levenshtein@2.0.6 OK for: optionator@0.9.4 want: ^2.0.6
2116 silly placeDep ROOT word-wrap@1.2.5 OK for: optionator@0.9.4 want: ^1.2.5
2117 silly placeDep ROOT p-limit@3.1.0 OK for: p-locate@5.0.0 want: ^3.0.2
2118 silly fetch manifest yocto-queue@^0.1.0
2119 silly packumentCache full:https://registry.npmjs.org/yocto-queue cache-miss
2120 http fetch GET 200 https://registry.npmjs.org/yocto-queue 20ms (cache miss)
2121 silly packumentCache full:https://registry.npmjs.org/yocto-queue set size:undefined disposed:false
2122 silly placeDep ROOT yocto-queue@0.1.0 OK for: p-limit@3.1.0 want: ^0.1.0
2123 silly placeDep ROOT callsites@3.1.0 OK for: parent-module@1.0.1 want: ^3.0.0
2124 silly placeDep ROOT nanoid@3.3.16 OK for: postcss@8.5.25 want: ^3.3.16
2125 silly placeDep ROOT picocolors@1.1.1 OK for: postcss@8.5.25 want: ^1.1.1
2126 silly placeDep ROOT source-map-js@1.2.1 OK for: postcss@8.5.25 want: ^1.2.1
2127 silly placeDep ROOT @prisma/config@6.19.3 OK for: prisma@6.19.3 want: 6.19.3
2128 silly placeDep ROOT @prisma/engines@6.19.3 OK for: prisma@6.19.3 want: 6.19.3
2129 silly fetch manifest c12@3.1.0
2130 silly packumentCache full:https://registry.npmjs.org/c12 cache-miss
2131 silly fetch manifest effect@3.21.0
2132 silly packumentCache full:https://registry.npmjs.org/effect cache-miss
2133 silly fetch manifest empathic@2.0.0
2134 silly packumentCache full:https://registry.npmjs.org/empathic cache-miss
2135 silly fetch manifest deepmerge-ts@7.1.5
2136 silly packumentCache full:https://registry.npmjs.org/deepmerge-ts cache-miss
2137 silly fetch manifest @prisma/debug@6.19.3
2138 silly packumentCache full:https://registry.npmjs.org/@prisma%2fdebug cache-miss
2139 http fetch GET 200 https://registry.npmjs.org/empathic 237ms (cache miss)
2140 silly packumentCache full:https://registry.npmjs.org/empathic set size:undefined disposed:false
2141 silly fetch manifest @prisma/fetch-engine@6.19.3
2142 silly packumentCache full:https://registry.npmjs.org/@prisma%2ffetch-engine cache-miss
2143 http fetch GET 200 https://registry.npmjs.org/c12 242ms (cache miss)
2144 silly packumentCache full:https://registry.npmjs.org/c12 set size:undefined disposed:false
2145 silly fetch manifest @prisma/get-platform@6.19.3
2146 silly packumentCache full:https://registry.npmjs.org/@prisma%2fget-platform cache-miss
2147 http fetch GET 200 https://registry.npmjs.org/deepmerge-ts 244ms (cache miss)
2148 silly packumentCache full:https://registry.npmjs.org/deepmerge-ts set size:undefined disposed:false
2149 silly fetch manifest @prisma/engines-version@7.1.1-3.c2990dca591cba766e3b7ef5d9e8a84796e47ab7
2150 silly packumentCache full:https://registry.npmjs.org/@prisma%2fengines-version cache-miss
2151 http fetch GET 200 https://registry.npmjs.org/effect 360ms (cache miss)
2152 silly packumentCache full:https://registry.npmjs.org/effect set size:undefined disposed:false
2153 http fetch GET 200 https://registry.npmjs.org/@prisma%2fengines-version 2084ms (cache miss)
2154 silly packumentCache full:https://registry.npmjs.org/@prisma%2fengines-version set size:undefined disposed:false
2155 http fetch GET 200 https://registry.npmjs.org/@prisma%2fdebug 3310ms (cache miss)
2156 silly packumentCache full:https://registry.npmjs.org/@prisma%2fdebug set size:undefined disposed:false
2157 http fetch GET 200 https://registry.npmjs.org/@prisma%2fget-platform 3847ms (cache miss)
2158 silly packumentCache full:https://registry.npmjs.org/@prisma%2fget-platform set size:undefined disposed:false
2159 http fetch GET 200 https://registry.npmjs.org/@prisma%2ffetch-engine 4203ms (cache miss)
2160 silly packumentCache full:https://registry.npmjs.org/@prisma%2ffetch-engine set size:undefined disposed:false
2161 silly fetch manifest magicast@^0.3.5
2162 silly packumentCache full:https://registry.npmjs.org/magicast cache-miss
2163 http fetch GET 200 https://registry.npmjs.org/magicast 25ms (cache miss)
2164 silly packumentCache full:https://registry.npmjs.org/magicast set size:undefined disposed:false
2165 silly placeDep ROOT c12@3.1.0 OK for: @prisma/config@6.19.3 want: 3.1.0
2166 silly placeDep ROOT deepmerge-ts@7.1.5 OK for: @prisma/config@6.19.3 want: 7.1.5
2167 silly placeDep ROOT effect@3.21.0 OK for: @prisma/config@6.19.3 want: 3.21.0
2168 silly placeDep ROOT empathic@2.0.0 OK for: @prisma/config@6.19.3 want: 2.0.0
2169 silly fetch manifest rc9@^2.1.2
2170 silly packumentCache full:https://registry.npmjs.org/rc9 cache-miss
2171 silly fetch manifest defu@^6.1.4
2172 silly packumentCache full:https://registry.npmjs.org/defu cache-miss
2173 silly fetch manifest jiti@^2.4.2
2174 silly packumentCache full:https://registry.npmjs.org/jiti cache-hit
2175 silly fetch manifest giget@^2.0.0
2176 silly packumentCache full:https://registry.npmjs.org/giget cache-miss
2177 silly fetch manifest ohash@^2.0.11
2178 silly packumentCache full:https://registry.npmjs.org/ohash cache-miss
2179 silly fetch manifest dotenv@^16.6.1
2180 silly packumentCache full:https://registry.npmjs.org/dotenv cache-miss
2181 http fetch GET 200 https://registry.npmjs.org/rc9 37ms (cache miss)
2182 silly packumentCache full:https://registry.npmjs.org/rc9 set size:undefined disposed:false
2183 silly fetch manifest confbox@^0.2.2
2184 silly packumentCache full:https://registry.npmjs.org/confbox cache-miss
2185 http fetch GET 200 https://registry.npmjs.org/defu 40ms (cache miss)
2186 silly packumentCache full:https://registry.npmjs.org/defu set size:undefined disposed:false
2187 silly fetch manifest exsolve@^1.0.7
2188 silly packumentCache full:https://registry.npmjs.org/exsolve cache-miss
2189 http fetch GET 200 https://registry.npmjs.org/ohash 42ms (cache miss)
2190 silly packumentCache full:https://registry.npmjs.org/ohash set size:undefined disposed:false
2191 silly fetch manifest chokidar@^4.0.3
2192 silly packumentCache full:https://registry.npmjs.org/chokidar cache-miss
2193 http fetch GET 200 https://registry.npmjs.org/dotenv 49ms (cache miss)
2194 silly packumentCache full:https://registry.npmjs.org/dotenv set size:undefined disposed:false
2195 silly fetch manifest pkg-types@^2.2.0
2196 silly packumentCache full:https://registry.npmjs.org/pkg-types cache-miss
2197 http fetch GET 200 https://registry.npmjs.org/exsolve 39ms (cache miss)
2198 silly packumentCache full:https://registry.npmjs.org/exsolve set size:undefined disposed:false
2199 silly fetch manifest perfect-debounce@^1.0.0
2200 silly packumentCache full:https://registry.npmjs.org/perfect-debounce cache-miss
2201 http fetch GET 200 https://registry.npmjs.org/confbox 46ms (cache miss)
2202 silly packumentCache full:https://registry.npmjs.org/confbox set size:undefined disposed:false
2203 silly fetch manifest fast-check@^3.23.1
2204 silly packumentCache full:https://registry.npmjs.org/fast-check cache-miss
2205 http fetch GET 200 https://registry.npmjs.org/pkg-types 48ms (cache miss)
2206 silly packumentCache full:https://registry.npmjs.org/pkg-types set size:undefined disposed:false
2207 silly fetch manifest @standard-schema/spec@^1.0.0
2208 silly packumentCache full:https://registry.npmjs.org/@standard-schema%2fspec cache-miss
2209 http cache https://registry.npmjs.org/chokidar 63ms (cache hit)
2210 silly packumentCache full:https://registry.npmjs.org/chokidar set size:255902 disposed:false
2211 http fetch GET 200 https://registry.npmjs.org/perfect-debounce 28ms (cache miss)
2212 silly packumentCache full:https://registry.npmjs.org/perfect-debounce set size:undefined disposed:false
2213 http fetch GET 200 https://registry.npmjs.org/@standard-schema%2fspec 43ms (cache miss)
2214 silly packumentCache full:https://registry.npmjs.org/@standard-schema%2fspec set size:undefined disposed:false
2215 http fetch GET 200 https://registry.npmjs.org/giget 272ms (cache miss)
2216 silly packumentCache full:https://registry.npmjs.org/giget set size:undefined disposed:false
2217 http fetch GET 200 https://registry.npmjs.org/fast-check 319ms (cache miss)
2218 silly packumentCache full:https://registry.npmjs.org/fast-check set size:undefined disposed:false
2219 silly placeDep ROOT @prisma/debug@6.19.3 OK for: @prisma/engines@6.19.3 want: 6.19.3
2220 silly placeDep ROOT @prisma/engines-version@7.1.1-3.c2990dca591cba766e3b7ef5d9e8a84796e47ab7 OK for: @prisma/engines@6.19.3 want: 7.1.1-3.c2990dca591cba766e3b7ef5d9e8a84796e47ab7
2221 silly placeDep ROOT @prisma/fetch-engine@6.19.3 OK for: @prisma/engines@6.19.3 want: 6.19.3
2222 silly placeDep ROOT @prisma/get-platform@6.19.3 OK for: @prisma/engines@6.19.3 want: 6.19.3
2223 silly placeDep ROOT chokidar@4.0.3 OK for: c12@3.1.0 want: ^4.0.3
2224 silly placeDep ROOT confbox@0.2.4 OK for: c12@3.1.0 want: ^0.2.2
2225 silly placeDep ROOT defu@6.1.7 OK for: c12@3.1.0 want: ^6.1.4
2226 silly placeDep ROOT dotenv@16.6.1 OK for: c12@3.1.0 want: ^16.6.1
2227 silly placeDep ROOT exsolve@1.1.1 OK for: c12@3.1.0 want: ^1.0.7
2228 silly placeDep ROOT giget@2.0.0 OK for: c12@3.1.0 want: ^2.0.0
2229 silly placeDep ROOT jiti@2.7.0 OK for: c12@3.1.0 want: ^2.4.2
2230 silly placeDep ROOT ohash@2.0.11 OK for: c12@3.1.0 want: ^2.0.11
2231 silly placeDep ROOT pathe@2.0.3 OK for: c12@3.1.0 want: ^2.0.3
2232 silly placeDep ROOT perfect-debounce@1.0.0 OK for: c12@3.1.0 want: ^1.0.0
2233 silly placeDep ROOT pkg-types@2.3.1 OK for: c12@3.1.0 want: ^2.2.0
2234 silly placeDep ROOT rc9@2.1.2 OK for: c12@3.1.0 want: ^2.1.2
2235 silly fetch manifest readdirp@^4.0.1
2236 silly packumentCache full:https://registry.npmjs.org/readdirp cache-miss
2237 silly fetch manifest nypm@^0.6.0
2238 silly packumentCache full:https://registry.npmjs.org/nypm cache-miss
2239 silly fetch manifest citty@^0.1.6
2240 silly packumentCache full:https://registry.npmjs.org/citty cache-miss
2241 silly fetch manifest consola@^3.4.0
2242 silly packumentCache full:https://registry.npmjs.org/consola cache-miss
2243 silly fetch manifest node-fetch-native@^1.6.6
2244 silly packumentCache full:https://registry.npmjs.org/node-fetch-native cache-miss
2245 http fetch GET 200 https://registry.npmjs.org/node-fetch-native 37ms (cache miss)
2246 silly packumentCache full:https://registry.npmjs.org/node-fetch-native set size:undefined disposed:false
2247 silly fetch manifest destr@^2.0.3
2248 silly packumentCache full:https://registry.npmjs.org/destr cache-miss
2249 http fetch GET 200 https://registry.npmjs.org/readdirp 45ms (cache miss)
2250 silly packumentCache full:https://registry.npmjs.org/readdirp set size:undefined disposed:false
2251 http fetch GET 200 https://registry.npmjs.org/destr 27ms (cache miss)
2252 silly packumentCache full:https://registry.npmjs.org/destr set size:undefined disposed:false
2253 http fetch GET 200 https://registry.npmjs.org/citty 74ms (cache miss)
2254 silly packumentCache full:https://registry.npmjs.org/citty set size:undefined disposed:false
2255 http fetch GET 200 https://registry.npmjs.org/nypm 78ms (cache miss)
2256 silly packumentCache full:https://registry.npmjs.org/nypm set size:undefined disposed:false
2257 http fetch GET 200 https://registry.npmjs.org/consola 81ms (cache miss)
2258 silly packumentCache full:https://registry.npmjs.org/consola set size:undefined disposed:false
2259 silly placeDep ROOT readdirp@4.1.2 OK for: chokidar@4.0.3 want: ^4.0.1
2260 silly placeDep ROOT @standard-schema/spec@1.1.0 OK for: effect@3.21.0 want: ^1.0.0
2261 silly placeDep ROOT fast-check@3.23.2 OK for: effect@3.21.0 want: ^3.23.1
2262 silly fetch manifest pure-rand@^6.1.0
2263 silly packumentCache full:https://registry.npmjs.org/pure-rand cache-miss
2264 http fetch GET 200 https://registry.npmjs.org/pure-rand 34ms (cache miss)
2265 silly packumentCache full:https://registry.npmjs.org/pure-rand set size:undefined disposed:false
2266 silly placeDep ROOT pure-rand@6.1.0 OK for: fast-check@3.23.2 want: ^6.1.0
2267 silly placeDep ROOT citty@0.1.6 OK for: giget@2.0.0 want: ^0.1.6
2268 silly placeDep ROOT consola@3.4.2 OK for: giget@2.0.0 want: ^3.4.0
2269 silly placeDep ROOT node-fetch-native@1.6.7 OK for: giget@2.0.0 want: ^1.6.6
2270 silly placeDep ROOT nypm@0.6.9 OK for: giget@2.0.0 want: ^0.6.0
2271 silly fetch manifest consola@^3.2.3
2272 silly packumentCache full:https://registry.npmjs.org/consola cache-miss
2273 silly fetch manifest citty@^0.2.2
2274 silly packumentCache full:https://registry.npmjs.org/citty cache-miss
2275 silly fetch manifest tinyexec@^1.2.4
2276 silly packumentCache full:https://registry.npmjs.org/tinyexec cache-miss
2277 http cache https://registry.npmjs.org/citty 606ms (cache hit)
2278 silly packumentCache full:https://registry.npmjs.org/citty set size:38582 disposed:false
2279 http cache https://registry.npmjs.org/tinyexec 610ms (cache hit)
2280 silly packumentCache full:https://registry.npmjs.org/tinyexec set size:63398 disposed:false
2281 http cache https://registry.npmjs.org/consola 627ms (cache hit)
2282 silly packumentCache full:https://registry.npmjs.org/consola set size:324648 disposed:false
2283 silly placeDep node_modules/nypm citty@0.2.2 OK for: nypm@0.6.9 want: ^0.2.2
2284 silly placeDep ROOT tinyexec@1.2.4 OK for: nypm@0.6.9 want: ^1.2.4
2285 silly placeDep ROOT loose-envify@1.4.0 OK for: prop-types@15.8.1 want: ^1.4.0
2286 silly placeDep ROOT object-assign@4.1.1 OK for: prop-types@15.8.1 want: ^4.1.1
2287 silly placeDep ROOT react-is@16.13.1 OK for: prop-types@15.8.1 want: ^16.13.1
2288 silly fetch manifest js-tokens@^3.0.0 || ^4.0.0
2289 silly packumentCache full:https://registry.npmjs.org/js-tokens cache-miss
2290 http fetch GET 200 https://registry.npmjs.org/js-tokens 25ms (cache miss)
2291 silly packumentCache full:https://registry.npmjs.org/js-tokens set size:undefined disposed:false
2292 silly placeDep ROOT js-tokens@4.0.0 OK for: loose-envify@1.4.0 want: ^3.0.0 || ^4.0.0
2293 silly placeDep ROOT destr@2.0.5 OK for: rc9@2.1.2 want: ^2.0.3
2294 silly placeDep ROOT scheduler@0.27.0 OK for: react-dom@19.2.8 want: ^0.27.0
2295 silly placeDep ROOT node-exports-info@1.6.2 OK for: resolve@2.0.0-next.7 want: ^1.6.0
2296 silly placeDep ROOT path-parse@1.0.7 OK for: resolve@2.0.0-next.7 want: ^1.0.7
2297 silly placeDep ROOT supports-preserve-symlinks-flag@1.0.0 OK for: resolve@2.0.0-next.7 want: ^1.0.0
2298 silly placeDep node_modules/node-exports-info semver@6.3.1 OK for: node-exports-info@1.6.2 want: ^6.3.1
2299 silly placeDep ROOT queue-microtask@1.2.3 OK for: run-parallel@1.2.0 want: ^1.2.2
2300 silly placeDep ROOT isarray@2.0.5 OK for: safe-array-concat@1.1.4 want: ^2.0.5
2301 silly placeDep ROOT @img/colour@1.1.0 OK for: sharp@0.34.5 want: ^1.0.0
2302 silly placeDep ROOT @img/sharp-darwin-arm64@0.34.5 OK for: sharp@0.34.5 want: 0.34.5
2303 silly placeDep ROOT @img/sharp-darwin-x64@0.34.5 OK for: sharp@0.34.5 want: 0.34.5
2304 silly placeDep ROOT @img/sharp-libvips-darwin-arm64@1.2.4 OK for: sharp@0.34.5 want: 1.2.4
2305 silly placeDep ROOT @img/sharp-libvips-darwin-x64@1.2.4 OK for: sharp@0.34.5 want: 1.2.4
2306 silly placeDep ROOT @img/sharp-libvips-linux-arm@1.2.4 OK for: sharp@0.34.5 want: 1.2.4
2307 silly placeDep ROOT @img/sharp-libvips-linux-arm64@1.2.4 OK for: sharp@0.34.5 want: 1.2.4
2308 silly placeDep ROOT @img/sharp-libvips-linux-ppc64@1.2.4 OK for: sharp@0.34.5 want: 1.2.4
2309 silly placeDep ROOT @img/sharp-libvips-linux-riscv64@1.2.4 OK for: sharp@0.34.5 want: 1.2.4
2310 silly placeDep ROOT @img/sharp-libvips-linux-s390x@1.2.4 OK for: sharp@0.34.5 want: 1.2.4
2311 silly placeDep ROOT @img/sharp-libvips-linux-x64@1.2.4 OK for: sharp@0.34.5 want: 1.2.4
2312 silly placeDep ROOT @img/sharp-libvips-linuxmusl-arm64@1.2.4 OK for: sharp@0.34.5 want: 1.2.4
2313 silly placeDep ROOT @img/sharp-libvips-linuxmusl-x64@1.2.4 OK for: sharp@0.34.5 want: 1.2.4
2314 silly placeDep ROOT @img/sharp-linux-arm@0.34.5 OK for: sharp@0.34.5 want: 0.34.5
2315 silly placeDep ROOT @img/sharp-linux-arm64@0.34.5 OK for: sharp@0.34.5 want: 0.34.5
2316 silly placeDep ROOT @img/sharp-linux-ppc64@0.34.5 OK for: sharp@0.34.5 want: 0.34.5
2317 silly placeDep ROOT @img/sharp-linux-riscv64@0.34.5 OK for: sharp@0.34.5 want: 0.34.5
2318 silly placeDep ROOT @img/sharp-linux-s390x@0.34.5 OK for: sharp@0.34.5 want: 0.34.5
2319 silly placeDep ROOT @img/sharp-linux-x64@0.34.5 OK for: sharp@0.34.5 want: 0.34.5
2320 silly placeDep ROOT @img/sharp-linuxmusl-arm64@0.34.5 OK for: sharp@0.34.5 want: 0.34.5
2321 silly placeDep ROOT @img/sharp-linuxmusl-x64@0.34.5 OK for: sharp@0.34.5 want: 0.34.5
2322 silly placeDep ROOT @img/sharp-wasm32@0.34.5 OK for: sharp@0.34.5 want: 0.34.5
2323 silly placeDep ROOT @img/sharp-win32-arm64@0.34.5 OK for: sharp@0.34.5 want: 0.34.5
2324 silly placeDep ROOT @img/sharp-win32-ia32@0.34.5 OK for: sharp@0.34.5 want: 0.34.5
2325 silly placeDep ROOT @img/sharp-win32-x64@0.34.5 OK for: sharp@0.34.5 want: 0.34.5
2326 silly placeDep ROOT detect-libc@2.1.2 OK for: sharp@0.34.5 want: ^2.1.2
2327 silly fetch manifest @emnapi/runtime@^1.7.0
2328 silly packumentCache full:https://registry.npmjs.org/@emnapi%2fruntime cache-miss
2329 http fetch GET 200 https://registry.npmjs.org/@emnapi%2fruntime 31ms (cache miss)
2330 silly packumentCache full:https://registry.npmjs.org/@emnapi%2fruntime set size:undefined disposed:false
2331 silly placeDep ROOT @emnapi/runtime@1.11.3 OK for: @img/sharp-wasm32@0.34.5 want: ^1.7.0
2332 silly placeDep ROOT shebang-regex@3.0.0 OK for: shebang-command@2.0.0 want: ^3.0.0
2333 silly placeDep ROOT side-channel-list@1.0.1 OK for: side-channel@1.1.1 want: ^1.0.1
2334 silly placeDep ROOT side-channel-map@1.0.1 OK for: side-channel@1.1.1 want: ^1.0.1
2335 silly placeDep ROOT side-channel-weakmap@1.0.2 OK for: side-channel@1.1.1 want: ^1.0.2
2336 silly placeDep ROOT client-only@0.0.1 OK for: styled-jsx@5.1.6 want: 0.0.1
2337 silly placeDep ROOT has-flag@4.0.0 OK for: supports-color@7.2.0 want: ^4.0.0
2338 silly fetch manifest postcss@^8.4.47
2339 silly packumentCache full:https://registry.npmjs.org/postcss cache-hit
2340 silly fetch manifest tsx@^4.8.1
2341 silly packumentCache full:https://registry.npmjs.org/tsx cache-miss
2342 http fetch GET 200 https://registry.npmjs.org/tsx 40ms (cache miss)
2343 silly packumentCache full:https://registry.npmjs.org/tsx set size:undefined disposed:false
2344 silly fetch manifest yaml@^2.4.2
2345 silly packumentCache full:https://registry.npmjs.org/yaml cache-miss
2346 http fetch GET 200 https://registry.npmjs.org/yaml 44ms (cache miss)
2347 silly packumentCache full:https://registry.npmjs.org/yaml set size:undefined disposed:false
2348 silly placeDep ROOT @alloc/quick-lru@5.2.0 OK for: tailwindcss@3.4.19 want: ^5.2.0
2349 silly placeDep ROOT arg@5.0.2 OK for: tailwindcss@3.4.19 want: ^5.0.2
2350 silly placeDep node_modules/tailwindcss chokidar@3.6.0 OK for: tailwindcss@3.4.19 want: ^3.6.0
2351 silly placeDep ROOT didyoumean@1.2.2 OK for: tailwindcss@3.4.19 want: ^1.2.2
2352 silly placeDep ROOT dlv@1.1.3 OK for: tailwindcss@3.4.19 want: ^1.1.3
2353 silly placeDep node_modules/tailwindcss fast-glob@3.3.3 OK for: tailwindcss@3.4.19 want: ^3.3.2
2354 silly placeDep node_modules/tailwindcss jiti@1.21.7 OK for: tailwindcss@3.4.19 want: ^1.21.7
2355 silly placeDep ROOT lilconfig@3.1.3 OK for: tailwindcss@3.4.19 want: ^3.1.3
2356 silly placeDep ROOT normalize-path@3.0.0 OK for: tailwindcss@3.4.19 want: ^3.0.0
2357 silly placeDep ROOT object-hash@3.0.0 OK for: tailwindcss@3.4.19 want: ^3.0.0
2358 silly placeDep ROOT postcss-import@15.1.0 OK for: tailwindcss@3.4.19 want: ^15.1.0
2359 silly placeDep ROOT postcss-js@4.1.0 OK for: tailwindcss@3.4.19 want: ^4.0.1
2360 silly placeDep ROOT postcss-load-config@6.0.1 OK for: tailwindcss@3.4.19 want: ^4.0.2 || ^5.0 || ^6.0
2361 silly placeDep ROOT postcss-nested@6.2.0 OK for: tailwindcss@3.4.19 want: ^6.2.0
2362 silly placeDep ROOT postcss-selector-parser@6.1.4 OK for: tailwindcss@3.4.19 want: ^6.1.2
2363 silly placeDep node_modules/tailwindcss resolve@1.22.12 OK for: tailwindcss@3.4.19 want: ^1.22.8
2364 silly placeDep ROOT sucrase@3.35.1 OK for: tailwindcss@3.4.19 want: ^3.35.0
2365 silly fetch manifest anymatch@~3.1.2
2366 silly packumentCache full:https://registry.npmjs.org/anymatch cache-miss
2367 silly fetch manifest readdirp@~3.6.0
2368 silly packumentCache full:https://registry.npmjs.org/readdirp cache-miss
2369 silly fetch manifest glob-parent@~5.1.2
2370 silly packumentCache full:https://registry.npmjs.org/glob-parent cache-hit
2371 silly fetch manifest is-binary-path@~2.1.0
2372 silly packumentCache full:https://registry.npmjs.org/is-binary-path cache-miss
2373 silly fetch manifest normalize-path@~3.0.0
2374 silly packumentCache full:https://registry.npmjs.org/normalize-path cache-miss
2375 silly fetch manifest fsevents@~2.3.2
2376 silly packumentCache full:https://registry.npmjs.org/fsevents cache-miss
2377 http fetch GET 200 https://registry.npmjs.org/anymatch 184ms (cache miss)
2378 silly packumentCache full:https://registry.npmjs.org/anymatch set size:undefined disposed:false
2379 silly fetch manifest resolve@^1.1.7
2380 silly packumentCache full:https://registry.npmjs.org/resolve cache-hit
2381 silly fetch manifest read-cache@^1.0.0
2382 silly packumentCache full:https://registry.npmjs.org/read-cache cache-miss
2383 http fetch GET 200 https://registry.npmjs.org/is-binary-path 185ms (cache miss)
2384 silly packumentCache full:https://registry.npmjs.org/is-binary-path set size:undefined disposed:false
2385 silly fetch manifest postcss-value-parser@^4.0.0
2386 silly packumentCache full:https://registry.npmjs.org/postcss-value-parser cache-miss
2387 http cache https://registry.npmjs.org/normalize-path 187ms (cache hit)
2388 silly packumentCache full:https://registry.npmjs.org/normalize-path set size:28713 disposed:false
2389 silly fetch manifest camelcase-css@^2.0.1
2390 silly packumentCache full:https://registry.npmjs.org/camelcase-css cache-miss
2391 http cache https://registry.npmjs.org/readdirp 193ms (cache hit)
2392 silly packumentCache full:https://registry.npmjs.org/readdirp set size:107589 disposed:false
2393 silly fetch manifest postcss-selector-parser@^6.1.1
2394 silly packumentCache full:https://registry.npmjs.org/postcss-selector-parser cache-miss
2395 http fetch GET 200 https://registry.npmjs.org/fsevents 194ms (cache miss)
2396 silly packumentCache full:https://registry.npmjs.org/fsevents set size:undefined disposed:false
2397 silly fetch manifest cssesc@^3.0.0
2398 silly packumentCache full:https://registry.npmjs.org/cssesc cache-miss
2399 http cache https://registry.npmjs.org/postcss-selector-parser 106ms (cache hit)
2400 silly packumentCache full:https://registry.npmjs.org/postcss-selector-parser set size:193966 disposed:false
2401 silly fetch manifest util-deprecate@^1.0.2
2402 silly packumentCache full:https://registry.npmjs.org/util-deprecate cache-miss
2403 http fetch GET 200 https://registry.npmjs.org/cssesc 106ms (cache miss)
2404 silly packumentCache full:https://registry.npmjs.org/cssesc set size:undefined disposed:false
2405 silly fetch manifest @jridgewell/gen-mapping@^0.3.2
2406 silly packumentCache full:https://registry.npmjs.org/@jridgewell%2fgen-mapping cache-miss
2407 http fetch GET 200 https://registry.npmjs.org/camelcase-css 116ms (cache miss)
2408 silly packumentCache full:https://registry.npmjs.org/camelcase-css set size:undefined disposed:false
2409 silly fetch manifest commander@^4.0.0
2410 silly packumentCache full:https://registry.npmjs.org/commander cache-miss
2411 http fetch GET 200 https://registry.npmjs.org/postcss-value-parser 120ms (cache miss)
2412 silly packumentCache full:https://registry.npmjs.org/postcss-value-parser set size:undefined disposed:false
2413 silly fetch manifest lines-and-columns@^1.1.6
2414 silly packumentCache full:https://registry.npmjs.org/lines-and-columns cache-miss
2415 http fetch GET 200 https://registry.npmjs.org/read-cache 123ms (cache miss)
2416 silly packumentCache full:https://registry.npmjs.org/read-cache set size:undefined disposed:false
2417 silly fetch manifest mz@^2.7.0
2418 silly packumentCache full:https://registry.npmjs.org/mz cache-miss
2419 http fetch GET 200 https://registry.npmjs.org/util-deprecate 18ms (cache miss)
2420 silly packumentCache full:https://registry.npmjs.org/util-deprecate set size:undefined disposed:false
2421 silly fetch manifest pirates@^4.0.1
2422 silly packumentCache full:https://registry.npmjs.org/pirates cache-miss
2423 http fetch GET 200 https://registry.npmjs.org/lines-and-columns 25ms (cache miss)
2424 silly packumentCache full:https://registry.npmjs.org/lines-and-columns set size:undefined disposed:false
2425 silly fetch manifest ts-interface-checker@^0.1.9
2426 silly packumentCache full:https://registry.npmjs.org/ts-interface-checker cache-miss
2427 http fetch GET 200 https://registry.npmjs.org/mz 29ms (cache miss)
2428 silly packumentCache full:https://registry.npmjs.org/mz set size:undefined disposed:false
2429 http fetch GET 200 https://registry.npmjs.org/@jridgewell%2fgen-mapping 41ms (cache miss)
2430 silly packumentCache full:https://registry.npmjs.org/@jridgewell%2fgen-mapping set size:undefined disposed:false
2431 http fetch GET 200 https://registry.npmjs.org/pirates 31ms (cache miss)
2432 silly packumentCache full:https://registry.npmjs.org/pirates set size:undefined disposed:false
2433 http fetch GET 200 https://registry.npmjs.org/commander 63ms (cache miss)
2434 silly packumentCache full:https://registry.npmjs.org/commander set size:undefined disposed:false
2435 http fetch GET 200 https://registry.npmjs.org/ts-interface-checker 41ms (cache miss)
2436 silly packumentCache full:https://registry.npmjs.org/ts-interface-checker set size:undefined disposed:false
2437 silly placeDep ROOT postcss-value-parser@4.2.0 OK for: postcss-import@15.1.0 want: ^4.0.0
2438 silly placeDep ROOT read-cache@1.0.0 OK for: postcss-import@15.1.0 want: ^1.0.0
2439 silly placeDep node_modules/postcss-import resolve@1.22.12 OK for: postcss-import@15.1.0 want: ^1.1.7
2440 silly fetch manifest pify@^2.3.0
2441 silly packumentCache full:https://registry.npmjs.org/pify cache-miss
2442 http fetch GET 200 https://registry.npmjs.org/pify 23ms (cache miss)
2443 silly packumentCache full:https://registry.npmjs.org/pify set size:undefined disposed:false
2444 silly placeDep ROOT camelcase-css@2.0.1 OK for: postcss-js@4.1.0 want: ^2.0.1
2445 silly placeDep ROOT cssesc@3.0.0 OK for: postcss-selector-parser@6.1.4 want: ^3.0.0
2446 silly placeDep ROOT util-deprecate@1.0.2 OK for: postcss-selector-parser@6.1.4 want: ^1.0.2
2447 silly placeDep ROOT pify@2.3.0 OK for: read-cache@1.0.0 want: ^2.3.0
2448 silly placeDep ROOT @jridgewell/gen-mapping@0.3.13 OK for: sucrase@3.35.1 want: ^0.3.2
2449 silly placeDep ROOT commander@4.1.1 OK for: sucrase@3.35.1 want: ^4.0.0
2450 silly placeDep ROOT lines-and-columns@1.2.4 OK for: sucrase@3.35.1 want: ^1.1.6
2451 silly placeDep ROOT mz@2.7.0 OK for: sucrase@3.35.1 want: ^2.7.0
2452 silly placeDep ROOT pirates@4.0.7 OK for: sucrase@3.35.1 want: ^4.0.1
2453 silly placeDep ROOT ts-interface-checker@0.1.13 OK for: sucrase@3.35.1 want: ^0.1.9
2454 silly fetch manifest @jridgewell/trace-mapping@^0.3.24
2455 silly packumentCache full:https://registry.npmjs.org/@jridgewell%2ftrace-mapping cache-miss
2456 silly fetch manifest @jridgewell/sourcemap-codec@^1.5.0
2457 silly packumentCache full:https://registry.npmjs.org/@jridgewell%2fsourcemap-codec cache-miss
2458 silly fetch manifest any-promise@^1.0.0
2459 silly packumentCache full:https://registry.npmjs.org/any-promise cache-miss
2460 silly fetch manifest thenify-all@^1.0.0
2461 silly packumentCache full:https://registry.npmjs.org/thenify-all cache-miss
2462 http fetch GET 200 https://registry.npmjs.org/any-promise 108ms (cache miss)
2463 silly packumentCache full:https://registry.npmjs.org/any-promise set size:undefined disposed:false
2464 http fetch GET 200 https://registry.npmjs.org/thenify-all 109ms (cache miss)
2465 silly packumentCache full:https://registry.npmjs.org/thenify-all set size:undefined disposed:false
2466 http fetch GET 200 https://registry.npmjs.org/@jridgewell%2fsourcemap-codec 112ms (cache miss)
2467 silly packumentCache full:https://registry.npmjs.org/@jridgewell%2fsourcemap-codec set size:undefined disposed:false
2468 http fetch GET 200 https://registry.npmjs.org/@jridgewell%2ftrace-mapping 113ms (cache miss)
2469 silly packumentCache full:https://registry.npmjs.org/@jridgewell%2ftrace-mapping set size:undefined disposed:false
2470 silly placeDep ROOT @jridgewell/sourcemap-codec@1.5.5 OK for: @jridgewell/gen-mapping@0.3.13 want: ^1.5.0
2471 silly placeDep ROOT @jridgewell/trace-mapping@0.3.31 OK for: @jridgewell/gen-mapping@0.3.13 want: ^0.3.24
2472 silly fetch manifest @jridgewell/resolve-uri@^3.1.0
2473 silly packumentCache full:https://registry.npmjs.org/@jridgewell%2fresolve-uri cache-miss
2474 http fetch GET 200 https://registry.npmjs.org/@jridgewell%2fresolve-uri 40ms (cache miss)
2475 silly packumentCache full:https://registry.npmjs.org/@jridgewell%2fresolve-uri set size:undefined disposed:false
2476 silly placeDep ROOT @jridgewell/resolve-uri@3.1.2 OK for: @jridgewell/trace-mapping@0.3.31 want: ^3.1.0
2477 silly placeDep ROOT any-promise@1.3.0 OK for: mz@2.7.0 want: ^1.0.0
2478 silly placeDep ROOT thenify-all@1.6.0 OK for: mz@2.7.0 want: ^1.0.0
2479 silly fetch manifest thenify@>= 3.1.0 < 4
2480 silly packumentCache full:https://registry.npmjs.org/thenify cache-miss
2481 http fetch GET 200 https://registry.npmjs.org/thenify 24ms (cache miss)
2482 silly packumentCache full:https://registry.npmjs.org/thenify set size:undefined disposed:false
2483 silly placeDep ROOT thenify@3.3.1 OK for: thenify-all@1.6.0 want: >= 3.1.0 < 4
2484 silly placeDep node_modules/tinyglobby fdir@6.5.0 OK for: tinyglobby@0.2.17 want: ^6.5.0
2485 silly placeDep node_modules/tinyglobby picomatch@4.0.5 OK for: fdir@6.5.0 want: ^3 || ^4
2486 silly placeDep ROOT is-number@7.0.0 OK for: to-regex-range@5.0.1 want: ^7.0.0
2487 silly placeDep ROOT @types/json5@0.0.29 OK for: tsconfig-paths@3.15.0 want: ^0.0.29
2488 silly placeDep ROOT json5@1.0.2 OK for: tsconfig-paths@3.15.0 want: ^1.0.2
2489 silly placeDep ROOT minimist@1.2.8 OK for: tsconfig-paths@3.15.0 want: ^1.2.6
2490 silly placeDep ROOT strip-bom@3.0.0 OK for: tsconfig-paths@3.15.0 want: ^3.0.0
2491 silly fetch manifest minimist@^1.2.0
2492 silly packumentCache full:https://registry.npmjs.org/minimist cache-miss
2493 http cache https://registry.npmjs.org/minimist 258ms (cache hit)
2494 silly packumentCache full:https://registry.npmjs.org/minimist set size:77063 disposed:false
2495 silly placeDep ROOT for-each@0.3.5 OK for: typed-array-byte-length@1.0.3 want: ^0.3.3
2496 silly placeDep ROOT reflect.getprototypeof@1.0.10 OK for: typed-array-byte-offset@1.0.4 want: ^1.0.9
2497 silly fetch manifest which-builtin-type@^1.2.1
2498 silly packumentCache full:https://registry.npmjs.org/which-builtin-type cache-miss
2499 http fetch GET 200 https://registry.npmjs.org/which-builtin-type 19ms (cache miss)
2500 silly packumentCache full:https://registry.npmjs.org/which-builtin-type set size:undefined disposed:false
2501 silly placeDep ROOT which-builtin-type@1.2.1 OK for: reflect.getprototypeof@1.0.10 want: ^1.2.1
2502 silly fetch manifest is-async-function@^2.0.0
2503 silly packumentCache full:https://registry.npmjs.org/is-async-function cache-miss
2504 silly fetch manifest is-finalizationregistry@^1.1.0
2505 silly packumentCache full:https://registry.npmjs.org/is-finalizationregistry cache-miss
2506 silly fetch manifest is-generator-function@^1.0.10
2507 silly packumentCache full:https://registry.npmjs.org/is-generator-function cache-miss
2508 silly fetch manifest which-boxed-primitive@^1.1.0
2509 silly packumentCache full:https://registry.npmjs.org/which-boxed-primitive cache-miss
2510 silly fetch manifest which-collection@^1.0.2
2511 silly packumentCache full:https://registry.npmjs.org/which-collection cache-miss
2512 http cache https://registry.npmjs.org/which-boxed-primitive 238ms (cache hit)
2513 silly packumentCache full:https://registry.npmjs.org/which-boxed-primitive set size:19407 disposed:false
2514 http fetch GET 200 https://registry.npmjs.org/is-generator-function 239ms (cache miss)
2515 silly packumentCache full:https://registry.npmjs.org/is-generator-function set size:undefined disposed:false
2516 http fetch GET 200 https://registry.npmjs.org/which-collection 240ms (cache miss)
2517 silly packumentCache full:https://registry.npmjs.org/which-collection set size:undefined disposed:false
2518 http fetch GET 200 https://registry.npmjs.org/is-async-function 242ms (cache miss)
2519 silly packumentCache full:https://registry.npmjs.org/is-async-function set size:undefined disposed:false
2520 http fetch GET 200 https://registry.npmjs.org/is-finalizationregistry 243ms (cache miss)
2521 silly packumentCache full:https://registry.npmjs.org/is-finalizationregistry set size:undefined disposed:false
2522 silly placeDep ROOT has-bigints@1.1.0 OK for: unbox-primitive@1.1.0 want: ^1.0.2
2523 silly placeDep ROOT which-boxed-primitive@1.1.1 OK for: unbox-primitive@1.1.0 want: ^1.1.1
2524 silly fetch manifest is-bigint@^1.1.0
2525 silly packumentCache full:https://registry.npmjs.org/is-bigint cache-miss
2526 silly fetch manifest is-boolean-object@^1.2.1
2527 silly packumentCache full:https://registry.npmjs.org/is-boolean-object cache-miss
2528 silly fetch manifest is-number-object@^1.1.1
2529 silly packumentCache full:https://registry.npmjs.org/is-number-object cache-miss
2530 http fetch GET 200 https://registry.npmjs.org/is-boolean-object 88ms (cache miss)
2531 silly packumentCache full:https://registry.npmjs.org/is-boolean-object set size:undefined disposed:false
2532 http fetch GET 200 https://registry.npmjs.org/is-number-object 90ms (cache miss)
2533 silly packumentCache full:https://registry.npmjs.org/is-number-object set size:undefined disposed:false
2534 http fetch GET 200 https://registry.npmjs.org/is-bigint 91ms (cache miss)
2535 silly packumentCache full:https://registry.npmjs.org/is-bigint set size:undefined disposed:false
2536 silly placeDep ROOT @unrs/resolver-binding-android-arm-eabi@1.12.2 OK for: unrs-resolver@1.12.2 want: 1.12.2
2537 silly placeDep ROOT @unrs/resolver-binding-android-arm64@1.12.2 OK for: unrs-resolver@1.12.2 want: 1.12.2
2538 silly placeDep ROOT @unrs/resolver-binding-darwin-arm64@1.12.2 OK for: unrs-resolver@1.12.2 want: 1.12.2
2539 silly placeDep ROOT @unrs/resolver-binding-darwin-x64@1.12.2 OK for: unrs-resolver@1.12.2 want: 1.12.2
2540 silly placeDep ROOT @unrs/resolver-binding-freebsd-x64@1.12.2 OK for: unrs-resolver@1.12.2 want: 1.12.2
2541 silly placeDep ROOT @unrs/resolver-binding-linux-arm-gnueabihf@1.12.2 OK for: unrs-resolver@1.12.2 want: 1.12.2
2542 silly placeDep ROOT @unrs/resolver-binding-linux-arm-musleabihf@1.12.2 OK for: unrs-resolver@1.12.2 want: 1.12.2
2543 silly placeDep ROOT @unrs/resolver-binding-linux-arm64-gnu@1.12.2 OK for: unrs-resolver@1.12.2 want: 1.12.2
2544 silly placeDep ROOT @unrs/resolver-binding-linux-arm64-musl@1.12.2 OK for: unrs-resolver@1.12.2 want: 1.12.2
2545 silly placeDep ROOT @unrs/resolver-binding-linux-loong64-gnu@1.12.2 OK for: unrs-resolver@1.12.2 want: 1.12.2
2546 silly placeDep ROOT @unrs/resolver-binding-linux-loong64-musl@1.12.2 OK for: unrs-resolver@1.12.2 want: 1.12.2
2547 silly placeDep ROOT @unrs/resolver-binding-linux-ppc64-gnu@1.12.2 OK for: unrs-resolver@1.12.2 want: 1.12.2
2548 silly placeDep ROOT @unrs/resolver-binding-linux-riscv64-gnu@1.12.2 OK for: unrs-resolver@1.12.2 want: 1.12.2
2549 silly placeDep ROOT @unrs/resolver-binding-linux-riscv64-musl@1.12.2 OK for: unrs-resolver@1.12.2 want: 1.12.2
2550 silly placeDep ROOT @unrs/resolver-binding-linux-s390x-gnu@1.12.2 OK for: unrs-resolver@1.12.2 want: 1.12.2
2551 silly placeDep ROOT @unrs/resolver-binding-linux-x64-gnu@1.12.2 OK for: unrs-resolver@1.12.2 want: 1.12.2
2552 silly placeDep ROOT @unrs/resolver-binding-linux-x64-musl@1.12.2 OK for: unrs-resolver@1.12.2 want: 1.12.2
2553 silly placeDep ROOT @unrs/resolver-binding-openharmony-arm64@1.12.2 OK for: unrs-resolver@1.12.2 want: 1.12.2
2554 silly placeDep ROOT @unrs/resolver-binding-wasm32-wasi@1.12.2 OK for: unrs-resolver@1.12.2 want: 1.12.2
2555 silly placeDep ROOT @unrs/resolver-binding-win32-arm64-msvc@1.12.2 OK for: unrs-resolver@1.12.2 want: 1.12.2
2556 silly placeDep ROOT @unrs/resolver-binding-win32-ia32-msvc@1.12.2 OK for: unrs-resolver@1.12.2 want: 1.12.2
2557 silly placeDep ROOT @unrs/resolver-binding-win32-x64-msvc@1.12.2 OK for: unrs-resolver@1.12.2 want: 1.12.2
2558 silly placeDep ROOT napi-postinstall@0.3.4 OK for: unrs-resolver@1.12.2 want: ^0.3.4
2559 silly fetch manifest @napi-rs/wasm-runtime@^1.1.4
2560 silly packumentCache full:https://registry.npmjs.org/@napi-rs%2fwasm-runtime cache-miss
2561 silly fetch manifest @emnapi/core@1.10.0
2562 silly packumentCache full:https://registry.npmjs.org/@emnapi%2fcore cache-miss
2563 silly fetch manifest @emnapi/runtime@1.10.0
2564 silly packumentCache full:https://registry.npmjs.org/@emnapi%2fruntime cache-miss
2565 http fetch GET 200 https://registry.npmjs.org/@napi-rs%2fwasm-runtime 79ms (cache miss)
2566 silly packumentCache full:https://registry.npmjs.org/@napi-rs%2fwasm-runtime set size:undefined disposed:false
2567 http fetch GET 200 https://registry.npmjs.org/@emnapi%2fcore 81ms (cache miss)
2568 silly packumentCache full:https://registry.npmjs.org/@emnapi%2fcore set size:undefined disposed:false
2569 http cache https://registry.npmjs.org/@emnapi%2fruntime 85ms (cache hit)
2570 silly packumentCache full:https://registry.npmjs.org/@emnapi%2fruntime set size:122916 disposed:false
2571 silly placeDep ROOT @emnapi/core@1.10.0 OK for: @unrs/resolver-binding-wasm32-wasi@1.12.2 want: 1.10.0
2572 silly placeDep node_modules/@unrs/resolver-binding-wasm32-wasi @emnapi/runtime@1.10.0 OK for: @unrs/resolver-binding-wasm32-wasi@1.12.2 want: 1.10.0
2573 silly placeDep ROOT @napi-rs/wasm-runtime@1.2.2 OK for: @unrs/resolver-binding-wasm32-wasi@1.12.2 want: ^1.1.4
2574 silly fetch manifest @emnapi/wasi-threads@1.2.1
2575 silly packumentCache full:https://registry.npmjs.org/@emnapi%2fwasi-threads cache-miss
2576 silly fetch manifest @tybys/wasm-util@^0.10.3
2577 silly packumentCache full:https://registry.npmjs.org/@tybys%2fwasm-util cache-miss
2578 http fetch GET 200 https://registry.npmjs.org/@emnapi%2fwasi-threads 27ms (cache miss)
2579 silly packumentCache full:https://registry.npmjs.org/@emnapi%2fwasi-threads set size:undefined disposed:false
2580 http fetch GET 200 https://registry.npmjs.org/@tybys%2fwasm-util 31ms (cache miss)
2581 silly packumentCache full:https://registry.npmjs.org/@tybys%2fwasm-util set size:undefined disposed:false
2582 silly placeDep ROOT @emnapi/wasi-threads@1.2.1 OK for: @emnapi/core@1.10.0 want: 1.2.1
2583 silly placeDep ROOT @tybys/wasm-util@0.10.3 OK for: @napi-rs/wasm-runtime@1.2.2 want: ^0.10.3
2584 silly placeDep ROOT punycode@2.3.1 OK for: uri-js@4.4.1 want: ^2.1.0
2585 silly fetch manifest @types/node@^18.0.0 || ^20.0.0 || >=22.0.0
2586 silly packumentCache full:https://registry.npmjs.org/@types%2fnode cache-miss
2587 http cache https://registry.npmjs.org/@types%2fnode 201ms (cache hit)
2588 silly packumentCache full:https://registry.npmjs.org/@types%2fnode set size:11084776 disposed:false
2589 silly fetch manifest jiti@>=1.21.0
2590 silly packumentCache full:https://registry.npmjs.org/jiti cache-hit
2591 silly fetch manifest less@^4.0.0
2592 silly packumentCache full:https://registry.npmjs.org/less cache-miss
2593 http fetch GET 200 https://registry.npmjs.org/less 43ms (cache miss)
2594 silly packumentCache full:https://registry.npmjs.org/less set size:undefined disposed:false
2595 silly fetch manifest lightningcss@^1.21.0
2596 silly packumentCache full:https://registry.npmjs.org/lightningcss cache-miss
2597 http fetch GET 200 https://registry.npmjs.org/lightningcss 26ms (cache miss)
2598 silly packumentCache full:https://registry.npmjs.org/lightningcss set size:undefined disposed:false
2599 silly fetch manifest sass@^1.70.0
2600 silly packumentCache full:https://registry.npmjs.org/sass cache-miss
2601 http cache https://registry.npmjs.org/sass 61ms (cache hit)
2602 silly packumentCache full:https://registry.npmjs.org/sass set size:743214 disposed:false
2603 silly fetch manifest sass-embedded@^1.70.0
2604 silly packumentCache full:https://registry.npmjs.org/sass-embedded cache-miss
2605 http fetch GET 200 https://registry.npmjs.org/sass-embedded 50ms (cache miss)
2606 silly packumentCache full:https://registry.npmjs.org/sass-embedded set size:undefined disposed:false
2607 silly fetch manifest stylus@>=0.54.8
2608 silly packumentCache full:https://registry.npmjs.org/stylus cache-miss
2609 http fetch GET 200 https://registry.npmjs.org/stylus 35ms (cache miss)
2610 silly packumentCache full:https://registry.npmjs.org/stylus set size:undefined disposed:false
2611 silly fetch manifest sugarss@^5.0.0
2612 silly packumentCache full:https://registry.npmjs.org/sugarss cache-miss
2613 http fetch GET 200 https://registry.npmjs.org/sugarss 20ms (cache miss)
2614 silly packumentCache full:https://registry.npmjs.org/sugarss set size:undefined disposed:false
2615 silly fetch manifest postcss@^8.3.3
2616 silly packumentCache full:https://registry.npmjs.org/postcss cache-hit
2617 silly fetch manifest terser@^5.16.0
2618 silly packumentCache full:https://registry.npmjs.org/terser cache-miss
2619 http fetch GET 200 https://registry.npmjs.org/terser 72ms (cache miss)
2620 silly packumentCache full:https://registry.npmjs.org/terser set size:undefined disposed:false
2621 silly fetch manifest msw@^2.4.9
2622 silly packumentCache full:https://registry.npmjs.org/msw cache-miss
2623 http fetch GET 200 https://registry.npmjs.org/msw 82ms (cache miss)
2624 silly packumentCache full:https://registry.npmjs.org/msw set size:undefined disposed:false
2625 silly fetch manifest typescript@>= 4.8.x
2626 silly packumentCache full:https://registry.npmjs.org/typescript cache-miss
2627 http cache https://registry.npmjs.org/typescript 37ms (cache hit)
2628 silly packumentCache full:https://registry.npmjs.org/typescript set size:15497205 disposed:false
2629 silly placeDep ROOT @types/chai@5.2.3 OK for: vitest@3.2.7 want: ^5.2.2
2630 silly placeDep ROOT @vitest/expect@3.2.7 OK for: vitest@3.2.7 want: 3.2.7
2631 silly placeDep ROOT @vitest/mocker@3.2.7 OK for: vitest@3.2.7 want: 3.2.7
2632 silly placeDep ROOT @vitest/pretty-format@3.2.7 OK for: vitest@3.2.7 want: ^3.2.7
2633 silly placeDep ROOT @vitest/runner@3.2.7 OK for: vitest@3.2.7 want: 3.2.7
2634 silly placeDep ROOT @vitest/snapshot@3.2.7 OK for: vitest@3.2.7 want: 3.2.7
2635 silly placeDep ROOT @vitest/spy@3.2.7 OK for: vitest@3.2.7 want: 3.2.7
2636 silly placeDep ROOT @vitest/utils@3.2.7 OK for: vitest@3.2.7 want: 3.2.7
2637 silly placeDep ROOT chai@5.3.3 OK for: vitest@3.2.7 want: ^5.2.0
2638 silly placeDep ROOT expect-type@1.4.0 OK for: vitest@3.2.7 want: ^1.2.1
2639 silly placeDep ROOT magic-string@0.30.21 OK for: vitest@3.2.7 want: ^0.30.17
2640 silly placeDep node_modules/vitest picomatch@4.0.5 OK for: vitest@3.2.7 want: ^4.0.2
2641 silly placeDep ROOT std-env@3.10.0 OK for: vitest@3.2.7 want: ^3.9.0
2642 silly placeDep ROOT tinybench@2.9.0 OK for: vitest@3.2.7 want: ^2.9.0
2643 silly placeDep node_modules/vitest tinyexec@0.3.2 OK for: vitest@3.2.7 want: ^0.3.2
2644 silly placeDep ROOT tinypool@1.1.1 OK for: vitest@3.2.7 want: ^1.1.1
2645 silly placeDep ROOT tinyrainbow@2.0.0 OK for: vitest@3.2.7 want: ^2.0.0
2646 silly placeDep ROOT vite@7.3.6 OK for: vitest@3.2.7 want: ^5.0.0 || ^6.0.0 || ^7.0.0-0
2647 silly placeDep ROOT vite-node@3.2.4 OK for: vitest@3.2.7 want: 3.2.4
2648 silly placeDep ROOT why-is-node-running@2.3.0 OK for: vitest@3.2.7 want: ^2.3.0
2649 silly fetch manifest @types/deep-eql@*
2650 silly packumentCache full:https://registry.npmjs.org/@types%2fdeep-eql cache-miss
2651 silly fetch manifest assertion-error@^2.0.1
2652 silly packumentCache full:https://registry.npmjs.org/assertion-error cache-miss
2653 silly fetch manifest estree-walker@^3.0.3
2654 silly packumentCache full:https://registry.npmjs.org/estree-walker cache-miss
2655 silly fetch manifest strip-literal@^3.0.0
2656 silly packumentCache full:https://registry.npmjs.org/strip-literal cache-miss
2657 silly fetch manifest tinyspy@^4.0.3
2658 silly packumentCache full:https://registry.npmjs.org/tinyspy cache-miss
2659 http fetch GET 200 https://registry.npmjs.org/strip-literal 24ms (cache miss)
2660 silly packumentCache full:https://registry.npmjs.org/strip-literal set size:undefined disposed:false
2661 silly fetch manifest loupe@^3.1.4
2662 silly packumentCache full:https://registry.npmjs.org/loupe cache-miss
2663 http fetch GET 200 https://registry.npmjs.org/assertion-error 28ms (cache miss)
2664 silly packumentCache full:https://registry.npmjs.org/assertion-error set size:undefined disposed:false
2665 silly fetch manifest loupe@^3.1.0
2666 silly packumentCache full:https://registry.npmjs.org/loupe cache-miss
2667 http fetch GET 200 https://registry.npmjs.org/estree-walker 29ms (cache miss)
2668 silly packumentCache full:https://registry.npmjs.org/estree-walker set size:undefined disposed:false
2669 silly fetch manifest pathval@^2.0.0
2670 silly packumentCache full:https://registry.npmjs.org/pathval cache-miss
2671 http fetch GET 200 https://registry.npmjs.org/tinyspy 49ms (cache miss)
2672 silly packumentCache full:https://registry.npmjs.org/tinyspy set size:undefined disposed:false
2673 silly fetch manifest deep-eql@^5.0.1
2674 silly packumentCache full:https://registry.npmjs.org/deep-eql cache-miss
2675 http fetch GET 200 https://registry.npmjs.org/pathval 26ms (cache miss)
2676 silly packumentCache full:https://registry.npmjs.org/pathval set size:undefined disposed:false
2677 silly fetch manifest check-error@^2.1.1
2678 silly packumentCache full:https://registry.npmjs.org/check-error cache-miss
2679 http fetch GET 200 https://registry.npmjs.org/loupe 33ms (cache miss)
2680 silly packumentCache full:https://registry.npmjs.org/loupe set size:undefined disposed:false
2681 silly fetch manifest rollup@^4.43.0
2682 silly packumentCache full:https://registry.npmjs.org/rollup cache-miss
2683 http fetch GET 200 https://registry.npmjs.org/loupe 35ms (cache miss)
2684 silly packumentCache full:https://registry.npmjs.org/loupe set size:undefined disposed:false
2685 silly fetch manifest esbuild@^0.27.0 || ^0.28.0
2686 silly packumentCache full:https://registry.npmjs.org/esbuild cache-miss
2687 http fetch GET 200 https://registry.npmjs.org/deep-eql 25ms (cache miss)
2688 silly packumentCache full:https://registry.npmjs.org/deep-eql set size:undefined disposed:false
2689 silly fetch manifest picomatch@^4.0.3
2690 silly packumentCache full:https://registry.npmjs.org/picomatch cache-hit
2691 silly fetch manifest fsevents@~2.3.3
2692 silly packumentCache full:https://registry.npmjs.org/fsevents cache-miss
2693 http fetch GET 200 https://registry.npmjs.org/check-error 28ms (cache miss)
2694 silly packumentCache full:https://registry.npmjs.org/check-error set size:undefined disposed:false
2695 silly fetch manifest cac@^6.7.14
2696 silly packumentCache full:https://registry.npmjs.org/cac cache-miss
2697 http cache https://registry.npmjs.org/fsevents 27ms (cache hit)
2698 silly packumentCache full:https://registry.npmjs.org/fsevents set size:182472 disposed:false
2699 silly fetch manifest es-module-lexer@^1.7.0
2700 silly packumentCache full:https://registry.npmjs.org/es-module-lexer cache-miss
2701 http fetch GET 200 https://registry.npmjs.org/es-module-lexer 50ms (cache miss)
2702 silly packumentCache full:https://registry.npmjs.org/es-module-lexer set size:undefined disposed:false
2703 silly fetch manifest siginfo@^2.0.0
2704 silly packumentCache full:https://registry.npmjs.org/siginfo cache-miss
2705 http fetch GET 200 https://registry.npmjs.org/siginfo 68ms (cache miss)
2706 silly packumentCache full:https://registry.npmjs.org/siginfo set size:undefined disposed:false
2707 silly fetch manifest stackback@0.0.2
2708 silly packumentCache full:https://registry.npmjs.org/stackback cache-miss
2709 http fetch GET 200 https://registry.npmjs.org/stackback 51ms (cache miss)
2710 silly packumentCache full:https://registry.npmjs.org/stackback set size:undefined disposed:false
2711 http fetch GET 200 https://registry.npmjs.org/@types%2fdeep-eql 294ms (cache miss)
2712 silly packumentCache full:https://registry.npmjs.org/@types%2fdeep-eql set size:undefined disposed:false
2713 http fetch GET 200 https://registry.npmjs.org/esbuild 237ms (cache miss)
2714 silly packumentCache full:https://registry.npmjs.org/esbuild set size:undefined disposed:false
2715 http fetch GET 200 https://registry.npmjs.org/rollup 257ms (cache miss)
2716 silly packumentCache full:https://registry.npmjs.org/rollup set size:undefined disposed:false
2717 http fetch GET 200 https://registry.npmjs.org/cac 283ms (cache miss)
2718 silly packumentCache full:https://registry.npmjs.org/cac set size:undefined disposed:false
2719 silly placeDep ROOT @types/deep-eql@4.0.2 OK for: @types/chai@5.2.3 want: *
2720 silly placeDep ROOT assertion-error@2.0.1 OK for: @types/chai@5.2.3 want: ^2.0.1
2721 silly placeDep ROOT estree-walker@3.0.3 OK for: @vitest/mocker@3.2.7 want: ^3.0.3
2722 silly placeDep ROOT strip-literal@3.1.0 OK for: @vitest/runner@3.2.7 want: ^3.0.0
2723 silly fetch manifest js-tokens@^9.0.1
2724 silly packumentCache full:https://registry.npmjs.org/js-tokens cache-miss
2725 http cache https://registry.npmjs.org/js-tokens 15ms (cache hit)
2726 silly packumentCache full:https://registry.npmjs.org/js-tokens set size:41947 disposed:false
2727 silly placeDep ROOT tinyspy@4.0.4 OK for: @vitest/spy@3.2.7 want: ^4.0.3
2728 silly placeDep ROOT loupe@3.2.1 OK for: @vitest/utils@3.2.7 want: ^3.1.4
2729 silly placeDep ROOT check-error@2.1.3 OK for: chai@5.3.3 want: ^2.1.1
2730 silly placeDep ROOT deep-eql@5.0.2 OK for: chai@5.3.3 want: ^5.0.1
2731 silly placeDep ROOT pathval@2.0.1 OK for: chai@5.3.3 want: ^2.0.0
2732 silly placeDep node_modules/strip-literal js-tokens@9.0.1 OK for: strip-literal@3.1.0 want: ^9.0.1
2733 silly placeDep ROOT esbuild@0.28.1 OK for: vite@7.3.6 want: ^0.27.0 || ^0.28.0
2734 silly placeDep node_modules/vite fdir@6.5.0 OK for: vite@7.3.6 want: ^6.5.0
2735 silly placeDep node_modules/vite picomatch@4.0.5 OK for: fdir@6.5.0 want: ^3 || ^4
2736 silly placeDep ROOT fsevents@2.3.3 OK for: vite@7.3.6 want: ~2.3.3
2737 silly placeDep ROOT rollup@4.62.3 OK for: vite@7.3.6 want: ^4.43.0
2738 silly fetch manifest @esbuild/aix-ppc64@0.28.1
2739 silly packumentCache full:https://registry.npmjs.org/@esbuild%2faix-ppc64 cache-miss
2740 silly fetch manifest @esbuild/android-arm@0.28.1
2741 silly packumentCache full:https://registry.npmjs.org/@esbuild%2fandroid-arm cache-miss
2742 silly fetch manifest @esbuild/android-arm64@0.28.1
2743 silly packumentCache full:https://registry.npmjs.org/@esbuild%2fandroid-arm64 cache-miss
2744 silly fetch manifest @esbuild/android-x64@0.28.1
2745 silly packumentCache full:https://registry.npmjs.org/@esbuild%2fandroid-x64 cache-miss
2746 silly fetch manifest @esbuild/darwin-arm64@0.28.1
2747 silly packumentCache full:https://registry.npmjs.org/@esbuild%2fdarwin-arm64 cache-miss
2748 http fetch GET 200 https://registry.npmjs.org/@esbuild%2faix-ppc64 32ms (cache miss)
2749 silly packumentCache full:https://registry.npmjs.org/@esbuild%2faix-ppc64 set size:undefined disposed:false
2750 silly fetch manifest @esbuild/darwin-x64@0.28.1
2751 silly packumentCache full:https://registry.npmjs.org/@esbuild%2fdarwin-x64 cache-miss
2752 http fetch GET 200 https://registry.npmjs.org/@esbuild%2fdarwin-arm64 59ms (cache miss)
2753 silly packumentCache full:https://registry.npmjs.org/@esbuild%2fdarwin-arm64 set size:undefined disposed:false
2754 silly fetch manifest @esbuild/freebsd-arm64@0.28.1
2755 silly packumentCache full:https://registry.npmjs.org/@esbuild%2ffreebsd-arm64 cache-miss
2756 http fetch GET 200 https://registry.npmjs.org/@esbuild%2fandroid-arm 72ms (cache miss)
2757 silly packumentCache full:https://registry.npmjs.org/@esbuild%2fandroid-arm set size:undefined disposed:false
2758 silly fetch manifest @esbuild/freebsd-x64@0.28.1
2759 silly packumentCache full:https://registry.npmjs.org/@esbuild%2ffreebsd-x64 cache-miss
2760 http fetch GET 200 https://registry.npmjs.org/@esbuild%2fandroid-x64 74ms (cache miss)
2761 silly packumentCache full:https://registry.npmjs.org/@esbuild%2fandroid-x64 set size:undefined disposed:false
2762 silly fetch manifest @esbuild/linux-arm@0.28.1
2763 silly packumentCache full:https://registry.npmjs.org/@esbuild%2flinux-arm cache-miss
2764 http fetch GET 200 https://registry.npmjs.org/@esbuild%2fandroid-arm64 79ms (cache miss)
2765 silly packumentCache full:https://registry.npmjs.org/@esbuild%2fandroid-arm64 set size:undefined disposed:false
2766 silly fetch manifest @esbuild/linux-arm64@0.28.1
2767 silly packumentCache full:https://registry.npmjs.org/@esbuild%2flinux-arm64 cache-miss
2768 http fetch GET 200 https://registry.npmjs.org/@esbuild%2fdarwin-x64 58ms (cache miss)
2769 silly packumentCache full:https://registry.npmjs.org/@esbuild%2fdarwin-x64 set size:undefined disposed:false
2770 silly fetch manifest @esbuild/linux-ia32@0.28.1
2771 silly packumentCache full:https://registry.npmjs.org/@esbuild%2flinux-ia32 cache-miss
2772 http fetch GET 200 https://registry.npmjs.org/@esbuild%2ffreebsd-arm64 57ms (cache miss)
2773 silly packumentCache full:https://registry.npmjs.org/@esbuild%2ffreebsd-arm64 set size:undefined disposed:false
2774 silly fetch manifest @esbuild/linux-loong64@0.28.1
2775 silly packumentCache full:https://registry.npmjs.org/@esbuild%2flinux-loong64 cache-miss
2776 http fetch GET 200 https://registry.npmjs.org/@esbuild%2flinux-arm 70ms (cache miss)
2777 silly packumentCache full:https://registry.npmjs.org/@esbuild%2flinux-arm set size:undefined disposed:false
2778 silly fetch manifest @esbuild/linux-mips64el@0.28.1
2779 silly packumentCache full:https://registry.npmjs.org/@esbuild%2flinux-mips64el cache-miss
2780 http fetch GET 200 https://registry.npmjs.org/@esbuild%2ffreebsd-x64 76ms (cache miss)
2781 silly packumentCache full:https://registry.npmjs.org/@esbuild%2ffreebsd-x64 set size:undefined disposed:false
2782 silly fetch manifest @esbuild/linux-ppc64@0.28.1
2783 silly packumentCache full:https://registry.npmjs.org/@esbuild%2flinux-ppc64 cache-miss
2784 http fetch GET 200 https://registry.npmjs.org/@esbuild%2flinux-ia32 72ms (cache miss)
2785 silly packumentCache full:https://registry.npmjs.org/@esbuild%2flinux-ia32 set size:undefined disposed:false
2786 silly fetch manifest @esbuild/linux-riscv64@0.28.1
2787 silly packumentCache full:https://registry.npmjs.org/@esbuild%2flinux-riscv64 cache-miss
2788 http fetch GET 200 https://registry.npmjs.org/@esbuild%2flinux-arm64 85ms (cache miss)
2789 silly packumentCache full:https://registry.npmjs.org/@esbuild%2flinux-arm64 set size:undefined disposed:false
2790 silly fetch manifest @esbuild/linux-s390x@0.28.1
2791 silly packumentCache full:https://registry.npmjs.org/@esbuild%2flinux-s390x cache-miss
2792 http fetch GET 200 https://registry.npmjs.org/@esbuild%2flinux-mips64el 89ms (cache miss)
2793 silly packumentCache full:https://registry.npmjs.org/@esbuild%2flinux-mips64el set size:undefined disposed:false
2794 silly fetch manifest @esbuild/linux-x64@0.28.1
2795 silly packumentCache full:https://registry.npmjs.org/@esbuild%2flinux-x64 cache-miss
2796 http fetch GET 200 https://registry.npmjs.org/@esbuild%2flinux-ppc64 88ms (cache miss)
2797 silly packumentCache full:https://registry.npmjs.org/@esbuild%2flinux-ppc64 set size:undefined disposed:false
2798 silly fetch manifest @esbuild/netbsd-arm64@0.28.1
2799 silly packumentCache full:https://registry.npmjs.org/@esbuild%2fnetbsd-arm64 cache-miss
2800 http fetch GET 200 https://registry.npmjs.org/@esbuild%2flinux-loong64 125ms (cache miss)
2801 silly packumentCache full:https://registry.npmjs.org/@esbuild%2flinux-loong64 set size:undefined disposed:false
2802 silly fetch manifest @esbuild/netbsd-x64@0.28.1
2803 silly packumentCache full:https://registry.npmjs.org/@esbuild%2fnetbsd-x64 cache-miss
2804 http fetch GET 200 https://registry.npmjs.org/@esbuild%2flinux-s390x 99ms (cache miss)
2805 silly packumentCache full:https://registry.npmjs.org/@esbuild%2flinux-s390x set size:undefined disposed:false
2806 silly fetch manifest @esbuild/openbsd-arm64@0.28.1
2807 silly packumentCache full:https://registry.npmjs.org/@esbuild%2fopenbsd-arm64 cache-miss
2808 http fetch GET 200 https://registry.npmjs.org/@esbuild%2flinux-riscv64 114ms (cache miss)
2809 silly packumentCache full:https://registry.npmjs.org/@esbuild%2flinux-riscv64 set size:undefined disposed:false
2810 silly fetch manifest @esbuild/openbsd-x64@0.28.1
2811 silly packumentCache full:https://registry.npmjs.org/@esbuild%2fopenbsd-x64 cache-miss
2812 http fetch GET 200 https://registry.npmjs.org/@esbuild%2fnetbsd-arm64 44ms (cache miss)
2813 silly packumentCache full:https://registry.npmjs.org/@esbuild%2fnetbsd-arm64 set size:undefined disposed:false
2814 silly fetch manifest @esbuild/openharmony-arm64@0.28.1
2815 silly packumentCache full:https://registry.npmjs.org/@esbuild%2fopenharmony-arm64 cache-miss
2816 http fetch GET 200 https://registry.npmjs.org/@esbuild%2fnetbsd-x64 58ms (cache miss)
2817 silly packumentCache full:https://registry.npmjs.org/@esbuild%2fnetbsd-x64 set size:undefined disposed:false
2818 silly fetch manifest @esbuild/sunos-x64@0.28.1
2819 silly packumentCache full:https://registry.npmjs.org/@esbuild%2fsunos-x64 cache-miss
2820 http fetch GET 200 https://registry.npmjs.org/@esbuild%2flinux-x64 69ms (cache miss)
2821 silly packumentCache full:https://registry.npmjs.org/@esbuild%2flinux-x64 set size:undefined disposed:false
2822 silly fetch manifest @esbuild/win32-arm64@0.28.1
2823 silly packumentCache full:https://registry.npmjs.org/@esbuild%2fwin32-arm64 cache-miss
2824 http fetch GET 200 https://registry.npmjs.org/@esbuild%2fopenharmony-arm64 41ms (cache miss)
2825 silly packumentCache full:https://registry.npmjs.org/@esbuild%2fopenharmony-arm64 set size:undefined disposed:false
2826 silly fetch manifest @esbuild/win32-ia32@0.28.1
2827 silly packumentCache full:https://registry.npmjs.org/@esbuild%2fwin32-ia32 cache-miss
2828 http fetch GET 200 https://registry.npmjs.org/@esbuild%2fopenbsd-arm64 63ms (cache miss)
2829 silly packumentCache full:https://registry.npmjs.org/@esbuild%2fopenbsd-arm64 set size:undefined disposed:false
2830 silly fetch manifest @esbuild/win32-x64@0.28.1
2831 silly packumentCache full:https://registry.npmjs.org/@esbuild%2fwin32-x64 cache-miss
2832 http fetch GET 200 https://registry.npmjs.org/@esbuild%2fsunos-x64 46ms (cache miss)
2833 silly packumentCache full:https://registry.npmjs.org/@esbuild%2fsunos-x64 set size:undefined disposed:false
2834 silly fetch manifest @rollup/rollup-darwin-x64@4.62.3
2835 silly packumentCache full:https://registry.npmjs.org/@rollup%2frollup-darwin-x64 cache-miss
2836 http fetch GET 200 https://registry.npmjs.org/@esbuild%2fwin32-arm64 58ms (cache miss)
2837 silly packumentCache full:https://registry.npmjs.org/@esbuild%2fwin32-arm64 set size:undefined disposed:false
2838 silly fetch manifest @rollup/rollup-freebsd-x64@4.62.3
2839 silly packumentCache full:https://registry.npmjs.org/@rollup%2frollup-freebsd-x64 cache-miss
2840 http fetch GET 200 https://registry.npmjs.org/@esbuild%2fopenbsd-x64 89ms (cache miss)
2841 silly packumentCache full:https://registry.npmjs.org/@esbuild%2fopenbsd-x64 set size:undefined disposed:false
2842 silly fetch manifest @rollup/rollup-openbsd-x64@4.62.3
2843 silly packumentCache full:https://registry.npmjs.org/@rollup%2frollup-openbsd-x64 cache-miss
2844 http fetch GET 200 https://registry.npmjs.org/@esbuild%2fwin32-ia32 55ms (cache miss)
2845 silly packumentCache full:https://registry.npmjs.org/@esbuild%2fwin32-ia32 set size:undefined disposed:false
2846 silly fetch manifest @rollup/rollup-darwin-arm64@4.62.3
2847 silly packumentCache full:https://registry.npmjs.org/@rollup%2frollup-darwin-arm64 cache-miss
2848 http fetch GET 200 https://registry.npmjs.org/@rollup%2frollup-freebsd-x64 50ms (cache miss)
2849 silly packumentCache full:https://registry.npmjs.org/@rollup%2frollup-freebsd-x64 set size:undefined disposed:false
2850 silly fetch manifest @rollup/rollup-android-arm64@4.62.3
2851 silly packumentCache full:https://registry.npmjs.org/@rollup%2frollup-android-arm64 cache-miss
2852 http fetch GET 200 https://registry.npmjs.org/@rollup%2frollup-openbsd-x64 50ms (cache miss)
2853 silly packumentCache full:https://registry.npmjs.org/@rollup%2frollup-openbsd-x64 set size:undefined disposed:false
2854 silly fetch manifest @rollup/rollup-freebsd-arm64@4.62.3
2855 silly packumentCache full:https://registry.npmjs.org/@rollup%2frollup-freebsd-arm64 cache-miss
2856 http fetch GET 200 https://registry.npmjs.org/@esbuild%2fwin32-x64 98ms (cache miss)
2857 silly packumentCache full:https://registry.npmjs.org/@esbuild%2fwin32-x64 set size:undefined disposed:false
2858 silly fetch manifest @rollup/rollup-linux-x64-gnu@4.62.3
2859 silly packumentCache full:https://registry.npmjs.org/@rollup%2frollup-linux-x64-gnu cache-miss
2860 http fetch GET 200 https://registry.npmjs.org/@rollup%2frollup-darwin-x64 86ms (cache miss)
2861 silly packumentCache full:https://registry.npmjs.org/@rollup%2frollup-darwin-x64 set size:undefined disposed:false
2862 silly fetch manifest @rollup/rollup-win32-x64-gnu@4.62.3
2863 silly packumentCache full:https://registry.npmjs.org/@rollup%2frollup-win32-x64-gnu cache-miss
2864 http fetch GET 200 https://registry.npmjs.org/@rollup%2frollup-win32-x64-gnu 32ms (cache miss)
2865 silly packumentCache full:https://registry.npmjs.org/@rollup%2frollup-win32-x64-gnu set size:undefined disposed:false
2866 silly fetch manifest @rollup/rollup-linux-x64-musl@4.62.3
2867 silly packumentCache full:https://registry.npmjs.org/@rollup%2frollup-linux-x64-musl cache-miss
2868 http fetch GET 200 https://registry.npmjs.org/@rollup%2frollup-android-arm64 60ms (cache miss)
2869 silly packumentCache full:https://registry.npmjs.org/@rollup%2frollup-android-arm64 set size:undefined disposed:false
2870 silly fetch manifest @rollup/rollup-win32-x64-msvc@4.62.3
2871 silly packumentCache full:https://registry.npmjs.org/@rollup%2frollup-win32-x64-msvc cache-miss
2872 http fetch GET 200 https://registry.npmjs.org/@rollup%2frollup-freebsd-arm64 77ms (cache miss)
2873 silly packumentCache full:https://registry.npmjs.org/@rollup%2frollup-freebsd-arm64 set size:undefined disposed:false
2874 silly fetch manifest @rollup/rollup-linux-arm64-gnu@4.62.3
2875 silly packumentCache full:https://registry.npmjs.org/@rollup%2frollup-linux-arm64-gnu cache-miss
2876 http fetch GET 200 https://registry.npmjs.org/@rollup%2frollup-linux-x64-gnu 67ms (cache miss)
2877 silly packumentCache full:https://registry.npmjs.org/@rollup%2frollup-linux-x64-gnu set size:undefined disposed:false
2878 silly fetch manifest @rollup/rollup-linux-ppc64-gnu@4.62.3
2879 silly packumentCache full:https://registry.npmjs.org/@rollup%2frollup-linux-ppc64-gnu cache-miss
2880 http fetch GET 200 https://registry.npmjs.org/@rollup%2frollup-linux-x64-musl 64ms (cache miss)
2881 silly packumentCache full:https://registry.npmjs.org/@rollup%2frollup-linux-x64-musl set size:undefined disposed:false
2882 silly fetch manifest @rollup/rollup-linux-s390x-gnu@4.62.3
2883 silly packumentCache full:https://registry.npmjs.org/@rollup%2frollup-linux-s390x-gnu cache-miss
2884 http fetch GET 200 https://registry.npmjs.org/@rollup%2frollup-linux-ppc64-gnu 37ms (cache miss)
2885 silly packumentCache full:https://registry.npmjs.org/@rollup%2frollup-linux-ppc64-gnu set size:undefined disposed:false
2886 silly fetch manifest @rollup/rollup-win32-ia32-msvc@4.62.3
2887 silly packumentCache full:https://registry.npmjs.org/@rollup%2frollup-win32-ia32-msvc cache-miss
2888 http fetch GET 200 https://registry.npmjs.org/@rollup%2frollup-win32-x64-msvc 60ms (cache miss)
2889 silly packumentCache full:https://registry.npmjs.org/@rollup%2frollup-win32-x64-msvc set size:undefined disposed:false
2890 silly fetch manifest @rollup/rollup-android-arm-eabi@4.62.3
2891 silly packumentCache full:https://registry.npmjs.org/@rollup%2frollup-android-arm-eabi cache-miss
2892 http fetch GET 200 https://registry.npmjs.org/@rollup%2frollup-linux-arm64-gnu 54ms (cache miss)
2893 silly packumentCache full:https://registry.npmjs.org/@rollup%2frollup-linux-arm64-gnu set size:undefined disposed:false
2894 silly fetch manifest @rollup/rollup-linux-arm64-musl@4.62.3
2895 silly packumentCache full:https://registry.npmjs.org/@rollup%2frollup-linux-arm64-musl cache-miss
2896 http fetch GET 200 https://registry.npmjs.org/@rollup%2frollup-linux-s390x-gnu 59ms (cache miss)
2897 silly packumentCache full:https://registry.npmjs.org/@rollup%2frollup-linux-s390x-gnu set size:undefined disposed:false
2898 silly fetch manifest @rollup/rollup-linux-ppc64-musl@4.62.3
2899 silly packumentCache full:https://registry.npmjs.org/@rollup%2frollup-linux-ppc64-musl cache-miss
2900 http fetch GET 200 https://registry.npmjs.org/@rollup%2frollup-win32-ia32-msvc 65ms (cache miss)
2901 silly packumentCache full:https://registry.npmjs.org/@rollup%2frollup-win32-ia32-msvc set size:undefined disposed:false
2902 silly fetch manifest @rollup/rollup-win32-arm64-msvc@4.62.3
2903 silly packumentCache full:https://registry.npmjs.org/@rollup%2frollup-win32-arm64-msvc cache-miss
2904 http fetch GET 200 https://registry.npmjs.org/@rollup%2frollup-android-arm-eabi 66ms (cache miss)
2905 silly packumentCache full:https://registry.npmjs.org/@rollup%2frollup-android-arm-eabi set size:undefined disposed:false
2906 silly fetch manifest @rollup/rollup-linux-loong64-gnu@4.62.3
2907 silly packumentCache full:https://registry.npmjs.org/@rollup%2frollup-linux-loong64-gnu cache-miss
2908 http fetch GET 200 https://registry.npmjs.org/@rollup%2frollup-linux-arm64-musl 65ms (cache miss)
2909 silly packumentCache full:https://registry.npmjs.org/@rollup%2frollup-linux-arm64-musl set size:undefined disposed:false
2910 silly fetch manifest @rollup/rollup-linux-riscv64-gnu@4.62.3
2911 silly packumentCache full:https://registry.npmjs.org/@rollup%2frollup-linux-riscv64-gnu cache-miss
2912 http fetch GET 200 https://registry.npmjs.org/@rollup%2frollup-linux-ppc64-musl 36ms (cache miss)
2913 silly packumentCache full:https://registry.npmjs.org/@rollup%2frollup-linux-ppc64-musl set size:undefined disposed:false
2914 silly fetch manifest @rollup/rollup-openharmony-arm64@4.62.3
2915 silly packumentCache full:https://registry.npmjs.org/@rollup%2frollup-openharmony-arm64 cache-miss
2916 http fetch GET 200 https://registry.npmjs.org/@rollup%2frollup-linux-loong64-gnu 39ms (cache miss)
2917 silly packumentCache full:https://registry.npmjs.org/@rollup%2frollup-linux-loong64-gnu set size:undefined disposed:false
2918 silly fetch manifest @rollup/rollup-linux-loong64-musl@4.62.3
2919 silly packumentCache full:https://registry.npmjs.org/@rollup%2frollup-linux-loong64-musl cache-miss
2920 http fetch GET 200 https://registry.npmjs.org/@rollup%2frollup-win32-arm64-msvc 49ms (cache miss)
2921 silly packumentCache full:https://registry.npmjs.org/@rollup%2frollup-win32-arm64-msvc set size:undefined disposed:false
2922 silly fetch manifest @rollup/rollup-linux-riscv64-musl@4.62.3
2923 silly packumentCache full:https://registry.npmjs.org/@rollup%2frollup-linux-riscv64-musl cache-miss
2924 http fetch GET 200 https://registry.npmjs.org/@rollup%2frollup-darwin-arm64 300ms (cache miss)
2925 silly packumentCache full:https://registry.npmjs.org/@rollup%2frollup-darwin-arm64 set size:undefined disposed:false
2926 silly fetch manifest @rollup/rollup-linux-arm-gnueabihf@4.62.3
2927 silly packumentCache full:https://registry.npmjs.org/@rollup%2frollup-linux-arm-gnueabihf cache-miss
2928 http fetch GET 200 https://registry.npmjs.org/@rollup%2frollup-linux-riscv64-gnu 64ms (cache miss)
2929 silly packumentCache full:https://registry.npmjs.org/@rollup%2frollup-linux-riscv64-gnu set size:undefined disposed:false
2930 silly fetch manifest @rollup/rollup-linux-arm-musleabihf@4.62.3
2931 silly packumentCache full:https://registry.npmjs.org/@rollup%2frollup-linux-arm-musleabihf cache-miss
2932 http fetch GET 200 https://registry.npmjs.org/@rollup%2frollup-openharmony-arm64 56ms (cache miss)
2933 silly packumentCache full:https://registry.npmjs.org/@rollup%2frollup-openharmony-arm64 set size:undefined disposed:false
2934 http fetch GET 200 https://registry.npmjs.org/@rollup%2frollup-linux-loong64-musl 63ms (cache miss)
2935 silly packumentCache full:https://registry.npmjs.org/@rollup%2frollup-linux-loong64-musl set size:undefined disposed:false
2936 http fetch GET 200 https://registry.npmjs.org/@rollup%2frollup-linux-riscv64-musl 58ms (cache miss)
2937 silly packumentCache full:https://registry.npmjs.org/@rollup%2frollup-linux-riscv64-musl set size:undefined disposed:false
2938 http fetch GET 200 https://registry.npmjs.org/@rollup%2frollup-linux-arm-musleabihf 53ms (cache miss)
2939 silly packumentCache full:https://registry.npmjs.org/@rollup%2frollup-linux-arm-musleabihf set size:undefined disposed:false
2940 http fetch GET 200 https://registry.npmjs.org/@rollup%2frollup-linux-arm-gnueabihf 61ms (cache miss)
2941 silly packumentCache full:https://registry.npmjs.org/@rollup%2frollup-linux-arm-gnueabihf set size:undefined disposed:false
2942 silly placeDep ROOT @esbuild/aix-ppc64@0.28.1 OK for: esbuild@0.28.1 want: 0.28.1
2943 silly placeDep ROOT @esbuild/android-arm@0.28.1 OK for: esbuild@0.28.1 want: 0.28.1
2944 silly placeDep ROOT @esbuild/android-arm64@0.28.1 OK for: esbuild@0.28.1 want: 0.28.1
2945 silly placeDep ROOT @esbuild/android-x64@0.28.1 OK for: esbuild@0.28.1 want: 0.28.1
2946 silly placeDep ROOT @esbuild/darwin-arm64@0.28.1 OK for: esbuild@0.28.1 want: 0.28.1
2947 silly placeDep ROOT @esbuild/darwin-x64@0.28.1 OK for: esbuild@0.28.1 want: 0.28.1
2948 silly placeDep ROOT @esbuild/freebsd-arm64@0.28.1 OK for: esbuild@0.28.1 want: 0.28.1
2949 silly placeDep ROOT @esbuild/freebsd-x64@0.28.1 OK for: esbuild@0.28.1 want: 0.28.1
2950 silly placeDep ROOT @esbuild/linux-arm@0.28.1 OK for: esbuild@0.28.1 want: 0.28.1
2951 silly placeDep ROOT @esbuild/linux-arm64@0.28.1 OK for: esbuild@0.28.1 want: 0.28.1
2952 silly placeDep ROOT @esbuild/linux-ia32@0.28.1 OK for: esbuild@0.28.1 want: 0.28.1
2953 silly placeDep ROOT @esbuild/linux-loong64@0.28.1 OK for: esbuild@0.28.1 want: 0.28.1
2954 silly placeDep ROOT @esbuild/linux-mips64el@0.28.1 OK for: esbuild@0.28.1 want: 0.28.1
2955 silly placeDep ROOT @esbuild/linux-ppc64@0.28.1 OK for: esbuild@0.28.1 want: 0.28.1
2956 silly placeDep ROOT @esbuild/linux-riscv64@0.28.1 OK for: esbuild@0.28.1 want: 0.28.1
2957 silly placeDep ROOT @esbuild/linux-s390x@0.28.1 OK for: esbuild@0.28.1 want: 0.28.1
2958 silly placeDep ROOT @esbuild/linux-x64@0.28.1 OK for: esbuild@0.28.1 want: 0.28.1
2959 silly placeDep ROOT @esbuild/netbsd-arm64@0.28.1 OK for: esbuild@0.28.1 want: 0.28.1
2960 silly placeDep ROOT @esbuild/netbsd-x64@0.28.1 OK for: esbuild@0.28.1 want: 0.28.1
2961 silly placeDep ROOT @esbuild/openbsd-arm64@0.28.1 OK for: esbuild@0.28.1 want: 0.28.1
2962 silly placeDep ROOT @esbuild/openbsd-x64@0.28.1 OK for: esbuild@0.28.1 want: 0.28.1
2963 silly placeDep ROOT @esbuild/openharmony-arm64@0.28.1 OK for: esbuild@0.28.1 want: 0.28.1
2964 silly placeDep ROOT @esbuild/sunos-x64@0.28.1 OK for: esbuild@0.28.1 want: 0.28.1
2965 silly placeDep ROOT @esbuild/win32-arm64@0.28.1 OK for: esbuild@0.28.1 want: 0.28.1
2966 silly placeDep ROOT @esbuild/win32-ia32@0.28.1 OK for: esbuild@0.28.1 want: 0.28.1
2967 silly placeDep ROOT @esbuild/win32-x64@0.28.1 OK for: esbuild@0.28.1 want: 0.28.1
2968 silly placeDep ROOT @rollup/rollup-android-arm-eabi@4.62.3 OK for: rollup@4.62.3 want: 4.62.3
2969 silly placeDep ROOT @rollup/rollup-android-arm64@4.62.3 OK for: rollup@4.62.3 want: 4.62.3
2970 silly placeDep ROOT @rollup/rollup-darwin-arm64@4.62.3 OK for: rollup@4.62.3 want: 4.62.3
2971 silly placeDep ROOT @rollup/rollup-darwin-x64@4.62.3 OK for: rollup@4.62.3 want: 4.62.3
2972 silly placeDep ROOT @rollup/rollup-freebsd-arm64@4.62.3 OK for: rollup@4.62.3 want: 4.62.3
2973 silly placeDep ROOT @rollup/rollup-freebsd-x64@4.62.3 OK for: rollup@4.62.3 want: 4.62.3
2974 silly placeDep ROOT @rollup/rollup-linux-arm-gnueabihf@4.62.3 OK for: rollup@4.62.3 want: 4.62.3
2975 silly placeDep ROOT @rollup/rollup-linux-arm-musleabihf@4.62.3 OK for: rollup@4.62.3 want: 4.62.3
2976 silly placeDep ROOT @rollup/rollup-linux-arm64-gnu@4.62.3 OK for: rollup@4.62.3 want: 4.62.3
2977 silly placeDep ROOT @rollup/rollup-linux-arm64-musl@4.62.3 OK for: rollup@4.62.3 want: 4.62.3
2978 silly placeDep ROOT @rollup/rollup-linux-loong64-gnu@4.62.3 OK for: rollup@4.62.3 want: 4.62.3
2979 silly placeDep ROOT @rollup/rollup-linux-loong64-musl@4.62.3 OK for: rollup@4.62.3 want: 4.62.3
2980 silly placeDep ROOT @rollup/rollup-linux-ppc64-gnu@4.62.3 OK for: rollup@4.62.3 want: 4.62.3
2981 silly placeDep ROOT @rollup/rollup-linux-ppc64-musl@4.62.3 OK for: rollup@4.62.3 want: 4.62.3
2982 silly placeDep ROOT @rollup/rollup-linux-riscv64-gnu@4.62.3 OK for: rollup@4.62.3 want: 4.62.3
2983 silly placeDep ROOT @rollup/rollup-linux-riscv64-musl@4.62.3 OK for: rollup@4.62.3 want: 4.62.3
2984 silly placeDep ROOT @rollup/rollup-linux-s390x-gnu@4.62.3 OK for: rollup@4.62.3 want: 4.62.3
2985 silly placeDep ROOT @rollup/rollup-linux-x64-gnu@4.62.3 OK for: rollup@4.62.3 want: 4.62.3
2986 silly placeDep ROOT @rollup/rollup-linux-x64-musl@4.62.3 OK for: rollup@4.62.3 want: 4.62.3
2987 silly placeDep ROOT @rollup/rollup-openbsd-x64@4.62.3 OK for: rollup@4.62.3 want: 4.62.3
2988 silly placeDep ROOT @rollup/rollup-openharmony-arm64@4.62.3 OK for: rollup@4.62.3 want: 4.62.3
2989 silly placeDep ROOT @rollup/rollup-win32-arm64-msvc@4.62.3 OK for: rollup@4.62.3 want: 4.62.3
2990 silly placeDep ROOT @rollup/rollup-win32-ia32-msvc@4.62.3 OK for: rollup@4.62.3 want: 4.62.3
2991 silly placeDep ROOT @rollup/rollup-win32-x64-gnu@4.62.3 OK for: rollup@4.62.3 want: 4.62.3
2992 silly placeDep ROOT @rollup/rollup-win32-x64-msvc@4.62.3 OK for: rollup@4.62.3 want: 4.62.3
2993 silly placeDep ROOT cac@6.7.14 OK for: vite-node@3.2.4 want: ^6.7.14
2994 silly placeDep ROOT es-module-lexer@1.7.0 OK for: vite-node@3.2.4 want: ^1.7.0
2995 silly placeDep ROOT isexe@2.0.0 OK for: which@2.0.2 want: ^2.0.0
2996 silly placeDep ROOT is-bigint@1.1.0 OK for: which-boxed-primitive@1.1.1 want: ^1.1.0
2997 silly placeDep ROOT is-boolean-object@1.2.2 OK for: which-boxed-primitive@1.1.1 want: ^1.2.1
2998 silly placeDep ROOT is-number-object@1.1.1 OK for: which-boxed-primitive@1.1.1 want: ^1.1.1
2999 silly placeDep ROOT is-async-function@2.1.1 OK for: which-builtin-type@1.2.1 want: ^2.0.0
3000 silly placeDep ROOT is-finalizationregistry@1.1.1 OK for: which-builtin-type@1.2.1 want: ^1.1.0
3001 silly placeDep ROOT is-generator-function@1.1.2 OK for: which-builtin-type@1.2.1 want: ^1.0.10
3002 silly placeDep ROOT which-collection@1.0.2 OK for: which-builtin-type@1.2.1 want: ^1.0.2
3003 silly fetch manifest async-function@^1.0.0
3004 silly packumentCache full:https://registry.npmjs.org/async-function cache-miss
3005 silly fetch manifest generator-function@^2.0.0
3006 silly packumentCache full:https://registry.npmjs.org/generator-function cache-miss
3007 silly fetch manifest is-map@^2.0.3
3008 silly packumentCache full:https://registry.npmjs.org/is-map cache-miss
3009 silly fetch manifest is-weakmap@^2.0.2
3010 silly packumentCache full:https://registry.npmjs.org/is-weakmap cache-miss
3011 silly fetch manifest is-weakset@^2.0.3
3012 silly packumentCache full:https://registry.npmjs.org/is-weakset cache-miss
3013 http fetch GET 200 https://registry.npmjs.org/generator-function 27ms (cache miss)
3014 silly packumentCache full:https://registry.npmjs.org/generator-function set size:undefined disposed:false
3015 http fetch GET 200 https://registry.npmjs.org/is-map 31ms (cache miss)
3016 silly packumentCache full:https://registry.npmjs.org/is-map set size:undefined disposed:false
3017 http fetch GET 200 https://registry.npmjs.org/async-function 32ms (cache miss)
3018 silly packumentCache full:https://registry.npmjs.org/async-function set size:undefined disposed:false
3019 http fetch GET 200 https://registry.npmjs.org/is-weakmap 32ms (cache miss)
3020 silly packumentCache full:https://registry.npmjs.org/is-weakmap set size:undefined disposed:false
3021 http fetch GET 200 https://registry.npmjs.org/is-weakset 32ms (cache miss)
3022 silly packumentCache full:https://registry.npmjs.org/is-weakset set size:undefined disposed:false
3023 silly placeDep ROOT async-function@1.0.0 OK for: is-async-function@2.1.1 want: ^1.0.0
3024 silly placeDep ROOT generator-function@2.0.1 OK for: is-generator-function@1.1.2 want: ^2.0.0
3025 silly placeDep ROOT is-map@2.0.3 OK for: which-collection@1.0.2 want: ^2.0.3
3026 silly placeDep ROOT is-weakmap@2.0.2 OK for: which-collection@1.0.2 want: ^2.0.2
3027 silly placeDep ROOT is-weakset@2.0.4 OK for: which-collection@1.0.2 want: ^2.0.3
3028 silly placeDep ROOT siginfo@2.0.0 OK for: why-is-node-running@2.3.0 want: ^2.0.0
3029 silly placeDep ROOT stackback@0.0.2 OK for: why-is-node-running@2.3.0 want: 0.0.2
3030 silly placeDep node_modules/@typescript-eslint/typescript-estree brace-expansion@5.0.9 OK for: minimatch@10.2.6 want: ^5.0.8
3031 silly fetch manifest balanced-match@^4.0.2
3032 silly packumentCache full:https://registry.npmjs.org/balanced-match cache-miss
3033 http cache https://registry.npmjs.org/balanced-match 12ms (cache hit)
3034 silly packumentCache full:https://registry.npmjs.org/balanced-match set size:39082 disposed:false
3035 silly placeDep node_modules/@typescript-eslint/typescript-estree balanced-match@4.0.4 OK for: brace-expansion@5.0.9 want: ^4.0.2
3036 silly placeDep ROOT anymatch@3.1.3 OK for: chokidar@3.6.0 want: ~3.1.2
3037 silly placeDep node_modules/tailwindcss/node_modules/chokidar glob-parent@5.1.2 OK for: chokidar@3.6.0 want: ~5.1.2
3038 silly placeDep ROOT is-binary-path@2.1.0 OK for: chokidar@3.6.0 want: ~2.1.0
3039 silly placeDep node_modules/tailwindcss readdirp@3.6.0 OK for: chokidar@3.6.0 want: ~3.6.0
3040 silly fetch manifest binary-extensions@^2.0.0
3041 silly packumentCache full:https://registry.npmjs.org/binary-extensions cache-miss
3042 http fetch GET 200 https://registry.npmjs.org/binary-extensions 21ms (cache miss)
3043 silly packumentCache full:https://registry.npmjs.org/binary-extensions set size:undefined disposed:false
3044 silly placeDep ROOT binary-extensions@2.3.0 OK for: is-binary-path@2.1.0 want: ^2.0.0
3045 silly placeDep node_modules/tailwindcss/node_modules/fast-glob glob-parent@5.1.2 OK for: fast-glob@3.3.3 want: ^5.1.2
3046 silly reify moves {}
3047 silly audit bulk request {
3047 silly audit   '@prisma/client': [ '6.19.3' ],
3047 silly audit   '@types/bcryptjs': [ '2.4.6' ],
3047 silly audit   '@types/node': [ '22.20.1' ],
3047 silly audit   '@types/react': [ '19.2.18' ],
3047 silly audit   '@types/react-dom': [ '19.2.4' ],
3047 silly audit   bcryptjs: [ '3.0.3' ],
3047 silly audit   clsx: [ '2.1.1' ],
3047 silly audit   eslint: [ '9.39.5' ],
3047 silly audit   'eslint-config-next': [ '15.5.22' ],
3047 silly audit   jose: [ '6.2.5' ],
3047 silly audit   'lucide-react': [ '0.468.0' ],
3047 silly audit   react: [ '19.2.8' ],
3047 silly audit   next: [ '15.5.22' ],
3047 silly audit   'react-dom': [ '19.2.8' ],
3047 silly audit   postcss: [ '8.5.25', '8.4.31' ],
3047 silly audit   prisma: [ '6.19.3' ],
3047 silly audit   'tailwind-merge': [ '2.6.1' ],
3047 silly audit   tailwindcss: [ '3.4.19' ],
3047 silly audit   typescript: [ '5.9.3' ],
3047 silly audit   vitest: [ '3.2.7' ],
3047 silly audit   zod: [ '3.25.76' ],
3047 silly audit   'undici-types': [ '6.21.0' ],
3047 silly audit   csstype: [ '3.2.3' ],
3047 silly audit   '@eslint-community/eslint-utils': [ '4.10.1' ],
3047 silly audit   '@eslint-community/regexpp': [ '4.12.2' ],
3047 silly audit   '@eslint/config-array': [ '0.21.2' ],
3047 silly audit   '@eslint/config-helpers': [ '0.4.2' ],
3047 silly audit   '@eslint/core': [ '0.17.0' ],
3047 silly audit   '@eslint/eslintrc': [ '3.3.6' ],
3047 silly audit   '@eslint/js': [ '9.39.5' ],
3047 silly audit   '@eslint/plugin-kit': [ '0.4.1' ],
3047 silly audit   '@humanfs/node': [ '0.16.8' ],
3047 silly audit   '@humanwhocodes/module-importer': [ '1.0.1' ],
3047 silly audit   '@humanwhocodes/retry': [ '0.4.3' ],
3047 silly audit   '@types/estree': [ '1.0.9' ],
3047 silly audit   ajv: [ '6.15.0' ],
3047 silly audit   chalk: [ '4.1.2' ],
3047 silly audit   'cross-spawn': [ '7.0.6' ],
3047 silly audit   debug: [ '4.4.3', '3.2.7' ],
3047 silly audit   'escape-string-regexp': [ '4.0.0' ],
3047 silly audit   'eslint-scope': [ '8.4.0' ],
3047 silly audit   'eslint-visitor-keys': [ '4.2.1', '3.4.3', '5.0.1' ],
3047 silly audit   espree: [ '10.4.0' ],
3047 silly audit   esquery: [ '1.7.0' ],
3047 silly audit   esutils: [ '2.0.3' ],
3047 silly audit   'fast-deep-equal': [ '3.1.3' ],
3047 silly audit   'file-entry-cache': [ '8.0.0' ],
3047 silly audit   'find-up': [ '5.0.0' ],
3047 silly audit   'glob-parent': [ '6.0.2', '5.1.2' ],
3047 silly audit   ignore: [ '5.3.2', '7.0.6' ],
3047 silly audit   imurmurhash: [ '0.1.4' ],
3047 silly audit   'is-glob': [ '4.0.3' ],
3047 silly audit   'json-stable-stringify-without-jsonify': [ '1.0.1' ],
3047 silly audit   'lodash.merge': [ '4.6.2' ],
3047 silly audit   minimatch: [ '3.1.5', '10.2.6' ],
3047 silly audit   'natural-compare': [ '1.4.0' ],
3047 silly audit   optionator: [ '0.9.4' ],
3047 silly audit   '@eslint/object-schema': [ '2.1.7' ],
3047 silly audit   '@types/json-schema': [ '7.0.15' ],
3047 silly audit   globals: [ '14.0.0' ],
3047 silly audit   'import-fresh': [ '3.3.1' ],
3047 silly audit   'js-yaml': [ '4.3.0' ],
3047 silly audit   'strip-json-comments': [ '3.1.1' ],
3047 silly audit   levn: [ '0.4.1' ],
3047 silly audit   '@humanfs/core': [ '0.19.2' ],
3047 silly audit   '@humanfs/types': [ '0.15.0' ],
3047 silly audit   'fast-json-stable-stringify': [ '2.1.0' ],
3047 silly audit   'json-schema-traverse': [ '0.4.1' ],
3047 silly audit   'uri-js': [ '4.4.1' ],
3047 silly audit   'ansi-styles': [ '4.3.0' ],
3047 silly audit   'supports-color': [ '7.2.0' ],
3047 silly audit   'color-convert': [ '2.0.1' ],
3047 silly audit   'color-name': [ '1.1.4' ],
3047 silly audit   'path-key': [ '3.1.1' ],
3047 silly audit   'shebang-command': [ '2.0.0' ],
3047 silly audit   which: [ '2.0.2' ],
3047 silly audit   ms: [ '2.1.3' ],
3047 silly audit   '@next/eslint-plugin-next': [ '15.5.22' ],
3047 silly audit   '@rushstack/eslint-patch': [ '1.16.1' ],
3047 silly audit   '@typescript-eslint/eslint-plugin': [ '8.65.0' ],
3047 silly audit   '@typescript-eslint/parser': [ '8.65.0' ],
3047 silly audit   'eslint-import-resolver-node': [ '0.3.10' ],
3047 silly audit   'eslint-import-resolver-typescript': [ '3.10.1' ],
3047 silly audit   'eslint-plugin-import': [ '2.32.0' ],
3047 silly audit   'eslint-plugin-jsx-a11y': [ '6.10.2' ],
3047 silly audit   'eslint-plugin-react': [ '7.37.5' ],
3047 silly audit   'eslint-plugin-react-hooks': [ '5.2.0' ],
3047 silly audit   'fast-glob': [ '3.3.1', '3.3.3' ],
3047 silly audit   '@typescript-eslint/scope-manager': [ '8.65.0' ],
3047 silly audit   '@typescript-eslint/type-utils': [ '8.65.0' ],
3047 silly audit   '@typescript-eslint/utils': [ '8.65.0' ],
3047 silly audit   '@typescript-eslint/visitor-keys': [ '8.65.0' ],
3047 silly audit   'ts-api-utils': [ '2.5.0' ],
3047 silly audit   '@typescript-eslint/types': [ '8.65.0' ],
3047 silly audit   '@typescript-eslint/typescript-estree': [ '8.65.0' ],
3047 silly audit   '@typescript-eslint/project-service': [ '8.65.0' ],
3047 silly audit   '@typescript-eslint/tsconfig-utils': [ '8.65.0' ],
3047 silly audit   semver: [ '7.8.5', '6.3.1' ],
3047 silly audit   tinyglobby: [ '0.2.17' ],
3047 silly audit   'is-core-module': [ '2.16.2' ],
3047 silly audit   resolve: [ '2.0.0-next.7', '1.22.12' ],
3047 silly audit   '@nolyfill/is-core-module': [ '1.0.39' ],
3047 silly audit   'get-tsconfig': [ '4.14.0' ],
3047 silly audit   'is-bun-module': [ '2.0.0' ],
3047 silly audit   'stable-hash': [ '0.0.5' ],
3047 silly audit   'unrs-resolver': [ '1.12.2' ],
3047 silly audit   '@rtsao/scc': [ '1.1.0' ],
3047 silly audit   'array-includes': [ '3.1.9' ],
3047 silly audit   'array.prototype.findlastindex': [ '1.2.6' ],
3047 silly audit   'array.prototype.flat': [ '1.3.3' ],
3047 silly audit   'array.prototype.flatmap': [ '1.3.3' ],
3047 silly audit   doctrine: [ '2.1.0' ],
3047 silly audit   'eslint-module-utils': [ '2.14.0' ],
3047 silly audit   hasown: [ '2.0.4' ],
3047 silly audit   'object.fromentries': [ '2.0.8' ],
3047 silly audit   'object.groupby': [ '1.0.3' ],
3047 silly audit   'object.values': [ '1.2.1' ],
3047 silly audit   'string.prototype.trimend': [ '1.0.10' ],
3047 silly audit   'tsconfig-paths': [ '3.15.0' ],
3047 silly audit   'call-bind': [ '1.0.9' ],
3047 silly audit   'call-bound': [ '1.0.4' ],
3047 silly audit   'define-properties': [ '1.2.1' ],
3047 silly audit   'es-abstract': [ '1.24.2' ],
3047 silly audit   'es-object-atoms': [ '1.1.2' ],
3047 silly audit   'get-intrinsic': [ '1.3.0' ],
3047 silly audit   'is-string': [ '1.1.1' ],
3047 silly audit   'math-intrinsics': [ '1.1.0' ],
3047 silly audit   'es-errors': [ '1.3.0' ],
3047 silly audit   'es-shim-unscopables': [ '1.1.0' ],
3047 silly audit   'call-bind-apply-helpers': [ '1.0.2' ],
3047 silly audit   'es-define-property': [ '1.0.1' ],
3047 silly audit   'set-function-length': [ '1.2.2' ],
3047 silly audit   'function-bind': [ '1.1.2' ],
3047 silly audit   'define-data-property': [ '1.1.4' ],
3047 silly audit   'has-property-descriptors': [ '1.0.2' ],
3047 silly audit   'object-keys': [ '1.1.1' ],
3047 silly audit   gopd: [ '1.2.0' ],
3047 silly audit   'array-buffer-byte-length': [ '1.0.2' ],
3047 silly audit   'arraybuffer.prototype.slice': [ '1.0.4' ],
3047 silly audit   'available-typed-arrays': [ '1.0.7' ],
3047 silly audit   'data-view-buffer': [ '1.0.2' ],
3047 silly audit   'data-view-byte-length': [ '1.0.2' ],
3047 silly audit   'data-view-byte-offset': [ '1.0.1' ],
3047 silly audit   'es-set-tostringtag': [ '2.1.0' ],
3047 silly audit   'es-to-primitive': [ '1.3.4' ],
3047 silly audit   'function.prototype.name': [ '1.2.0' ],
3047 silly audit   'get-proto': [ '1.0.1' ],
3047 silly audit   'get-symbol-description': [ '1.1.0' ],
3047 silly audit   globalthis: [ '1.0.4' ],
3047 silly audit   'has-proto': [ '1.2.0' ],
3047 silly audit   'has-symbols': [ '1.1.0' ],
3047 silly audit   'internal-slot': [ '1.1.0' ],
3047 silly audit   'is-array-buffer': [ '3.0.5' ],
3047 silly audit   'is-callable': [ '1.2.7' ],
3047 silly audit   'is-data-view': [ '1.0.2' ],
3047 silly audit   'is-negative-zero': [ '2.0.3' ],
3047 silly audit   'is-regex': [ '1.2.1' ],
3047 silly audit   'is-set': [ '2.0.3' ],
3047 silly audit   'is-shared-array-buffer': [ '1.0.4' ],
3047 silly audit   'is-typed-array': [ '1.1.15' ],
3047 silly audit   'is-weakref': [ '1.1.1' ],
3047 silly audit   'object-inspect': [ '1.13.4' ],
3047 silly audit   'object.assign': [ '4.1.7' ],
3047 silly audit   'own-keys': [ '1.0.2' ],
3047 silly audit   'regexp.prototype.flags': [ '1.5.4' ],
3047 silly audit   'safe-array-concat': [ '1.1.4' ],
3047 silly audit   'safe-push-apply': [ '1.0.0' ],
3047 silly audit   'safe-regex-test': [ '1.1.0' ],
3047 silly audit   'set-proto': [ '1.0.0' ],
3047 silly audit   'stop-iteration-iterator': [ '1.1.0' ],
3047 silly audit   'string.prototype.trim': [ '1.2.11' ],
3047 silly audit   'string.prototype.trimstart': [ '1.0.8' ],
3047 silly audit   'typed-array-buffer': [ '1.0.3' ],
3047 silly audit   'typed-array-byte-length': [ '1.0.3' ],
3047 silly audit   'typed-array-byte-offset': [ '1.0.4' ],
3047 silly audit   'typed-array-length': [ '1.0.8' ],
3047 silly audit   'unbox-primitive': [ '1.1.0' ],
3047 silly audit   'which-typed-array': [ '1.1.22' ],
3047 silly audit   'possible-typed-array-names': [ '1.1.0' ],
3047 silly audit   'has-tostringtag': [ '1.0.2' ],
3047 silly audit   'es-abstract-get': [ '1.0.0' ],
3047 silly audit   'is-date-object': [ '1.1.0' ],
3047 silly audit   'is-symbol': [ '1.1.1' ],
3047 silly audit   'aria-query': [ '5.3.2' ],
3047 silly audit   'ast-types-flow': [ '0.0.8' ],
3047 silly audit   'axe-core': [ '4.12.1' ],
3047 silly audit   'axobject-query': [ '4.1.0' ],
3047 silly audit   'damerau-levenshtein': [ '1.0.8' ],
3047 silly audit   'emoji-regex': [ '9.2.2' ],
3047 silly audit   'jsx-ast-utils': [ '3.3.5' ],
3047 silly audit   'language-tags': [ '1.0.9' ],
3047 silly audit   'string.prototype.includes': [ '2.0.1' ],
3047 silly audit   'array.prototype.findlast': [ '1.2.5' ],
3047 silly audit   'array.prototype.tosorted': [ '1.1.4' ],
3047 silly audit   'es-iterator-helpers': [ '1.4.0' ],
3047 silly audit   estraverse: [ '5.3.0' ],
3047 silly audit   'object.entries': [ '1.1.9' ],
3047 silly audit   'prop-types': [ '15.8.1' ],
3047 silly audit   'string.prototype.matchall': [ '4.0.12' ],
3047 silly audit   'string.prototype.repeat': [ '1.0.0' ],
3047 silly audit   'iterator.prototype': [ '1.1.5' ],
3047 silly audit   esrecurse: [ '4.3.0' ],
3047 silly audit   acorn: [ '8.18.0' ],
3047 silly audit   'acorn-jsx': [ '5.3.2' ],
3047 silly audit   '@nodelib/fs.stat': [ '2.0.5' ],
3047 silly audit   '@nodelib/fs.walk': [ '1.2.8' ],
3047 silly audit   merge2: [ '1.4.1' ],
3047 silly audit   micromatch: [ '4.0.8' ],
3047 silly audit   '@nodelib/fs.scandir': [ '2.1.5' ],
3047 silly audit   fastq: [ '1.20.1' ],
3047 silly audit   'run-parallel': [ '1.2.0' ],
3047 silly audit   reusify: [ '1.1.0' ],
3047 silly audit   'flat-cache': [ '4.0.1' ],
3047 silly audit   'locate-path': [ '6.0.0' ],
3047 silly audit   'path-exists': [ '4.0.0' ],
3047 silly audit   flatted: [ '3.4.4' ],
3047 silly audit   keyv: [ '4.5.4' ],
3047 silly audit   'functions-have-names': [ '1.2.3' ],
3047 silly audit   'is-document.all': [ '1.0.0' ],
3047 silly audit   'dunder-proto': [ '1.0.1' ],
3047 silly audit   'resolve-pkg-maps': [ '1.0.0' ],
3047 silly audit   'parent-module': [ '1.0.1' ],
3047 silly audit   'resolve-from': [ '4.0.0' ],
3047 silly audit   'side-channel': [ '1.1.1' ],
3047 silly audit   'is-extglob': [ '2.1.1' ],
3047 silly audit   'set-function-name': [ '2.0.2' ],
3047 silly audit   argparse: [ '2.0.1' ],
3047 silly audit   'json-buffer': [ '3.0.1' ],
3047 silly audit   'language-subtag-registry': [ '0.3.23' ],
3047 silly audit   'prelude-ls': [ '1.2.1' ],
3047 silly audit   'type-check': [ '0.4.0' ],
3047 silly audit   'p-locate': [ '5.0.0' ],
3047 silly audit   braces: [ '3.0.3' ],
3047 silly audit   picomatch: [ '2.3.2', '4.0.5' ],
3047 silly audit   'fill-range': [ '7.1.1' ],
3047 silly audit   'to-regex-range': [ '5.0.1' ],
3047 silly audit   'brace-expansion': [ '1.1.18', '5.0.9' ],
3047 silly audit   'balanced-match': [ '1.0.2', '4.0.4' ],
3047 silly audit   'concat-map': [ '0.0.1' ],
3047 silly audit   '@next/env': [ '15.5.22' ],
3047 silly audit   '@next/swc-darwin-arm64': [ '15.5.22' ],
3047 silly audit   '@next/swc-darwin-x64': [ '15.5.22' ],
3047 silly audit   '@next/swc-linux-arm64-gnu': [ '15.5.22' ],
3047 silly audit   '@next/swc-linux-arm64-musl': [ '15.5.22' ],
3047 silly audit   '@next/swc-linux-x64-gnu': [ '15.5.22' ],
3047 silly audit   '@next/swc-linux-x64-musl': [ '15.5.22' ],
3047 silly audit   '@next/swc-win32-arm64-msvc': [ '15.5.22' ],
3047 silly audit   '@next/swc-win32-x64-msvc': [ '15.5.22' ],
3047 silly audit   '@swc/helpers': [ '0.5.15' ],
3047 silly audit   'caniuse-lite': [ '1.0.30001806' ],
3047 silly audit   sharp: [ '0.34.5' ],
3047 silly audit   'styled-jsx': [ '5.1.6' ],
3047 silly audit   tslib: [ '2.8.1' ],
3047 silly audit   'deep-is': [ '0.1.4' ],
3047 silly audit   'fast-levenshtein': [ '2.0.6' ],
3047 silly audit   'word-wrap': [ '1.2.5' ],
3047 silly audit   'p-limit': [ '3.1.0' ],
3047 silly audit   'yocto-queue': [ '0.1.0' ],
3047 silly audit   callsites: [ '3.1.0' ],
3047 silly audit   nanoid: [ '3.3.16' ],
3047 silly audit   picocolors: [ '1.1.1' ],
3047 silly audit   'source-map-js': [ '1.2.1' ],
3047 silly audit   '@prisma/config': [ '6.19.3' ],
3047 silly audit   '@prisma/engines': [ '6.19.3' ],
3047 silly audit   c12: [ '3.1.0' ],
3047 silly audit   'deepmerge-ts': [ '7.1.5' ],
3047 silly audit   effect: [ '3.21.0' ],
3047 silly audit   empathic: [ '2.0.0' ],
3047 silly audit   '@prisma/debug': [ '6.19.3' ],
3047 silly audit   '@prisma/engines-version': [ '7.1.1-3.c2990dca591cba766e3b7ef5d9e8a84796e47ab7' ],
3047 silly audit   '@prisma/fetch-engine': [ '6.19.3' ],
3047 silly audit   '@prisma/get-platform': [ '6.19.3' ],
3047 silly audit   chokidar: [ '4.0.3', '3.6.0' ],
3047 silly audit   confbox: [ '0.2.4' ],
3047 silly audit   defu: [ '6.1.7' ],
3047 silly audit   dotenv: [ '16.6.1' ],
3047 silly audit   exsolve: [ '1.1.1' ],
3047 silly audit   giget: [ '2.0.0' ],
3047 silly audit   jiti: [ '2.7.0', '1.21.7' ],
3047 silly audit   ohash: [ '2.0.11' ],
3047 silly audit   pathe: [ '2.0.3' ],
3047 silly audit   'perfect-debounce': [ '1.0.0' ],
3047 silly audit   'pkg-types': [ '2.3.1' ],
3047 silly audit   rc9: [ '2.1.2' ],
3047 silly audit   readdirp: [ '4.1.2', '3.6.0' ],
3047 silly audit   '@standard-schema/spec': [ '1.1.0' ],
3047 silly audit   'fast-check': [ '3.23.2' ],
3047 silly audit   'pure-rand': [ '6.1.0' ],
3047 silly audit   citty: [ '0.1.6', '0.2.2' ],
3047 silly audit   consola: [ '3.4.2' ],
3047 silly audit   'node-fetch-native': [ '1.6.7' ],
3047 silly audit   nypm: [ '0.6.9' ],
3047 silly audit   tinyexec: [ '1.2.4', '0.3.2' ],
3047 silly audit   'loose-envify': [ '1.4.0' ],
3047 silly audit   'object-assign': [ '4.1.1' ],
3047 silly audit   'react-is': [ '16.13.1' ],
3047 silly audit   'js-tokens': [ '4.0.0', '9.0.1' ],
3047 silly audit   destr: [ '2.0.5' ],
3047 silly audit   scheduler: [ '0.27.0' ],
3047 silly audit   'node-exports-info': [ '1.6.2' ],
3047 silly audit   'path-parse': [ '1.0.7' ],
3047 silly audit   'supports-preserve-symlinks-flag': [ '1.0.0' ],
3047 silly audit   'queue-microtask': [ '1.2.3' ],
3047 silly audit   isarray: [ '2.0.5' ],
3047 silly audit   '@img/colour': [ '1.1.0' ],
3047 silly audit   '@img/sharp-darwin-arm64': [ '0.34.5' ],
3047 silly audit   '@img/sharp-darwin-x64': [ '0.34.5' ],
3047 silly audit   '@img/sharp-libvips-darwin-arm64': [ '1.2.4' ],
3047 silly audit   '@img/sharp-libvips-darwin-x64': [ '1.2.4' ],
3047 silly audit   '@img/sharp-libvips-linux-arm': [ '1.2.4' ],
3047 silly audit   '@img/sharp-libvips-linux-arm64': [ '1.2.4' ],
3047 silly audit   '@img/sharp-libvips-linux-ppc64': [ '1.2.4' ],
3047 silly audit   '@img/sharp-libvips-linux-riscv64': [ '1.2.4' ],
3047 silly audit   '@img/sharp-libvips-linux-s390x': [ '1.2.4' ],
3047 silly audit   '@img/sharp-libvips-linux-x64': [ '1.2.4' ],
3047 silly audit   '@img/sharp-libvips-linuxmusl-arm64': [ '1.2.4' ],
3047 silly audit   '@img/sharp-libvips-linuxmusl-x64': [ '1.2.4' ],
3047 silly audit   '@img/sharp-linux-arm': [ '0.34.5' ],
3047 silly audit   '@img/sharp-linux-arm64': [ '0.34.5' ],
3047 silly audit   '@img/sharp-linux-ppc64': [ '0.34.5' ],
3047 silly audit   '@img/sharp-linux-riscv64': [ '0.34.5' ],
3047 silly audit   '@img/sharp-linux-s390x': [ '0.34.5' ],
3047 silly audit   '@img/sharp-linux-x64': [ '0.34.5' ],
3047 silly audit   '@img/sharp-linuxmusl-arm64': [ '0.34.5' ],
3047 silly audit   '@img/sharp-linuxmusl-x64': [ '0.34.5' ],
3047 silly audit   '@img/sharp-wasm32': [ '0.34.5' ],
3047 silly audit   '@img/sharp-win32-arm64': [ '0.34.5' ],
3047 silly audit   '@img/sharp-win32-ia32': [ '0.34.5' ],
3047 silly audit   '@img/sharp-win32-x64': [ '0.34.5' ],
3047 silly audit   'detect-libc': [ '2.1.2' ],
3047 silly audit   '@emnapi/runtime': [ '1.11.3', '1.10.0' ],
3047 silly audit   'shebang-regex': [ '3.0.0' ],
3047 silly audit   'side-channel-list': [ '1.0.1' ],
3047 silly audit   'side-channel-map': [ '1.0.1' ],
3047 silly audit   'side-channel-weakmap': [ '1.0.2' ],
3047 silly audit   'client-only': [ '0.0.1' ],
3047 silly audit   'has-flag': [ '4.0.0' ],
3047 silly audit   '@alloc/quick-lru': [ '5.2.0' ],
3047 silly audit   arg: [ '5.0.2' ],
3047 silly audit   didyoumean: [ '1.2.2' ],
3047 silly audit   dlv: [ '1.1.3' ],
3047 silly audit   lilconfig: [ '3.1.3' ],
3047 silly audit   'normalize-path': [ '3.0.0' ],
3047 silly audit   'object-hash': [ '3.0.0' ],
3047 silly audit   'postcss-import': [ '15.1.0' ],
3047 silly audit   'postcss-js': [ '4.1.0' ],
3047 silly audit   'postcss-load-config': [ '6.0.1' ],
3047 silly audit   'postcss-nested': [ '6.2.0' ],
3047 silly audit   'postcss-selector-parser': [ '6.1.4' ],
3047 silly audit   sucrase: [ '3.35.1' ],
3047 silly audit   'postcss-value-parser': [ '4.2.0' ],
3047 silly audit   'read-cache': [ '1.0.0' ],
3047 silly audit   'camelcase-css': [ '2.0.1' ],
3047 silly audit   cssesc: [ '3.0.0' ],
3047 silly audit   'util-deprecate': [ '1.0.2' ],
3047 silly audit   pify: [ '2.3.0' ],
3047 silly audit   '@jridgewell/gen-mapping': [ '0.3.13' ],
3047 silly audit   commander: [ '4.1.1' ],
3047 silly audit   'lines-and-columns': [ '1.2.4' ],
3047 silly audit   mz: [ '2.7.0' ],
3047 silly audit   pirates: [ '4.0.7' ],
3047 silly audit   'ts-interface-checker': [ '0.1.13' ],
3047 silly audit   '@jridgewell/sourcemap-codec': [ '1.5.5' ],
3047 silly audit   '@jridgewell/trace-mapping': [ '0.3.31' ],
3047 silly audit   '@jridgewell/resolve-uri': [ '3.1.2' ],
3047 silly audit   'any-promise': [ '1.3.0' ],
3047 silly audit   'thenify-all': [ '1.6.0' ],
3047 silly audit   thenify: [ '3.3.1' ],
3047 silly audit   fdir: [ '6.5.0' ],
3047 silly audit   'is-number': [ '7.0.0' ],
3047 silly audit   '@types/json5': [ '0.0.29' ],
3047 silly audit   json5: [ '1.0.2' ],
3047 silly audit   minimist: [ '1.2.8' ],
3047 silly audit   'strip-bom': [ '3.0.0' ],
3047 silly audit   'for-each': [ '0.3.5' ],
3047 silly audit   'reflect.getprototypeof': [ '1.0.10' ],
3047 silly audit   'which-builtin-type': [ '1.2.1' ],
3047 silly audit   'has-bigints': [ '1.1.0' ],
3047 silly audit   'which-boxed-primitive': [ '1.1.1' ],
3047 silly audit   '@unrs/resolver-binding-android-arm-eabi': [ '1.12.2' ],
3047 silly audit   '@unrs/resolver-binding-android-arm64': [ '1.12.2' ],
3047 silly audit   '@unrs/resolver-binding-darwin-arm64': [ '1.12.2' ],
3047 silly audit   '@unrs/resolver-binding-darwin-x64': [ '1.12.2' ],
3047 silly audit   '@unrs/resolver-binding-freebsd-x64': [ '1.12.2' ],
3047 silly audit   '@unrs/resolver-binding-linux-arm-gnueabihf': [ '1.12.2' ],
3047 silly audit   '@unrs/resolver-binding-linux-arm-musleabihf': [ '1.12.2' ],
3047 silly audit   '@unrs/resolver-binding-linux-arm64-gnu': [ '1.12.2' ],
3047 silly audit   '@unrs/resolver-binding-linux-arm64-musl': [ '1.12.2' ],
3047 silly audit   '@unrs/resolver-binding-linux-loong64-gnu': [ '1.12.2' ],
3047 silly audit   '@unrs/resolver-binding-linux-loong64-musl': [ '1.12.2' ],
3047 silly audit   '@unrs/resolver-binding-linux-ppc64-gnu': [ '1.12.2' ],
3047 silly audit   '@unrs/resolver-binding-linux-riscv64-gnu': [ '1.12.2' ],
3047 silly audit   '@unrs/resolver-binding-linux-riscv64-musl': [ '1.12.2' ],
3047 silly audit   '@unrs/resolver-binding-linux-s390x-gnu': [ '1.12.2' ],
3047 silly audit   '@unrs/resolver-binding-linux-x64-gnu': [ '1.12.2' ],
3047 silly audit   '@unrs/resolver-binding-linux-x64-musl': [ '1.12.2' ],
3047 silly audit   '@unrs/resolver-binding-openharmony-arm64': [ '1.12.2' ],
3047 silly audit   '@unrs/resolver-binding-wasm32-wasi': [ '1.12.2' ],
3047 silly audit   '@unrs/resolver-binding-win32-arm64-msvc': [ '1.12.2' ],
3047 silly audit   '@unrs/resolver-binding-win32-ia32-msvc': [ '1.12.2' ],
3047 silly audit   '@unrs/resolver-binding-win32-x64-msvc': [ '1.12.2' ],
3047 silly audit   'napi-postinstall': [ '0.3.4' ],
3047 silly audit   '@emnapi/core': [ '1.10.0' ],
3047 silly audit   '@napi-rs/wasm-runtime': [ '1.2.2' ],
3047 silly audit   '@emnapi/wasi-threads': [ '1.2.1' ],
3047 silly audit   '@tybys/wasm-util': [ '0.10.3' ],
3047 silly audit   punycode: [ '2.3.1' ],
3047 silly audit   '@types/chai': [ '5.2.3' ],
3047 silly audit   '@vitest/expect': [ '3.2.7' ],
3047 silly audit   '@vitest/mocker': [ '3.2.7' ],
3047 silly audit   '@vitest/pretty-format': [ '3.2.7' ],
3047 silly audit   '@vitest/runner': [ '3.2.7' ],
3047 silly audit   '@vitest/snapshot': [ '3.2.7' ],
3047 silly audit   '@vitest/spy': [ '3.2.7' ],
3047 silly audit   '@vitest/utils': [ '3.2.7' ],
3047 silly audit   chai: [ '5.3.3' ],
3047 silly audit   'expect-type': [ '1.4.0' ],
3047 silly audit   'magic-string': [ '0.30.21' ],
3047 silly audit   'std-env': [ '3.10.0' ],
3047 silly audit   tinybench: [ '2.9.0' ],
3047 silly audit   tinypool: [ '1.1.1' ],
3047 silly audit   tinyrainbow: [ '2.0.0' ],
3047 silly audit   vite: [ '7.3.6' ],
3047 silly audit   'vite-node': [ '3.2.4' ],
3047 silly audit   'why-is-node-running': [ '2.3.0' ],
3047 silly audit   '@types/deep-eql': [ '4.0.2' ],
3047 silly audit   'assertion-error': [ '2.0.1' ],
3047 silly audit   'estree-walker': [ '3.0.3' ],
3047 silly audit   'strip-literal': [ '3.1.0' ],
3047 silly audit   tinyspy: [ '4.0.4' ],
3047 silly audit   loupe: [ '3.2.1' ],
3047 silly audit   'check-error': [ '2.1.3' ],
3047 silly audit   'deep-eql': [ '5.0.2' ],
3047 silly audit   pathval: [ '2.0.1' ],
3047 silly audit   esbuild: [ '0.28.1' ],
3047 silly audit   fsevents: [ '2.3.3' ],
3047 silly audit   rollup: [ '4.62.3' ],
3047 silly audit   '@esbuild/aix-ppc64': [ '0.28.1' ],
3047 silly audit   '@esbuild/android-arm': [ '0.28.1' ],
3047 silly audit   '@esbuild/android-arm64': [ '0.28.1' ],
3047 silly audit   '@esbuild/android-x64': [ '0.28.1' ],
3047 silly audit   '@esbuild/darwin-arm64': [ '0.28.1' ],
3047 silly audit   '@esbuild/darwin-x64': [ '0.28.1' ],
3047 silly audit   '@esbuild/freebsd-arm64': [ '0.28.1' ],
3047 silly audit   '@esbuild/freebsd-x64': [ '0.28.1' ],
3047 silly audit   '@esbuild/linux-arm': [ '0.28.1' ],
3047 silly audit   '@esbuild/linux-arm64': [ '0.28.1' ],
3047 silly audit   '@esbuild/linux-ia32': [ '0.28.1' ],
3047 silly audit   '@esbuild/linux-loong64': [ '0.28.1' ],
3047 silly audit   '@esbuild/linux-mips64el': [ '0.28.1' ],
3047 silly audit   '@esbuild/linux-ppc64': [ '0.28.1' ],
3047 silly audit   '@esbuild/linux-riscv64': [ '0.28.1' ],
3047 silly audit   '@esbuild/linux-s390x': [ '0.28.1' ],
3047 silly audit   '@esbuild/linux-x64': [ '0.28.1' ],
3047 silly audit   '@esbuild/netbsd-arm64': [ '0.28.1' ],
3047 silly audit   '@esbuild/netbsd-x64': [ '0.28.1' ],
3047 silly audit   '@esbuild/openbsd-arm64': [ '0.28.1' ],
3047 silly audit   '@esbuild/openbsd-x64': [ '0.28.1' ],
3047 silly audit   '@esbuild/openharmony-arm64': [ '0.28.1' ],
3047 silly audit   '@esbuild/sunos-x64': [ '0.28.1' ],
3047 silly audit   '@esbuild/win32-arm64': [ '0.28.1' ],
3047 silly audit   '@esbuild/win32-ia32': [ '0.28.1' ],
3047 silly audit   '@esbuild/win32-x64': [ '0.28.1' ],
3047 silly audit   '@rollup/rollup-android-arm-eabi': [ '4.62.3' ],
3047 silly audit   '@rollup/rollup-android-arm64': [ '4.62.3' ],
3047 silly audit   '@rollup/rollup-darwin-arm64': [ '4.62.3' ],
3047 silly audit   '@rollup/rollup-darwin-x64': [ '4.62.3' ],
3047 silly audit   '@rollup/rollup-freebsd-arm64': [ '4.62.3' ],
3047 silly audit   '@rollup/rollup-freebsd-x64': [ '4.62.3' ],
3047 silly audit   '@rollup/rollup-linux-arm-gnueabihf': [ '4.62.3' ],
3047 silly audit   '@rollup/rollup-linux-arm-musleabihf': [ '4.62.3' ],
3047 silly audit   '@rollup/rollup-linux-arm64-gnu': [ '4.62.3' ],
3047 silly audit   '@rollup/rollup-linux-arm64-musl': [ '4.62.3' ],
3047 silly audit   '@rollup/rollup-linux-loong64-gnu': [ '4.62.3' ],
3047 silly audit   '@rollup/rollup-linux-loong64-musl': [ '4.62.3' ],
3047 silly audit   '@rollup/rollup-linux-ppc64-gnu': [ '4.62.3' ],
3047 silly audit   '@rollup/rollup-linux-ppc64-musl': [ '4.62.3' ],
3047 silly audit   '@rollup/rollup-linux-riscv64-gnu': [ '4.62.3' ],
3047 silly audit   '@rollup/rollup-linux-riscv64-musl': [ '4.62.3' ],
3047 silly audit   '@rollup/rollup-linux-s390x-gnu': [ '4.62.3' ],
3047 silly audit   '@rollup/rollup-linux-x64-gnu': [ '4.62.3' ],
3047 silly audit   '@rollup/rollup-linux-x64-musl': [ '4.62.3' ],
3047 silly audit   '@rollup/rollup-openbsd-x64': [ '4.62.3' ],
3047 silly audit   '@rollup/rollup-openharmony-arm64': [ '4.62.3' ],
3047 silly audit   '@rollup/rollup-win32-arm64-msvc': [ '4.62.3' ],
3047 silly audit   '@rollup/rollup-win32-ia32-msvc': [ '4.62.3' ],
3047 silly audit   '@rollup/rollup-win32-x64-gnu': [ '4.62.3' ],
3047 silly audit   '@rollup/rollup-win32-x64-msvc': [ '4.62.3' ],
3047 silly audit   cac: [ '6.7.14' ],
3047 silly audit   'es-module-lexer': [ '1.7.0' ],
3047 silly audit   isexe: [ '2.0.0' ],
3047 silly audit   'is-bigint': [ '1.1.0' ],
3047 silly audit   'is-boolean-object': [ '1.2.2' ],
3047 silly audit   'is-number-object': [ '1.1.1' ],
3047 silly audit   'is-async-function': [ '2.1.1' ],
3047 silly audit   'is-finalizationregistry': [ '1.1.1' ],
3047 silly audit   'is-generator-function': [ '1.1.2' ],
3047 silly audit   'which-collection': [ '1.0.2' ],
3047 silly audit   'async-function': [ '1.0.0' ],
3047 silly audit   'generator-function': [ '2.0.1' ],
3047 silly audit   'is-map': [ '2.0.3' ],
3047 silly audit   'is-weakmap': [ '2.0.2' ],
3047 silly audit   'is-weakset': [ '2.0.4' ],
3047 silly audit   siginfo: [ '2.0.0' ],
3047 silly audit   stackback: [ '0.0.2' ],
3047 silly audit   anymatch: [ '3.1.3' ],
3047 silly audit   'is-binary-path': [ '2.1.0' ],
3047 silly audit   'binary-extensions': [ '2.3.0' ]
3047 silly audit }
3048 http cache binary-extensions@https://registry.npmjs.org/binary-extensions/-/binary-extensions-2.3.0.tgz 0ms (cache hit)
3049 http cache is-binary-path@https://registry.npmjs.org/is-binary-path/-/is-binary-path-2.1.0.tgz 0ms (cache hit)
3050 http cache anymatch@https://registry.npmjs.org/anymatch/-/anymatch-3.1.3.tgz 0ms (cache hit)
3051 http cache stackback@https://registry.npmjs.org/stackback/-/stackback-0.0.2.tgz 0ms (cache hit)
3052 http cache siginfo@https://registry.npmjs.org/siginfo/-/siginfo-2.0.0.tgz 0ms (cache hit)
3053 http cache is-weakmap@https://registry.npmjs.org/is-weakmap/-/is-weakmap-2.0.2.tgz 0ms (cache hit)
3054 http cache is-weakset@https://registry.npmjs.org/is-weakset/-/is-weakset-2.0.4.tgz 0ms (cache hit)
3055 http cache is-map@https://registry.npmjs.org/is-map/-/is-map-2.0.3.tgz 0ms (cache hit)
3056 http cache generator-function@https://registry.npmjs.org/generator-function/-/generator-function-2.0.1.tgz 0ms (cache hit)
3057 http cache async-function@https://registry.npmjs.org/async-function/-/async-function-1.0.0.tgz 0ms (cache hit)
3058 http cache which-collection@https://registry.npmjs.org/which-collection/-/which-collection-1.0.2.tgz 0ms (cache hit)
3059 http cache is-generator-function@https://registry.npmjs.org/is-generator-function/-/is-generator-function-1.1.2.tgz 0ms (cache hit)
3060 http cache is-finalizationregistry@https://registry.npmjs.org/is-finalizationregistry/-/is-finalizationregistry-1.1.1.tgz 0ms (cache hit)
3061 http cache is-async-function@https://registry.npmjs.org/is-async-function/-/is-async-function-2.1.1.tgz 0ms (cache hit)
3062 http cache is-boolean-object@https://registry.npmjs.org/is-boolean-object/-/is-boolean-object-1.2.2.tgz 0ms (cache hit)
3063 http cache is-number-object@https://registry.npmjs.org/is-number-object/-/is-number-object-1.1.1.tgz 0ms (cache hit)
3064 http cache is-bigint@https://registry.npmjs.org/is-bigint/-/is-bigint-1.1.0.tgz 0ms (cache hit)
3065 http cache isexe@https://registry.npmjs.org/isexe/-/isexe-2.0.0.tgz 0ms (cache hit)
3066 http cache es-module-lexer@https://registry.npmjs.org/es-module-lexer/-/es-module-lexer-1.7.0.tgz 0ms (cache hit)
3067 http cache cac@https://registry.npmjs.org/cac/-/cac-6.7.14.tgz 0ms (cache hit)
3068 http cache @rollup/rollup-win32-x64-gnu@https://registry.npmjs.org/@rollup/rollup-win32-x64-gnu/-/rollup-win32-x64-gnu-4.62.3.tgz 0ms (cache hit)
3069 http cache @rollup/rollup-win32-x64-msvc@https://registry.npmjs.org/@rollup/rollup-win32-x64-msvc/-/rollup-win32-x64-msvc-4.62.3.tgz 0ms (cache hit)
3070 http cache @esbuild/win32-x64@https://registry.npmjs.org/@esbuild/win32-x64/-/win32-x64-0.28.1.tgz 0ms (cache hit)
3071 http cache rollup@https://registry.npmjs.org/rollup/-/rollup-4.62.3.tgz 0ms (cache hit)
3072 http cache pathval@https://registry.npmjs.org/pathval/-/pathval-2.0.1.tgz 0ms (cache hit)
3073 http cache deep-eql@https://registry.npmjs.org/deep-eql/-/deep-eql-5.0.2.tgz 0ms (cache hit)
3074 http cache esbuild@https://registry.npmjs.org/esbuild/-/esbuild-0.28.1.tgz 0ms (cache hit)
3075 http cache check-error@https://registry.npmjs.org/check-error/-/check-error-2.1.3.tgz 0ms (cache hit)
3076 http cache loupe@https://registry.npmjs.org/loupe/-/loupe-3.2.1.tgz 0ms (cache hit)
3077 http cache tinyspy@https://registry.npmjs.org/tinyspy/-/tinyspy-4.0.4.tgz 0ms (cache hit)
3078 http cache estree-walker@https://registry.npmjs.org/estree-walker/-/estree-walker-3.0.3.tgz 0ms (cache hit)
3079 http cache strip-literal@https://registry.npmjs.org/strip-literal/-/strip-literal-3.1.0.tgz 0ms (cache hit)
3080 http cache @types/deep-eql@https://registry.npmjs.org/@types/deep-eql/-/deep-eql-4.0.2.tgz 0ms (cache hit)
3081 http cache assertion-error@https://registry.npmjs.org/assertion-error/-/assertion-error-2.0.1.tgz 0ms (cache hit)
3082 http cache why-is-node-running@https://registry.npmjs.org/why-is-node-running/-/why-is-node-running-2.3.0.tgz 0ms (cache hit)
3083 http cache vite-node@https://registry.npmjs.org/vite-node/-/vite-node-3.2.4.tgz 0ms (cache hit)
3084 http cache vite@https://registry.npmjs.org/vite/-/vite-7.3.6.tgz 0ms (cache hit)
3085 http cache tinyrainbow@https://registry.npmjs.org/tinyrainbow/-/tinyrainbow-2.0.0.tgz 0ms (cache hit)
3086 http cache tinypool@https://registry.npmjs.org/tinypool/-/tinypool-1.1.1.tgz 0ms (cache hit)
3087 http cache tinybench@https://registry.npmjs.org/tinybench/-/tinybench-2.9.0.tgz 0ms (cache hit)
3088 http cache std-env@https://registry.npmjs.org/std-env/-/std-env-3.10.0.tgz 0ms (cache hit)
3089 http cache magic-string@https://registry.npmjs.org/magic-string/-/magic-string-0.30.21.tgz 0ms (cache hit)
3090 http cache expect-type@https://registry.npmjs.org/expect-type/-/expect-type-1.4.0.tgz 0ms (cache hit)
3091 http cache chai@https://registry.npmjs.org/chai/-/chai-5.3.3.tgz 0ms (cache hit)
3092 http cache @vitest/utils@https://registry.npmjs.org/@vitest/utils/-/utils-3.2.7.tgz 0ms (cache hit)
3093 http cache @vitest/spy@https://registry.npmjs.org/@vitest/spy/-/spy-3.2.7.tgz 0ms (cache hit)
3094 http cache @vitest/snapshot@https://registry.npmjs.org/@vitest/snapshot/-/snapshot-3.2.7.tgz 0ms (cache hit)
3095 http cache @vitest/pretty-format@https://registry.npmjs.org/@vitest/pretty-format/-/pretty-format-3.2.7.tgz 0ms (cache hit)
3096 http cache @vitest/mocker@https://registry.npmjs.org/@vitest/mocker/-/mocker-3.2.7.tgz 0ms (cache hit)
3097 http cache @vitest/runner@https://registry.npmjs.org/@vitest/runner/-/runner-3.2.7.tgz 0ms (cache hit)
3098 http cache @vitest/expect@https://registry.npmjs.org/@vitest/expect/-/expect-3.2.7.tgz 0ms (cache hit)
3099 http cache @types/chai@https://registry.npmjs.org/@types/chai/-/chai-5.2.3.tgz 0ms (cache hit)
3100 http cache punycode@https://registry.npmjs.org/punycode/-/punycode-2.3.1.tgz 0ms (cache hit)
3101 http cache napi-postinstall@https://registry.npmjs.org/napi-postinstall/-/napi-postinstall-0.3.4.tgz 0ms (cache hit)
3102 http cache @unrs/resolver-binding-win32-x64-msvc@https://registry.npmjs.org/@unrs/resolver-binding-win32-x64-msvc/-/resolver-binding-win32-x64-msvc-1.12.2.tgz 0ms (cache hit)
3103 http cache which-boxed-primitive@https://registry.npmjs.org/which-boxed-primitive/-/which-boxed-primitive-1.1.1.tgz 0ms (cache hit)
3104 http cache has-bigints@https://registry.npmjs.org/has-bigints/-/has-bigints-1.1.0.tgz 0ms (cache hit)
3105 http cache which-builtin-type@https://registry.npmjs.org/which-builtin-type/-/which-builtin-type-1.2.1.tgz 0ms (cache hit)
3106 http cache for-each@https://registry.npmjs.org/for-each/-/for-each-0.3.5.tgz 0ms (cache hit)
3107 http cache reflect.getprototypeof@https://registry.npmjs.org/reflect.getprototypeof/-/reflect.getprototypeof-1.0.10.tgz 0ms (cache hit)
3108 http cache strip-bom@https://registry.npmjs.org/strip-bom/-/strip-bom-3.0.0.tgz 0ms (cache hit)
3109 http cache @types/json5@https://registry.npmjs.org/@types/json5/-/json5-0.0.29.tgz 0ms (cache hit)
3110 http cache minimist@https://registry.npmjs.org/minimist/-/minimist-1.2.8.tgz 0ms (cache hit)
3111 http cache json5@https://registry.npmjs.org/json5/-/json5-1.0.2.tgz 0ms (cache hit)
3112 http cache is-number@https://registry.npmjs.org/is-number/-/is-number-7.0.0.tgz 0ms (cache hit)
3113 http cache thenify@https://registry.npmjs.org/thenify/-/thenify-3.3.1.tgz 0ms (cache hit)
3114 http cache thenify-all@https://registry.npmjs.org/thenify-all/-/thenify-all-1.6.0.tgz 0ms (cache hit)
3115 http cache any-promise@https://registry.npmjs.org/any-promise/-/any-promise-1.3.0.tgz 0ms (cache hit)
3116 http cache @jridgewell/resolve-uri@https://registry.npmjs.org/@jridgewell/resolve-uri/-/resolve-uri-3.1.2.tgz 0ms (cache hit)
3117 http cache @jridgewell/trace-mapping@https://registry.npmjs.org/@jridgewell/trace-mapping/-/trace-mapping-0.3.31.tgz 0ms (cache hit)
3118 http cache @jridgewell/sourcemap-codec@https://registry.npmjs.org/@jridgewell/sourcemap-codec/-/sourcemap-codec-1.5.5.tgz 0ms (cache hit)
3119 http cache ts-interface-checker@https://registry.npmjs.org/ts-interface-checker/-/ts-interface-checker-0.1.13.tgz 0ms (cache hit)
3120 http cache pirates@https://registry.npmjs.org/pirates/-/pirates-4.0.7.tgz 0ms (cache hit)
3121 http cache mz@https://registry.npmjs.org/mz/-/mz-2.7.0.tgz 0ms (cache hit)
3122 http cache lines-and-columns@https://registry.npmjs.org/lines-and-columns/-/lines-and-columns-1.2.4.tgz 0ms (cache hit)
3123 http cache @jridgewell/gen-mapping@https://registry.npmjs.org/@jridgewell/gen-mapping/-/gen-mapping-0.3.13.tgz 1ms (cache hit)
3124 http cache commander@https://registry.npmjs.org/commander/-/commander-4.1.1.tgz 0ms (cache hit)
3125 http cache util-deprecate@https://registry.npmjs.org/util-deprecate/-/util-deprecate-1.0.2.tgz 0ms (cache hit)
3126 http cache pify@https://registry.npmjs.org/pify/-/pify-2.3.0.tgz 0ms (cache hit)
3127 http cache cssesc@https://registry.npmjs.org/cssesc/-/cssesc-3.0.0.tgz 0ms (cache hit)
3128 http cache camelcase-css@https://registry.npmjs.org/camelcase-css/-/camelcase-css-2.0.1.tgz 0ms (cache hit)
3129 http cache read-cache@https://registry.npmjs.org/read-cache/-/read-cache-1.0.0.tgz 0ms (cache hit)
3130 http cache postcss-value-parser@https://registry.npmjs.org/postcss-value-parser/-/postcss-value-parser-4.2.0.tgz 0ms (cache hit)
3131 http cache sucrase@https://registry.npmjs.org/sucrase/-/sucrase-3.35.1.tgz 0ms (cache hit)
3132 http cache postcss-selector-parser@https://registry.npmjs.org/postcss-selector-parser/-/postcss-selector-parser-6.1.4.tgz 0ms (cache hit)
3133 http cache postcss-nested@https://registry.npmjs.org/postcss-nested/-/postcss-nested-6.2.0.tgz 0ms (cache hit)
3134 http cache object-hash@https://registry.npmjs.org/object-hash/-/object-hash-3.0.0.tgz 0ms (cache hit)
3135 http cache normalize-path@https://registry.npmjs.org/normalize-path/-/normalize-path-3.0.0.tgz 0ms (cache hit)
3136 http cache postcss-js@https://registry.npmjs.org/postcss-js/-/postcss-js-4.1.0.tgz 0ms (cache hit)
3137 http cache postcss-import@https://registry.npmjs.org/postcss-import/-/postcss-import-15.1.0.tgz 0ms (cache hit)
3138 http cache lilconfig@https://registry.npmjs.org/lilconfig/-/lilconfig-3.1.3.tgz 0ms (cache hit)
3139 http cache dlv@https://registry.npmjs.org/dlv/-/dlv-1.1.3.tgz 0ms (cache hit)
3140 http cache didyoumean@https://registry.npmjs.org/didyoumean/-/didyoumean-1.2.2.tgz 0ms (cache hit)
3141 http cache arg@https://registry.npmjs.org/arg/-/arg-5.0.2.tgz 0ms (cache hit)
3142 http cache @alloc/quick-lru@https://registry.npmjs.org/@alloc/quick-lru/-/quick-lru-5.2.0.tgz 0ms (cache hit)
3143 http cache has-flag@https://registry.npmjs.org/has-flag/-/has-flag-4.0.0.tgz 0ms (cache hit)
3144 http cache side-channel-weakmap@https://registry.npmjs.org/side-channel-weakmap/-/side-channel-weakmap-1.0.2.tgz 0ms (cache hit)
3145 http cache side-channel-map@https://registry.npmjs.org/side-channel-map/-/side-channel-map-1.0.1.tgz 0ms (cache hit)
3146 http cache client-only@https://registry.npmjs.org/client-only/-/client-only-0.0.1.tgz 0ms (cache hit)
3147 http cache @emnapi/runtime@https://registry.npmjs.org/@emnapi/runtime/-/runtime-1.11.3.tgz 0ms (cache hit)
3148 http cache side-channel-list@https://registry.npmjs.org/side-channel-list/-/side-channel-list-1.0.1.tgz 0ms (cache hit)
3149 http cache shebang-regex@https://registry.npmjs.org/shebang-regex/-/shebang-regex-3.0.0.tgz 0ms (cache hit)
3150 http cache @img/sharp-win32-x64@https://registry.npmjs.org/@img/sharp-win32-x64/-/sharp-win32-x64-0.34.5.tgz 0ms (cache hit)
3151 http cache detect-libc@https://registry.npmjs.org/detect-libc/-/detect-libc-2.1.2.tgz 0ms (cache hit)
3152 http cache postcss-load-config@https://registry.npmjs.org/postcss-load-config/-/postcss-load-config-6.0.1.tgz 0ms (cache hit)
3153 http cache isarray@https://registry.npmjs.org/isarray/-/isarray-2.0.5.tgz 0ms (cache hit)
3154 http cache queue-microtask@https://registry.npmjs.org/queue-microtask/-/queue-microtask-1.2.3.tgz 0ms (cache hit)
3155 http cache @img/colour@https://registry.npmjs.org/@img/colour/-/colour-1.1.0.tgz 0ms (cache hit)
3156 http cache supports-preserve-symlinks-flag@https://registry.npmjs.org/supports-preserve-symlinks-flag/-/supports-preserve-symlinks-flag-1.0.0.tgz 0ms (cache hit)
3157 http cache path-parse@https://registry.npmjs.org/path-parse/-/path-parse-1.0.7.tgz 0ms (cache hit)
3158 http cache scheduler@https://registry.npmjs.org/scheduler/-/scheduler-0.27.0.tgz 0ms (cache hit)
3159 http cache destr@https://registry.npmjs.org/destr/-/destr-2.0.5.tgz 0ms (cache hit)
3160 http cache node-exports-info@https://registry.npmjs.org/node-exports-info/-/node-exports-info-1.6.2.tgz 0ms (cache hit)
3161 http cache js-tokens@https://registry.npmjs.org/js-tokens/-/js-tokens-4.0.0.tgz 0ms (cache hit)
3162 http cache react-is@https://registry.npmjs.org/react-is/-/react-is-16.13.1.tgz 0ms (cache hit)
3163 http cache object-assign@https://registry.npmjs.org/object-assign/-/object-assign-4.1.1.tgz 0ms (cache hit)
3164 http cache node-fetch-native@https://registry.npmjs.org/node-fetch-native/-/node-fetch-native-1.6.7.tgz 0ms (cache hit)
3165 http cache tinyexec@https://registry.npmjs.org/tinyexec/-/tinyexec-1.2.4.tgz 0ms (cache hit)
3166 http cache nypm@https://registry.npmjs.org/nypm/-/nypm-0.6.9.tgz 0ms (cache hit)
3167 http cache consola@https://registry.npmjs.org/consola/-/consola-3.4.2.tgz 0ms (cache hit)
3168 http cache fast-check@https://registry.npmjs.org/fast-check/-/fast-check-3.23.2.tgz 0ms (cache hit)
3169 http cache citty@https://registry.npmjs.org/citty/-/citty-0.1.6.tgz 0ms (cache hit)
3170 http cache pure-rand@https://registry.npmjs.org/pure-rand/-/pure-rand-6.1.0.tgz 0ms (cache hit)
3171 http cache @standard-schema/spec@https://registry.npmjs.org/@standard-schema/spec/-/spec-1.1.0.tgz 0ms (cache hit)
3172 http cache readdirp@https://registry.npmjs.org/readdirp/-/readdirp-4.1.2.tgz 0ms (cache hit)
3173 http cache rc9@https://registry.npmjs.org/rc9/-/rc9-2.1.2.tgz 0ms (cache hit)
3174 http cache loose-envify@https://registry.npmjs.org/loose-envify/-/loose-envify-1.4.0.tgz 0ms (cache hit)
3175 http cache pkg-types@https://registry.npmjs.org/pkg-types/-/pkg-types-2.3.1.tgz 0ms (cache hit)
3176 http cache pathe@https://registry.npmjs.org/pathe/-/pathe-2.0.3.tgz 0ms (cache hit)
3177 http cache perfect-debounce@https://registry.npmjs.org/perfect-debounce/-/perfect-debounce-1.0.0.tgz 0ms (cache hit)
3178 http cache ohash@https://registry.npmjs.org/ohash/-/ohash-2.0.11.tgz 0ms (cache hit)
3179 http cache jiti@https://registry.npmjs.org/jiti/-/jiti-2.7.0.tgz 0ms (cache hit)
3180 http cache giget@https://registry.npmjs.org/giget/-/giget-2.0.0.tgz 0ms (cache hit)
3181 http cache exsolve@https://registry.npmjs.org/exsolve/-/exsolve-1.1.1.tgz 0ms (cache hit)
3182 http cache dotenv@https://registry.npmjs.org/dotenv/-/dotenv-16.6.1.tgz 0ms (cache hit)
3183 http cache defu@https://registry.npmjs.org/defu/-/defu-6.1.7.tgz 0ms (cache hit)
3184 http cache confbox@https://registry.npmjs.org/confbox/-/confbox-0.2.4.tgz 0ms (cache hit)
3185 http cache chokidar@https://registry.npmjs.org/chokidar/-/chokidar-4.0.3.tgz 0ms (cache hit)
3186 http cache @prisma/get-platform@https://registry.npmjs.org/@prisma/get-platform/-/get-platform-6.19.3.tgz 0ms (cache hit)
3187 http cache empathic@https://registry.npmjs.org/empathic/-/empathic-2.0.0.tgz 0ms (cache hit)
3188 http cache @prisma/debug@https://registry.npmjs.org/@prisma/debug/-/debug-6.19.3.tgz 0ms (cache hit)
3189 http cache @prisma/fetch-engine@https://registry.npmjs.org/@prisma/fetch-engine/-/fetch-engine-6.19.3.tgz 0ms (cache hit)
3190 http cache @prisma/engines-version@https://registry.npmjs.org/@prisma/engines-version/-/engines-version-7.1.1-3.c2990dca591cba766e3b7ef5d9e8a84796e47ab7.tgz 0ms (cache hit)
3191 http cache @prisma/engines@https://registry.npmjs.org/@prisma/engines/-/engines-6.19.3.tgz 0ms (cache hit)
3192 http cache effect@https://registry.npmjs.org/effect/-/effect-3.21.0.tgz 0ms (cache hit)
3193 http cache deepmerge-ts@https://registry.npmjs.org/deepmerge-ts/-/deepmerge-ts-7.1.5.tgz 0ms (cache hit)
3194 http cache c12@https://registry.npmjs.org/c12/-/c12-3.1.0.tgz 0ms (cache hit)
3195 http cache @prisma/config@https://registry.npmjs.org/@prisma/config/-/config-6.19.3.tgz 0ms (cache hit)
3196 http cache source-map-js@https://registry.npmjs.org/source-map-js/-/source-map-js-1.2.1.tgz 0ms (cache hit)
3197 http cache picocolors@https://registry.npmjs.org/picocolors/-/picocolors-1.1.1.tgz 0ms (cache hit)
3198 http cache nanoid@https://registry.npmjs.org/nanoid/-/nanoid-3.3.16.tgz 0ms (cache hit)
3199 http cache callsites@https://registry.npmjs.org/callsites/-/callsites-3.1.0.tgz 0ms (cache hit)
3200 http cache yocto-queue@https://registry.npmjs.org/yocto-queue/-/yocto-queue-0.1.0.tgz 0ms (cache hit)
3201 http cache p-limit@https://registry.npmjs.org/p-limit/-/p-limit-3.1.0.tgz 0ms (cache hit)
3202 http cache word-wrap@https://registry.npmjs.org/word-wrap/-/word-wrap-1.2.5.tgz 0ms (cache hit)
3203 http cache fast-levenshtein@https://registry.npmjs.org/fast-levenshtein/-/fast-levenshtein-2.0.6.tgz 0ms (cache hit)
3204 http cache deep-is@https://registry.npmjs.org/deep-is/-/deep-is-0.1.4.tgz 0ms (cache hit)
3205 http cache tslib@https://registry.npmjs.org/tslib/-/tslib-2.8.1.tgz 0ms (cache hit)
3206 http cache styled-jsx@https://registry.npmjs.org/styled-jsx/-/styled-jsx-5.1.6.tgz 0ms (cache hit)
3207 http cache sharp@https://registry.npmjs.org/sharp/-/sharp-0.34.5.tgz 0ms (cache hit)
3208 http cache caniuse-lite@https://registry.npmjs.org/caniuse-lite/-/caniuse-lite-1.0.30001806.tgz 0ms (cache hit)
3209 http cache @swc/helpers@https://registry.npmjs.org/@swc/helpers/-/helpers-0.5.15.tgz 0ms (cache hit)
3210 http cache @next/swc-win32-x64-msvc@https://registry.npmjs.org/@next/swc-win32-x64-msvc/-/swc-win32-x64-msvc-15.5.22.tgz 0ms (cache hit)
3211 http cache @next/env@https://registry.npmjs.org/@next/env/-/env-15.5.22.tgz 0ms (cache hit)
3212 http cache balanced-match@https://registry.npmjs.org/balanced-match/-/balanced-match-1.0.2.tgz 0ms (cache hit)
3213 http cache concat-map@https://registry.npmjs.org/concat-map/-/concat-map-0.0.1.tgz 0ms (cache hit)
3214 http cache brace-expansion@https://registry.npmjs.org/brace-expansion/-/brace-expansion-1.1.18.tgz 0ms (cache hit)
3215 http cache to-regex-range@https://registry.npmjs.org/to-regex-range/-/to-regex-range-5.0.1.tgz 0ms (cache hit)
3216 http cache fill-range@https://registry.npmjs.org/fill-range/-/fill-range-7.1.1.tgz 0ms (cache hit)
3217 http cache picomatch@https://registry.npmjs.org/picomatch/-/picomatch-2.3.2.tgz 0ms (cache hit)
3218 http cache braces@https://registry.npmjs.org/braces/-/braces-3.0.3.tgz 0ms (cache hit)
3219 http cache p-locate@https://registry.npmjs.org/p-locate/-/p-locate-5.0.0.tgz 0ms (cache hit)
3220 http cache type-check@https://registry.npmjs.org/type-check/-/type-check-0.4.0.tgz 0ms (cache hit)
3221 http cache prelude-ls@https://registry.npmjs.org/prelude-ls/-/prelude-ls-1.2.1.tgz 0ms (cache hit)
3222 http cache language-subtag-registry@https://registry.npmjs.org/language-subtag-registry/-/language-subtag-registry-0.3.23.tgz 0ms (cache hit)
3223 http cache json-buffer@https://registry.npmjs.org/json-buffer/-/json-buffer-3.0.1.tgz 0ms (cache hit)
3224 http cache set-function-name@https://registry.npmjs.org/set-function-name/-/set-function-name-2.0.2.tgz 0ms (cache hit)
3225 http cache argparse@https://registry.npmjs.org/argparse/-/argparse-2.0.1.tgz 0ms (cache hit)
3226 http cache is-extglob@https://registry.npmjs.org/is-extglob/-/is-extglob-2.1.1.tgz 0ms (cache hit)
3227 http cache side-channel@https://registry.npmjs.org/side-channel/-/side-channel-1.1.1.tgz 0ms (cache hit)
3228 http cache resolve-from@https://registry.npmjs.org/resolve-from/-/resolve-from-4.0.0.tgz 0ms (cache hit)
3229 http cache resolve-pkg-maps@https://registry.npmjs.org/resolve-pkg-maps/-/resolve-pkg-maps-1.0.0.tgz 0ms (cache hit)
3230 http cache parent-module@https://registry.npmjs.org/parent-module/-/parent-module-1.0.1.tgz 0ms (cache hit)
3231 http cache functions-have-names@https://registry.npmjs.org/functions-have-names/-/functions-have-names-1.2.3.tgz 0ms (cache hit)
3232 http cache dunder-proto@https://registry.npmjs.org/dunder-proto/-/dunder-proto-1.0.1.tgz 0ms (cache hit)
3233 http cache is-document.all@https://registry.npmjs.org/is-document.all/-/is-document.all-1.0.0.tgz 0ms (cache hit)
3234 http cache keyv@https://registry.npmjs.org/keyv/-/keyv-4.5.4.tgz 0ms (cache hit)
3235 http cache flatted@https://registry.npmjs.org/flatted/-/flatted-3.4.4.tgz 0ms (cache hit)
3236 http cache locate-path@https://registry.npmjs.org/locate-path/-/locate-path-6.0.0.tgz 0ms (cache hit)
3237 http cache reusify@https://registry.npmjs.org/reusify/-/reusify-1.1.0.tgz 0ms (cache hit)
3238 http cache path-exists@https://registry.npmjs.org/path-exists/-/path-exists-4.0.0.tgz 0ms (cache hit)
3239 http cache flat-cache@https://registry.npmjs.org/flat-cache/-/flat-cache-4.0.1.tgz 0ms (cache hit)
3240 http cache @nodelib/fs.scandir@https://registry.npmjs.org/@nodelib/fs.scandir/-/fs.scandir-2.1.5.tgz 0ms (cache hit)
3241 http cache run-parallel@https://registry.npmjs.org/run-parallel/-/run-parallel-1.2.0.tgz 0ms (cache hit)
3242 http cache fastq@https://registry.npmjs.org/fastq/-/fastq-1.20.1.tgz 0ms (cache hit)
3243 http cache @nodelib/fs.walk@https://registry.npmjs.org/@nodelib/fs.walk/-/fs.walk-1.2.8.tgz 0ms (cache hit)
3244 http cache micromatch@https://registry.npmjs.org/micromatch/-/micromatch-4.0.8.tgz 0ms (cache hit)
3245 http cache merge2@https://registry.npmjs.org/merge2/-/merge2-1.4.1.tgz 0ms (cache hit)
3246 http cache @nodelib/fs.stat@https://registry.npmjs.org/@nodelib/fs.stat/-/fs.stat-2.0.5.tgz 0ms (cache hit)
3247 http cache acorn-jsx@https://registry.npmjs.org/acorn-jsx/-/acorn-jsx-5.3.2.tgz 0ms (cache hit)
3248 http cache acorn@https://registry.npmjs.org/acorn/-/acorn-8.18.0.tgz 0ms (cache hit)
3249 http cache esrecurse@https://registry.npmjs.org/esrecurse/-/esrecurse-4.3.0.tgz 1ms (cache hit)
3250 http cache iterator.prototype@https://registry.npmjs.org/iterator.prototype/-/iterator.prototype-1.1.5.tgz 0ms (cache hit)
3251 http cache string.prototype.repeat@https://registry.npmjs.org/string.prototype.repeat/-/string.prototype.repeat-1.0.0.tgz 0ms (cache hit)
3252 http cache string.prototype.matchall@https://registry.npmjs.org/string.prototype.matchall/-/string.prototype.matchall-4.0.12.tgz 0ms (cache hit)
3253 http cache prop-types@https://registry.npmjs.org/prop-types/-/prop-types-15.8.1.tgz 0ms (cache hit)
3254 http cache object.entries@https://registry.npmjs.org/object.entries/-/object.entries-1.1.9.tgz 0ms (cache hit)
3255 http cache estraverse@https://registry.npmjs.org/estraverse/-/estraverse-5.3.0.tgz 0ms (cache hit)
3256 http cache es-iterator-helpers@https://registry.npmjs.org/es-iterator-helpers/-/es-iterator-helpers-1.4.0.tgz 0ms (cache hit)
3257 http cache array.prototype.tosorted@https://registry.npmjs.org/array.prototype.tosorted/-/array.prototype.tosorted-1.1.4.tgz 0ms (cache hit)
3258 http cache array.prototype.findlast@https://registry.npmjs.org/array.prototype.findlast/-/array.prototype.findlast-1.2.5.tgz 0ms (cache hit)
3259 http cache string.prototype.includes@https://registry.npmjs.org/string.prototype.includes/-/string.prototype.includes-2.0.1.tgz 0ms (cache hit)
3260 http cache language-tags@https://registry.npmjs.org/language-tags/-/language-tags-1.0.9.tgz 0ms (cache hit)
3261 http cache jsx-ast-utils@https://registry.npmjs.org/jsx-ast-utils/-/jsx-ast-utils-3.3.5.tgz 0ms (cache hit)
3262 http cache emoji-regex@https://registry.npmjs.org/emoji-regex/-/emoji-regex-9.2.2.tgz 0ms (cache hit)
3263 http cache damerau-levenshtein@https://registry.npmjs.org/damerau-levenshtein/-/damerau-levenshtein-1.0.8.tgz 0ms (cache hit)
3264 http cache axe-core@https://registry.npmjs.org/axe-core/-/axe-core-4.12.1.tgz 0ms (cache hit)
3265 http cache axobject-query@https://registry.npmjs.org/axobject-query/-/axobject-query-4.1.0.tgz 0ms (cache hit)
3266 http cache ast-types-flow@https://registry.npmjs.org/ast-types-flow/-/ast-types-flow-0.0.8.tgz 0ms (cache hit)
3267 http cache aria-query@https://registry.npmjs.org/aria-query/-/aria-query-5.3.2.tgz 0ms (cache hit)
3268 http cache is-symbol@https://registry.npmjs.org/is-symbol/-/is-symbol-1.1.1.tgz 0ms (cache hit)
3269 http cache is-date-object@https://registry.npmjs.org/is-date-object/-/is-date-object-1.1.0.tgz 0ms (cache hit)
3270 http cache has-tostringtag@https://registry.npmjs.org/has-tostringtag/-/has-tostringtag-1.0.2.tgz 0ms (cache hit)
3271 http cache es-abstract-get@https://registry.npmjs.org/es-abstract-get/-/es-abstract-get-1.0.0.tgz 0ms (cache hit)
3272 http cache possible-typed-array-names@https://registry.npmjs.org/possible-typed-array-names/-/possible-typed-array-names-1.1.0.tgz 0ms (cache hit)
3273 http cache unbox-primitive@https://registry.npmjs.org/unbox-primitive/-/unbox-primitive-1.1.0.tgz 0ms (cache hit)
3274 http cache typed-array-length@https://registry.npmjs.org/typed-array-length/-/typed-array-length-1.0.8.tgz 0ms (cache hit)
3275 http cache which-typed-array@https://registry.npmjs.org/which-typed-array/-/which-typed-array-1.1.22.tgz 0ms (cache hit)
3276 http cache typed-array-byte-offset@https://registry.npmjs.org/typed-array-byte-offset/-/typed-array-byte-offset-1.0.4.tgz 0ms (cache hit)
3277 http cache typed-array-byte-length@https://registry.npmjs.org/typed-array-byte-length/-/typed-array-byte-length-1.0.3.tgz 0ms (cache hit)
3278 http cache string.prototype.trimstart@https://registry.npmjs.org/string.prototype.trimstart/-/string.prototype.trimstart-1.0.8.tgz 0ms (cache hit)
3279 http cache typed-array-buffer@https://registry.npmjs.org/typed-array-buffer/-/typed-array-buffer-1.0.3.tgz 0ms (cache hit)
3280 http cache string.prototype.trim@https://registry.npmjs.org/string.prototype.trim/-/string.prototype.trim-1.2.11.tgz 0ms (cache hit)
3281 http cache stop-iteration-iterator@https://registry.npmjs.org/stop-iteration-iterator/-/stop-iteration-iterator-1.1.0.tgz 0ms (cache hit)
3282 http cache set-proto@https://registry.npmjs.org/set-proto/-/set-proto-1.0.0.tgz 0ms (cache hit)
3283 http cache safe-regex-test@https://registry.npmjs.org/safe-regex-test/-/safe-regex-test-1.1.0.tgz 0ms (cache hit)
3284 http cache safe-push-apply@https://registry.npmjs.org/safe-push-apply/-/safe-push-apply-1.0.0.tgz 0ms (cache hit)
3285 http cache safe-array-concat@https://registry.npmjs.org/safe-array-concat/-/safe-array-concat-1.1.4.tgz 0ms (cache hit)
3286 http cache own-keys@https://registry.npmjs.org/own-keys/-/own-keys-1.0.2.tgz 0ms (cache hit)
3287 http cache regexp.prototype.flags@https://registry.npmjs.org/regexp.prototype.flags/-/regexp.prototype.flags-1.5.4.tgz 0ms (cache hit)
3288 http cache object.assign@https://registry.npmjs.org/object.assign/-/object.assign-4.1.7.tgz 0ms (cache hit)
3289 http cache object-inspect@https://registry.npmjs.org/object-inspect/-/object-inspect-1.13.4.tgz 0ms (cache hit)
3290 http cache is-weakref@https://registry.npmjs.org/is-weakref/-/is-weakref-1.1.1.tgz 0ms (cache hit)
3291 http cache is-typed-array@https://registry.npmjs.org/is-typed-array/-/is-typed-array-1.1.15.tgz 0ms (cache hit)
3292 http cache is-set@https://registry.npmjs.org/is-set/-/is-set-2.0.3.tgz 0ms (cache hit)
3293 http cache is-regex@https://registry.npmjs.org/is-regex/-/is-regex-1.2.1.tgz 0ms (cache hit)
3294 http cache is-shared-array-buffer@https://registry.npmjs.org/is-shared-array-buffer/-/is-shared-array-buffer-1.0.4.tgz 0ms (cache hit)
3295 http cache is-data-view@https://registry.npmjs.org/is-data-view/-/is-data-view-1.0.2.tgz 0ms (cache hit)
3296 http cache is-negative-zero@https://registry.npmjs.org/is-negative-zero/-/is-negative-zero-2.0.3.tgz 0ms (cache hit)
3297 http cache is-callable@https://registry.npmjs.org/is-callable/-/is-callable-1.2.7.tgz 0ms (cache hit)
3298 http cache internal-slot@https://registry.npmjs.org/internal-slot/-/internal-slot-1.1.0.tgz 0ms (cache hit)
3299 http cache has-proto@https://registry.npmjs.org/has-proto/-/has-proto-1.2.0.tgz 0ms (cache hit)
3300 http cache is-array-buffer@https://registry.npmjs.org/is-array-buffer/-/is-array-buffer-3.0.5.tgz 0ms (cache hit)
3301 http cache globalthis@https://registry.npmjs.org/globalthis/-/globalthis-1.0.4.tgz 0ms (cache hit)
3302 http cache has-symbols@https://registry.npmjs.org/has-symbols/-/has-symbols-1.1.0.tgz 0ms (cache hit)
3303 http cache get-proto@https://registry.npmjs.org/get-proto/-/get-proto-1.0.1.tgz 0ms (cache hit)
3304 http cache es-to-primitive@https://registry.npmjs.org/es-to-primitive/-/es-to-primitive-1.3.4.tgz 0ms (cache hit)
3305 http cache es-set-tostringtag@https://registry.npmjs.org/es-set-tostringtag/-/es-set-tostringtag-2.1.0.tgz 0ms (cache hit)
3306 http cache data-view-byte-offset@https://registry.npmjs.org/data-view-byte-offset/-/data-view-byte-offset-1.0.1.tgz 0ms (cache hit)
3307 http cache data-view-byte-length@https://registry.npmjs.org/data-view-byte-length/-/data-view-byte-length-1.0.2.tgz 0ms (cache hit)
3308 http cache data-view-buffer@https://registry.npmjs.org/data-view-buffer/-/data-view-buffer-1.0.2.tgz 0ms (cache hit)
3309 http cache available-typed-arrays@https://registry.npmjs.org/available-typed-arrays/-/available-typed-arrays-1.0.7.tgz 0ms (cache hit)
3310 http cache get-symbol-description@https://registry.npmjs.org/get-symbol-description/-/get-symbol-description-1.1.0.tgz 0ms (cache hit)
3311 http cache arraybuffer.prototype.slice@https://registry.npmjs.org/arraybuffer.prototype.slice/-/arraybuffer.prototype.slice-1.0.4.tgz 0ms (cache hit)
3312 http cache array-buffer-byte-length@https://registry.npmjs.org/array-buffer-byte-length/-/array-buffer-byte-length-1.0.2.tgz 0ms (cache hit)
3313 http cache gopd@https://registry.npmjs.org/gopd/-/gopd-1.2.0.tgz 0ms (cache hit)
3314 http cache object-keys@https://registry.npmjs.org/object-keys/-/object-keys-1.1.1.tgz 0ms (cache hit)
3315 http cache function.prototype.name@https://registry.npmjs.org/function.prototype.name/-/function.prototype.name-1.2.0.tgz 0ms (cache hit)
3316 http cache has-property-descriptors@https://registry.npmjs.org/has-property-descriptors/-/has-property-descriptors-1.0.2.tgz 0ms (cache hit)
3317 http cache define-data-property@https://registry.npmjs.org/define-data-property/-/define-data-property-1.1.4.tgz 0ms (cache hit)
3318 http cache set-function-length@https://registry.npmjs.org/set-function-length/-/set-function-length-1.2.2.tgz 0ms (cache hit)
3319 http cache function-bind@https://registry.npmjs.org/function-bind/-/function-bind-1.1.2.tgz 0ms (cache hit)
3320 http cache es-define-property@https://registry.npmjs.org/es-define-property/-/es-define-property-1.0.1.tgz 0ms (cache hit)
3321 http cache call-bind-apply-helpers@https://registry.npmjs.org/call-bind-apply-helpers/-/call-bind-apply-helpers-1.0.2.tgz 0ms (cache hit)
3322 http cache es-shim-unscopables@https://registry.npmjs.org/es-shim-unscopables/-/es-shim-unscopables-1.1.0.tgz 0ms (cache hit)
3323 http cache es-errors@https://registry.npmjs.org/es-errors/-/es-errors-1.3.0.tgz 0ms (cache hit)
3324 http cache math-intrinsics@https://registry.npmjs.org/math-intrinsics/-/math-intrinsics-1.1.0.tgz 0ms (cache hit)
3325 http cache is-string@https://registry.npmjs.org/is-string/-/is-string-1.1.1.tgz 0ms (cache hit)
3326 http cache get-intrinsic@https://registry.npmjs.org/get-intrinsic/-/get-intrinsic-1.3.0.tgz 0ms (cache hit)
3327 http cache es-abstract@https://registry.npmjs.org/es-abstract/-/es-abstract-1.24.2.tgz 0ms (cache hit)
3328 http cache es-object-atoms@https://registry.npmjs.org/es-object-atoms/-/es-object-atoms-1.1.2.tgz 0ms (cache hit)
3329 http cache define-properties@https://registry.npmjs.org/define-properties/-/define-properties-1.2.1.tgz 0ms (cache hit)
3330 http cache call-bound@https://registry.npmjs.org/call-bound/-/call-bound-1.0.4.tgz 0ms (cache hit)
3331 http cache call-bind@https://registry.npmjs.org/call-bind/-/call-bind-1.0.9.tgz 0ms (cache hit)
3332 http cache tsconfig-paths@https://registry.npmjs.org/tsconfig-paths/-/tsconfig-paths-3.15.0.tgz 0ms (cache hit)
3333 http cache string.prototype.trimend@https://registry.npmjs.org/string.prototype.trimend/-/string.prototype.trimend-1.0.10.tgz 0ms (cache hit)
3334 http cache object.values@https://registry.npmjs.org/object.values/-/object.values-1.2.1.tgz 0ms (cache hit)
3335 http cache object.groupby@https://registry.npmjs.org/object.groupby/-/object.groupby-1.0.3.tgz 0ms (cache hit)
3336 http cache object.fromentries@https://registry.npmjs.org/object.fromentries/-/object.fromentries-2.0.8.tgz 0ms (cache hit)
3337 http cache hasown@https://registry.npmjs.org/hasown/-/hasown-2.0.4.tgz 0ms (cache hit)
3338 http cache eslint-module-utils@https://registry.npmjs.org/eslint-module-utils/-/eslint-module-utils-2.14.0.tgz 0ms (cache hit)
3339 http cache doctrine@https://registry.npmjs.org/doctrine/-/doctrine-2.1.0.tgz 0ms (cache hit)
3340 http cache array.prototype.flatmap@https://registry.npmjs.org/array.prototype.flatmap/-/array.prototype.flatmap-1.3.3.tgz 0ms (cache hit)
3341 http cache array.prototype.flat@https://registry.npmjs.org/array.prototype.flat/-/array.prototype.flat-1.3.3.tgz 0ms (cache hit)
3342 http cache array.prototype.findlastindex@https://registry.npmjs.org/array.prototype.findlastindex/-/array.prototype.findlastindex-1.2.6.tgz 0ms (cache hit)
3343 http cache @rtsao/scc@https://registry.npmjs.org/@rtsao/scc/-/scc-1.1.0.tgz 0ms (cache hit)
3344 http cache array-includes@https://registry.npmjs.org/array-includes/-/array-includes-3.1.9.tgz 0ms (cache hit)
3345 http cache stable-hash@https://registry.npmjs.org/stable-hash/-/stable-hash-0.0.5.tgz 0ms (cache hit)
3346 http cache unrs-resolver@https://registry.npmjs.org/unrs-resolver/-/unrs-resolver-1.12.2.tgz 0ms (cache hit)
3347 http cache @nolyfill/is-core-module@https://registry.npmjs.org/@nolyfill/is-core-module/-/is-core-module-1.0.39.tgz 0ms (cache hit)
3348 http cache resolve@https://registry.npmjs.org/resolve/-/resolve-2.0.0-next.7.tgz 0ms (cache hit)
3349 http cache is-core-module@https://registry.npmjs.org/is-core-module/-/is-core-module-2.16.2.tgz 0ms (cache hit)
3350 http cache get-tsconfig@https://registry.npmjs.org/get-tsconfig/-/get-tsconfig-4.14.0.tgz 0ms (cache hit)
3351 http cache is-bun-module@https://registry.npmjs.org/is-bun-module/-/is-bun-module-2.0.0.tgz 0ms (cache hit)
3352 http cache tinyglobby@https://registry.npmjs.org/tinyglobby/-/tinyglobby-0.2.17.tgz 0ms (cache hit)
3353 http cache semver@https://registry.npmjs.org/semver/-/semver-7.8.5.tgz 0ms (cache hit)
3354 http cache @typescript-eslint/tsconfig-utils@https://registry.npmjs.org/@typescript-eslint/tsconfig-utils/-/tsconfig-utils-8.65.0.tgz 0ms (cache hit)
3355 http cache @typescript-eslint/project-service@https://registry.npmjs.org/@typescript-eslint/project-service/-/project-service-8.65.0.tgz 0ms (cache hit)
3356 http cache ts-api-utils@https://registry.npmjs.org/ts-api-utils/-/ts-api-utils-2.5.0.tgz 0ms (cache hit)
3357 http cache @typescript-eslint/types@https://registry.npmjs.org/@typescript-eslint/types/-/types-8.65.0.tgz 0ms (cache hit)
3358 http cache @typescript-eslint/typescript-estree@https://registry.npmjs.org/@typescript-eslint/typescript-estree/-/typescript-estree-8.65.0.tgz 0ms (cache hit)
3359 http cache @typescript-eslint/visitor-keys@https://registry.npmjs.org/@typescript-eslint/visitor-keys/-/visitor-keys-8.65.0.tgz 0ms (cache hit)
3360 http cache @typescript-eslint/type-utils@https://registry.npmjs.org/@typescript-eslint/type-utils/-/type-utils-8.65.0.tgz 0ms (cache hit)
3361 http cache @typescript-eslint/scope-manager@https://registry.npmjs.org/@typescript-eslint/scope-manager/-/scope-manager-8.65.0.tgz 0ms (cache hit)
3362 http cache fast-glob@https://registry.npmjs.org/fast-glob/-/fast-glob-3.3.1.tgz 0ms (cache hit)
3363 http cache eslint-plugin-react-hooks@https://registry.npmjs.org/eslint-plugin-react-hooks/-/eslint-plugin-react-hooks-5.2.0.tgz 0ms (cache hit)
3364 http cache eslint-plugin-jsx-a11y@https://registry.npmjs.org/eslint-plugin-jsx-a11y/-/eslint-plugin-jsx-a11y-6.10.2.tgz 0ms (cache hit)
3365 http cache eslint-plugin-react@https://registry.npmjs.org/eslint-plugin-react/-/eslint-plugin-react-7.37.5.tgz 0ms (cache hit)
3366 http cache eslint-plugin-import@https://registry.npmjs.org/eslint-plugin-import/-/eslint-plugin-import-2.32.0.tgz 0ms (cache hit)
3367 http cache eslint-import-resolver-typescript@https://registry.npmjs.org/eslint-import-resolver-typescript/-/eslint-import-resolver-typescript-3.10.1.tgz 0ms (cache hit)
3368 http cache @typescript-eslint/parser@https://registry.npmjs.org/@typescript-eslint/parser/-/parser-8.65.0.tgz 0ms (cache hit)
3369 http cache eslint-import-resolver-node@https://registry.npmjs.org/eslint-import-resolver-node/-/eslint-import-resolver-node-0.3.10.tgz 0ms (cache hit)
3370 http cache @typescript-eslint/eslint-plugin@https://registry.npmjs.org/@typescript-eslint/eslint-plugin/-/eslint-plugin-8.65.0.tgz 0ms (cache hit)
3371 http cache @rushstack/eslint-patch@https://registry.npmjs.org/@rushstack/eslint-patch/-/eslint-patch-1.16.1.tgz 0ms (cache hit)
3372 http cache @next/eslint-plugin-next@https://registry.npmjs.org/@next/eslint-plugin-next/-/eslint-plugin-next-15.5.22.tgz 0ms (cache hit)
3373 http cache ms@https://registry.npmjs.org/ms/-/ms-2.1.3.tgz 0ms (cache hit)
3374 http cache which@https://registry.npmjs.org/which/-/which-2.0.2.tgz 0ms (cache hit)
3375 http cache shebang-command@https://registry.npmjs.org/shebang-command/-/shebang-command-2.0.0.tgz 0ms (cache hit)
3376 http cache path-key@https://registry.npmjs.org/path-key/-/path-key-3.1.1.tgz 0ms (cache hit)
3377 http cache color-name@https://registry.npmjs.org/color-name/-/color-name-1.1.4.tgz 0ms (cache hit)
3378 http cache color-convert@https://registry.npmjs.org/color-convert/-/color-convert-2.0.1.tgz 0ms (cache hit)
3379 http cache supports-color@https://registry.npmjs.org/supports-color/-/supports-color-7.2.0.tgz 0ms (cache hit)
3380 http cache ansi-styles@https://registry.npmjs.org/ansi-styles/-/ansi-styles-4.3.0.tgz 0ms (cache hit)
3381 http cache uri-js@https://registry.npmjs.org/uri-js/-/uri-js-4.4.1.tgz 0ms (cache hit)
3382 http cache json-schema-traverse@https://registry.npmjs.org/json-schema-traverse/-/json-schema-traverse-0.4.1.tgz 0ms (cache hit)
3383 http cache fast-json-stable-stringify@https://registry.npmjs.org/fast-json-stable-stringify/-/fast-json-stable-stringify-2.1.0.tgz 0ms (cache hit)
3384 http cache levn@https://registry.npmjs.org/levn/-/levn-0.4.1.tgz 0ms (cache hit)
3385 http cache @humanfs/types@https://registry.npmjs.org/@humanfs/types/-/types-0.15.0.tgz 0ms (cache hit)
3386 http cache @humanfs/core@https://registry.npmjs.org/@humanfs/core/-/core-0.19.2.tgz 0ms (cache hit)
3387 http cache strip-json-comments@https://registry.npmjs.org/strip-json-comments/-/strip-json-comments-3.1.1.tgz 0ms (cache hit)
3388 http cache @types/json-schema@https://registry.npmjs.org/@types/json-schema/-/json-schema-7.0.15.tgz 0ms (cache hit)
3389 http cache js-yaml@https://registry.npmjs.org/js-yaml/-/js-yaml-4.3.0.tgz 0ms (cache hit)
3390 http cache import-fresh@https://registry.npmjs.org/import-fresh/-/import-fresh-3.3.1.tgz 0ms (cache hit)
3391 http cache @eslint/object-schema@https://registry.npmjs.org/@eslint/object-schema/-/object-schema-2.1.7.tgz 0ms (cache hit)
3392 http cache globals@https://registry.npmjs.org/globals/-/globals-14.0.0.tgz 0ms (cache hit)
3393 http cache optionator@https://registry.npmjs.org/optionator/-/optionator-0.9.4.tgz 0ms (cache hit)
3394 http cache natural-compare@https://registry.npmjs.org/natural-compare/-/natural-compare-1.4.0.tgz 0ms (cache hit)
3395 http cache minimatch@https://registry.npmjs.org/minimatch/-/minimatch-3.1.5.tgz 0ms (cache hit)
3396 http cache json-stable-stringify-without-jsonify@https://registry.npmjs.org/json-stable-stringify-without-jsonify/-/json-stable-stringify-without-jsonify-1.0.1.tgz 0ms (cache hit)
3397 http cache imurmurhash@https://registry.npmjs.org/imurmurhash/-/imurmurhash-0.1.4.tgz 0ms (cache hit)
3398 http cache is-glob@https://registry.npmjs.org/is-glob/-/is-glob-4.0.3.tgz 0ms (cache hit)
3399 http cache ignore@https://registry.npmjs.org/ignore/-/ignore-5.3.2.tgz 0ms (cache hit)
3400 http cache glob-parent@https://registry.npmjs.org/glob-parent/-/glob-parent-6.0.2.tgz 0ms (cache hit)
3401 http cache find-up@https://registry.npmjs.org/find-up/-/find-up-5.0.0.tgz 0ms (cache hit)
3402 http cache file-entry-cache@https://registry.npmjs.org/file-entry-cache/-/file-entry-cache-8.0.0.tgz 0ms (cache hit)
3403 http cache fast-deep-equal@https://registry.npmjs.org/fast-deep-equal/-/fast-deep-equal-3.1.3.tgz 0ms (cache hit)
3404 http cache esutils@https://registry.npmjs.org/esutils/-/esutils-2.0.3.tgz 0ms (cache hit)
3405 http cache @typescript-eslint/utils@https://registry.npmjs.org/@typescript-eslint/utils/-/utils-8.65.0.tgz 0ms (cache hit)
3406 http cache esquery@https://registry.npmjs.org/esquery/-/esquery-1.7.0.tgz 0ms (cache hit)
3407 http cache espree@https://registry.npmjs.org/espree/-/espree-10.4.0.tgz 0ms (cache hit)
3408 http cache eslint-visitor-keys@https://registry.npmjs.org/eslint-visitor-keys/-/eslint-visitor-keys-4.2.1.tgz 0ms (cache hit)
3409 http cache debug@https://registry.npmjs.org/debug/-/debug-4.4.3.tgz 0ms (cache hit)
3410 http cache eslint-scope@https://registry.npmjs.org/eslint-scope/-/eslint-scope-8.4.0.tgz 0ms (cache hit)
3411 http cache cross-spawn@https://registry.npmjs.org/cross-spawn/-/cross-spawn-7.0.6.tgz 0ms (cache hit)
3412 http cache @types/estree@https://registry.npmjs.org/@types/estree/-/estree-1.0.9.tgz 0ms (cache hit)
3413 http cache @humanwhocodes/retry@https://registry.npmjs.org/@humanwhocodes/retry/-/retry-0.4.3.tgz 0ms (cache hit)
3414 http cache chalk@https://registry.npmjs.org/chalk/-/chalk-4.1.2.tgz 1ms (cache hit)
3415 http cache ajv@https://registry.npmjs.org/ajv/-/ajv-6.15.0.tgz 0ms (cache hit)
3416 http cache @humanwhocodes/module-importer@https://registry.npmjs.org/@humanwhocodes/module-importer/-/module-importer-1.0.1.tgz 0ms (cache hit)
3417 http cache @humanfs/node@https://registry.npmjs.org/@humanfs/node/-/node-0.16.8.tgz 0ms (cache hit)
3418 http cache @eslint/js@https://registry.npmjs.org/@eslint/js/-/js-9.39.5.tgz 0ms (cache hit)
3419 http cache @eslint/plugin-kit@https://registry.npmjs.org/@eslint/plugin-kit/-/plugin-kit-0.4.1.tgz 0ms (cache hit)
3420 http cache @eslint/eslintrc@https://registry.npmjs.org/@eslint/eslintrc/-/eslintrc-3.3.6.tgz 0ms (cache hit)
3421 http cache @eslint/core@https://registry.npmjs.org/@eslint/core/-/core-0.17.0.tgz 0ms (cache hit)
3422 http cache @eslint/config-helpers@https://registry.npmjs.org/@eslint/config-helpers/-/config-helpers-0.4.2.tgz 0ms (cache hit)
3423 http cache @eslint/config-array@https://registry.npmjs.org/@eslint/config-array/-/config-array-0.21.2.tgz 0ms (cache hit)
3424 http cache @eslint-community/regexpp@https://registry.npmjs.org/@eslint-community/regexpp/-/regexpp-4.12.2.tgz 0ms (cache hit)
3425 http cache @eslint-community/eslint-utils@https://registry.npmjs.org/@eslint-community/eslint-utils/-/eslint-utils-4.10.1.tgz 0ms (cache hit)
3426 http cache csstype@https://registry.npmjs.org/csstype/-/csstype-3.2.3.tgz 0ms (cache hit)
3427 http cache undici-types@https://registry.npmjs.org/undici-types/-/undici-types-6.21.0.tgz 0ms (cache hit)
3428 http cache zod@https://registry.npmjs.org/zod/-/zod-3.25.76.tgz 0ms (cache hit)
3429 http cache vitest@https://registry.npmjs.org/vitest/-/vitest-3.2.7.tgz 0ms (cache hit)
3430 http cache escape-string-regexp@https://registry.npmjs.org/escape-string-regexp/-/escape-string-regexp-4.0.0.tgz 0ms (cache hit)
3431 http cache typescript@https://registry.npmjs.org/typescript/-/typescript-5.9.3.tgz 0ms (cache hit)
3432 http cache tailwindcss@https://registry.npmjs.org/tailwindcss/-/tailwindcss-3.4.19.tgz 0ms (cache hit)
3433 http cache tailwind-merge@https://registry.npmjs.org/tailwind-merge/-/tailwind-merge-2.6.1.tgz 0ms (cache hit)
3434 http cache prisma@https://registry.npmjs.org/prisma/-/prisma-6.19.3.tgz 0ms (cache hit)
3435 http cache postcss@https://registry.npmjs.org/postcss/-/postcss-8.5.25.tgz 0ms (cache hit)
3436 http cache react-dom@https://registry.npmjs.org/react-dom/-/react-dom-19.2.8.tgz 0ms (cache hit)
3437 http cache next@https://registry.npmjs.org/next/-/next-15.5.22.tgz 0ms (cache hit)
3438 http cache react@https://registry.npmjs.org/react/-/react-19.2.8.tgz 0ms (cache hit)
3439 http cache lucide-react@https://registry.npmjs.org/lucide-react/-/lucide-react-0.468.0.tgz 0ms (cache hit)
3440 http cache jose@https://registry.npmjs.org/jose/-/jose-6.2.5.tgz 0ms (cache hit)
3441 http cache eslint-config-next@https://registry.npmjs.org/eslint-config-next/-/eslint-config-next-15.5.22.tgz 0ms (cache hit)
3442 http cache eslint@https://registry.npmjs.org/eslint/-/eslint-9.39.5.tgz 0ms (cache hit)
3443 http cache clsx@https://registry.npmjs.org/clsx/-/clsx-2.1.1.tgz 0ms (cache hit)
3444 http cache bcryptjs@https://registry.npmjs.org/bcryptjs/-/bcryptjs-3.0.3.tgz 0ms (cache hit)
3445 http cache @types/react-dom@https://registry.npmjs.org/@types/react-dom/-/react-dom-19.2.4.tgz 0ms (cache hit)
3446 http cache @types/react@https://registry.npmjs.org/@types/react/-/react-19.2.18.tgz 0ms (cache hit)
3447 http cache @types/node@https://registry.npmjs.org/@types/node/-/node-22.20.1.tgz 0ms (cache hit)
3448 http cache @prisma/client@https://registry.npmjs.org/@prisma/client/-/client-6.19.3.tgz 0ms (cache hit)
3449 http cache @types/bcryptjs@https://registry.npmjs.org/@types/bcryptjs/-/bcryptjs-2.4.6.tgz 0ms (cache hit)
3450 http cache js-tokens@https://registry.npmjs.org/js-tokens/-/js-tokens-9.0.1.tgz 0ms (cache hit)
3451 http cache picomatch@https://registry.npmjs.org/picomatch/-/picomatch-4.0.5.tgz 0ms (cache hit)
3452 http cache fdir@https://registry.npmjs.org/fdir/-/fdir-6.5.0.tgz 0ms (cache hit)
3453 http cache resolve@https://registry.npmjs.org/resolve/-/resolve-1.22.12.tgz 0ms (cache hit)
3454 http cache citty@https://registry.npmjs.org/citty/-/citty-0.2.2.tgz 0ms (cache hit)
3455 http cache semver@https://registry.npmjs.org/semver/-/semver-6.3.1.tgz 0ms (cache hit)
3456 http cache debug@https://registry.npmjs.org/debug/-/debug-3.2.7.tgz 0ms (cache hit)
3457 http cache picomatch@https://registry.npmjs.org/picomatch/-/picomatch-4.0.5.tgz 0ms (cache hit)
3458 http cache fdir@https://registry.npmjs.org/fdir/-/fdir-6.5.0.tgz 0ms (cache hit)
3459 http cache brace-expansion@https://registry.npmjs.org/brace-expansion/-/brace-expansion-5.0.9.tgz 0ms (cache hit)
3460 http cache eslint-visitor-keys@https://registry.npmjs.org/eslint-visitor-keys/-/eslint-visitor-keys-5.0.1.tgz 0ms (cache hit)
3461 http cache balanced-match@https://registry.npmjs.org/balanced-match/-/balanced-match-4.0.4.tgz 0ms (cache hit)
3462 http cache glob-parent@https://registry.npmjs.org/glob-parent/-/glob-parent-5.1.2.tgz 0ms (cache hit)
3463 http cache minimatch@https://registry.npmjs.org/minimatch/-/minimatch-10.2.6.tgz 0ms (cache hit)
3464 http cache debug@https://registry.npmjs.org/debug/-/debug-3.2.7.tgz 0ms (cache hit)
3465 http cache debug@https://registry.npmjs.org/debug/-/debug-3.2.7.tgz 0ms (cache hit)
3466 http cache semver@https://registry.npmjs.org/semver/-/semver-6.3.1.tgz 0ms (cache hit)
3467 http cache ignore@https://registry.npmjs.org/ignore/-/ignore-7.0.6.tgz 0ms (cache hit)
3468 http cache eslint-visitor-keys@https://registry.npmjs.org/eslint-visitor-keys/-/eslint-visitor-keys-3.4.3.tgz 0ms (cache hit)
3469 http cache tinyexec@https://registry.npmjs.org/tinyexec/-/tinyexec-0.3.2.tgz 0ms (cache hit)
3470 http cache picomatch@https://registry.npmjs.org/picomatch/-/picomatch-4.0.5.tgz 0ms (cache hit)
3471 http cache readdirp@https://registry.npmjs.org/readdirp/-/readdirp-3.6.0.tgz 0ms (cache hit)
3472 http cache resolve@https://registry.npmjs.org/resolve/-/resolve-1.22.12.tgz 0ms (cache hit)
3473 http cache semver@https://registry.npmjs.org/semver/-/semver-6.3.1.tgz 0ms (cache hit)
3474 http cache glob-parent@https://registry.npmjs.org/glob-parent/-/glob-parent-5.1.2.tgz 0ms (cache hit)
3475 http cache jiti@https://registry.npmjs.org/jiti/-/jiti-1.21.7.tgz 0ms (cache hit)
3476 http cache glob-parent@https://registry.npmjs.org/glob-parent/-/glob-parent-5.1.2.tgz 0ms (cache hit)
3477 http cache fast-glob@https://registry.npmjs.org/fast-glob/-/fast-glob-3.3.3.tgz 0ms (cache hit)
3478 http cache postcss@https://registry.npmjs.org/postcss/-/postcss-8.4.31.tgz 0ms (cache hit)
3479 http cache chokidar@https://registry.npmjs.org/chokidar/-/chokidar-3.6.0.tgz 0ms (cache hit)
3480 http cache lodash.merge@https://registry.npmjs.org/lodash.merge/-/lodash.merge-4.6.2.tgz 0ms (cache hit)
3481 silly tarball no local data for binary-extensions@https://registry.npmjs.org/binary-extensions/-/binary-extensions-2.3.0.tgz. Extracting by manifest.
3482 silly tarball no local data for is-binary-path@https://registry.npmjs.org/is-binary-path/-/is-binary-path-2.1.0.tgz. Extracting by manifest.
3483 silly tarball no local data for anymatch@https://registry.npmjs.org/anymatch/-/anymatch-3.1.3.tgz. Extracting by manifest.
3484 silly tarball no local data for stackback@https://registry.npmjs.org/stackback/-/stackback-0.0.2.tgz. Extracting by manifest.
3485 silly tarball no local data for siginfo@https://registry.npmjs.org/siginfo/-/siginfo-2.0.0.tgz. Extracting by manifest.
3486 silly tarball no local data for is-weakmap@https://registry.npmjs.org/is-weakmap/-/is-weakmap-2.0.2.tgz. Extracting by manifest.
3487 silly tarball no local data for is-weakset@https://registry.npmjs.org/is-weakset/-/is-weakset-2.0.4.tgz. Extracting by manifest.
3488 silly tarball no local data for is-map@https://registry.npmjs.org/is-map/-/is-map-2.0.3.tgz. Extracting by manifest.
3489 silly tarball no local data for generator-function@https://registry.npmjs.org/generator-function/-/generator-function-2.0.1.tgz. Extracting by manifest.
3490 silly tarball no local data for async-function@https://registry.npmjs.org/async-function/-/async-function-1.0.0.tgz. Extracting by manifest.
3491 silly tarball no local data for which-collection@https://registry.npmjs.org/which-collection/-/which-collection-1.0.2.tgz. Extracting by manifest.
3492 silly tarball no local data for is-generator-function@https://registry.npmjs.org/is-generator-function/-/is-generator-function-1.1.2.tgz. Extracting by manifest.
3493 silly tarball no local data for is-finalizationregistry@https://registry.npmjs.org/is-finalizationregistry/-/is-finalizationregistry-1.1.1.tgz. Extracting by manifest.
3494 silly tarball no local data for is-async-function@https://registry.npmjs.org/is-async-function/-/is-async-function-2.1.1.tgz. Extracting by manifest.
3495 silly tarball no local data for is-boolean-object@https://registry.npmjs.org/is-boolean-object/-/is-boolean-object-1.2.2.tgz. Extracting by manifest.
3496 silly tarball no local data for is-number-object@https://registry.npmjs.org/is-number-object/-/is-number-object-1.1.1.tgz. Extracting by manifest.
3497 silly tarball no local data for is-bigint@https://registry.npmjs.org/is-bigint/-/is-bigint-1.1.0.tgz. Extracting by manifest.
3498 silly tarball no local data for isexe@https://registry.npmjs.org/isexe/-/isexe-2.0.0.tgz. Extracting by manifest.
3499 silly tarball no local data for es-module-lexer@https://registry.npmjs.org/es-module-lexer/-/es-module-lexer-1.7.0.tgz. Extracting by manifest.
3500 silly tarball no local data for cac@https://registry.npmjs.org/cac/-/cac-6.7.14.tgz. Extracting by manifest.
3501 silly tarball no local data for @rollup/rollup-win32-x64-gnu@https://registry.npmjs.org/@rollup/rollup-win32-x64-gnu/-/rollup-win32-x64-gnu-4.62.3.tgz. Extracting by manifest.
3502 silly tarball no local data for @rollup/rollup-win32-x64-msvc@https://registry.npmjs.org/@rollup/rollup-win32-x64-msvc/-/rollup-win32-x64-msvc-4.62.3.tgz. Extracting by manifest.
3503 silly tarball no local data for @esbuild/win32-x64@https://registry.npmjs.org/@esbuild/win32-x64/-/win32-x64-0.28.1.tgz. Extracting by manifest.
3504 silly tarball no local data for rollup@https://registry.npmjs.org/rollup/-/rollup-4.62.3.tgz. Extracting by manifest.
3505 silly tarball no local data for pathval@https://registry.npmjs.org/pathval/-/pathval-2.0.1.tgz. Extracting by manifest.
3506 silly tarball no local data for deep-eql@https://registry.npmjs.org/deep-eql/-/deep-eql-5.0.2.tgz. Extracting by manifest.
3507 silly tarball no local data for esbuild@https://registry.npmjs.org/esbuild/-/esbuild-0.28.1.tgz. Extracting by manifest.
3508 silly tarball no local data for check-error@https://registry.npmjs.org/check-error/-/check-error-2.1.3.tgz. Extracting by manifest.
3509 silly tarball no local data for loupe@https://registry.npmjs.org/loupe/-/loupe-3.2.1.tgz. Extracting by manifest.
3510 silly tarball no local data for tinyspy@https://registry.npmjs.org/tinyspy/-/tinyspy-4.0.4.tgz. Extracting by manifest.
3511 silly tarball no local data for estree-walker@https://registry.npmjs.org/estree-walker/-/estree-walker-3.0.3.tgz. Extracting by manifest.
3512 silly tarball no local data for strip-literal@https://registry.npmjs.org/strip-literal/-/strip-literal-3.1.0.tgz. Extracting by manifest.
3513 silly tarball no local data for @types/deep-eql@https://registry.npmjs.org/@types/deep-eql/-/deep-eql-4.0.2.tgz. Extracting by manifest.
3514 silly tarball no local data for assertion-error@https://registry.npmjs.org/assertion-error/-/assertion-error-2.0.1.tgz. Extracting by manifest.
3515 silly tarball no local data for why-is-node-running@https://registry.npmjs.org/why-is-node-running/-/why-is-node-running-2.3.0.tgz. Extracting by manifest.
3516 silly tarball no local data for vite-node@https://registry.npmjs.org/vite-node/-/vite-node-3.2.4.tgz. Extracting by manifest.
3517 silly tarball no local data for vite@https://registry.npmjs.org/vite/-/vite-7.3.6.tgz. Extracting by manifest.
3518 silly tarball no local data for tinyrainbow@https://registry.npmjs.org/tinyrainbow/-/tinyrainbow-2.0.0.tgz. Extracting by manifest.
3519 silly tarball no local data for tinypool@https://registry.npmjs.org/tinypool/-/tinypool-1.1.1.tgz. Extracting by manifest.
3520 silly tarball no local data for tinybench@https://registry.npmjs.org/tinybench/-/tinybench-2.9.0.tgz. Extracting by manifest.
3521 silly tarball no local data for std-env@https://registry.npmjs.org/std-env/-/std-env-3.10.0.tgz. Extracting by manifest.
3522 silly tarball no local data for magic-string@https://registry.npmjs.org/magic-string/-/magic-string-0.30.21.tgz. Extracting by manifest.
3523 silly tarball no local data for expect-type@https://registry.npmjs.org/expect-type/-/expect-type-1.4.0.tgz. Extracting by manifest.
3524 silly tarball no local data for chai@https://registry.npmjs.org/chai/-/chai-5.3.3.tgz. Extracting by manifest.
3525 silly tarball no local data for @vitest/utils@https://registry.npmjs.org/@vitest/utils/-/utils-3.2.7.tgz. Extracting by manifest.
3526 silly tarball no local data for @vitest/spy@https://registry.npmjs.org/@vitest/spy/-/spy-3.2.7.tgz. Extracting by manifest.
3527 silly tarball no local data for @vitest/snapshot@https://registry.npmjs.org/@vitest/snapshot/-/snapshot-3.2.7.tgz. Extracting by manifest.
3528 silly tarball no local data for @vitest/pretty-format@https://registry.npmjs.org/@vitest/pretty-format/-/pretty-format-3.2.7.tgz. Extracting by manifest.
3529 silly tarball no local data for @vitest/mocker@https://registry.npmjs.org/@vitest/mocker/-/mocker-3.2.7.tgz. Extracting by manifest.
3530 silly tarball no local data for @vitest/runner@https://registry.npmjs.org/@vitest/runner/-/runner-3.2.7.tgz. Extracting by manifest.
3531 silly tarball no local data for @vitest/expect@https://registry.npmjs.org/@vitest/expect/-/expect-3.2.7.tgz. Extracting by manifest.
3532 silly tarball no local data for @types/chai@https://registry.npmjs.org/@types/chai/-/chai-5.2.3.tgz. Extracting by manifest.
3533 silly tarball no local data for punycode@https://registry.npmjs.org/punycode/-/punycode-2.3.1.tgz. Extracting by manifest.
3534 silly tarball no local data for napi-postinstall@https://registry.npmjs.org/napi-postinstall/-/napi-postinstall-0.3.4.tgz. Extracting by manifest.
3535 silly tarball no local data for @unrs/resolver-binding-win32-x64-msvc@https://registry.npmjs.org/@unrs/resolver-binding-win32-x64-msvc/-/resolver-binding-win32-x64-msvc-1.12.2.tgz. Extracting by manifest.
3536 silly tarball no local data for which-boxed-primitive@https://registry.npmjs.org/which-boxed-primitive/-/which-boxed-primitive-1.1.1.tgz. Extracting by manifest.
3537 silly tarball no local data for has-bigints@https://registry.npmjs.org/has-bigints/-/has-bigints-1.1.0.tgz. Extracting by manifest.
3538 silly tarball no local data for which-builtin-type@https://registry.npmjs.org/which-builtin-type/-/which-builtin-type-1.2.1.tgz. Extracting by manifest.
3539 silly tarball no local data for for-each@https://registry.npmjs.org/for-each/-/for-each-0.3.5.tgz. Extracting by manifest.
3540 silly tarball no local data for reflect.getprototypeof@https://registry.npmjs.org/reflect.getprototypeof/-/reflect.getprototypeof-1.0.10.tgz. Extracting by manifest.
3541 silly tarball no local data for strip-bom@https://registry.npmjs.org/strip-bom/-/strip-bom-3.0.0.tgz. Extracting by manifest.
3542 silly tarball no local data for @types/json5@https://registry.npmjs.org/@types/json5/-/json5-0.0.29.tgz. Extracting by manifest.
3543 silly tarball no local data for minimist@https://registry.npmjs.org/minimist/-/minimist-1.2.8.tgz. Extracting by manifest.
3544 silly tarball no local data for json5@https://registry.npmjs.org/json5/-/json5-1.0.2.tgz. Extracting by manifest.
3545 silly tarball no local data for is-number@https://registry.npmjs.org/is-number/-/is-number-7.0.0.tgz. Extracting by manifest.
3546 silly tarball no local data for thenify@https://registry.npmjs.org/thenify/-/thenify-3.3.1.tgz. Extracting by manifest.
3547 silly tarball no local data for thenify-all@https://registry.npmjs.org/thenify-all/-/thenify-all-1.6.0.tgz. Extracting by manifest.
3548 silly tarball no local data for any-promise@https://registry.npmjs.org/any-promise/-/any-promise-1.3.0.tgz. Extracting by manifest.
3549 silly tarball no local data for @jridgewell/resolve-uri@https://registry.npmjs.org/@jridgewell/resolve-uri/-/resolve-uri-3.1.2.tgz. Extracting by manifest.
3550 silly tarball no local data for @jridgewell/trace-mapping@https://registry.npmjs.org/@jridgewell/trace-mapping/-/trace-mapping-0.3.31.tgz. Extracting by manifest.
3551 silly tarball no local data for @jridgewell/sourcemap-codec@https://registry.npmjs.org/@jridgewell/sourcemap-codec/-/sourcemap-codec-1.5.5.tgz. Extracting by manifest.
3552 silly tarball no local data for ts-interface-checker@https://registry.npmjs.org/ts-interface-checker/-/ts-interface-checker-0.1.13.tgz. Extracting by manifest.
3553 silly tarball no local data for pirates@https://registry.npmjs.org/pirates/-/pirates-4.0.7.tgz. Extracting by manifest.
3554 silly tarball no local data for mz@https://registry.npmjs.org/mz/-/mz-2.7.0.tgz. Extracting by manifest.
3555 silly tarball no local data for lines-and-columns@https://registry.npmjs.org/lines-and-columns/-/lines-and-columns-1.2.4.tgz. Extracting by manifest.
3556 silly tarball no local data for @jridgewell/gen-mapping@https://registry.npmjs.org/@jridgewell/gen-mapping/-/gen-mapping-0.3.13.tgz. Extracting by manifest.
3557 silly tarball no local data for commander@https://registry.npmjs.org/commander/-/commander-4.1.1.tgz. Extracting by manifest.
3558 silly tarball no local data for util-deprecate@https://registry.npmjs.org/util-deprecate/-/util-deprecate-1.0.2.tgz. Extracting by manifest.
3559 silly tarball no local data for pify@https://registry.npmjs.org/pify/-/pify-2.3.0.tgz. Extracting by manifest.
3560 silly tarball no local data for cssesc@https://registry.npmjs.org/cssesc/-/cssesc-3.0.0.tgz. Extracting by manifest.
3561 silly tarball no local data for camelcase-css@https://registry.npmjs.org/camelcase-css/-/camelcase-css-2.0.1.tgz. Extracting by manifest.
3562 silly tarball no local data for read-cache@https://registry.npmjs.org/read-cache/-/read-cache-1.0.0.tgz. Extracting by manifest.
3563 silly tarball no local data for postcss-value-parser@https://registry.npmjs.org/postcss-value-parser/-/postcss-value-parser-4.2.0.tgz. Extracting by manifest.
3564 silly tarball no local data for sucrase@https://registry.npmjs.org/sucrase/-/sucrase-3.35.1.tgz. Extracting by manifest.
3565 silly tarball no local data for postcss-selector-parser@https://registry.npmjs.org/postcss-selector-parser/-/postcss-selector-parser-6.1.4.tgz. Extracting by manifest.
3566 silly tarball no local data for postcss-nested@https://registry.npmjs.org/postcss-nested/-/postcss-nested-6.2.0.tgz. Extracting by manifest.
3567 silly tarball no local data for object-hash@https://registry.npmjs.org/object-hash/-/object-hash-3.0.0.tgz. Extracting by manifest.
3568 silly tarball no local data for normalize-path@https://registry.npmjs.org/normalize-path/-/normalize-path-3.0.0.tgz. Extracting by manifest.
3569 silly tarball no local data for postcss-js@https://registry.npmjs.org/postcss-js/-/postcss-js-4.1.0.tgz. Extracting by manifest.
3570 silly tarball no local data for postcss-import@https://registry.npmjs.org/postcss-import/-/postcss-import-15.1.0.tgz. Extracting by manifest.
3571 silly tarball no local data for lilconfig@https://registry.npmjs.org/lilconfig/-/lilconfig-3.1.3.tgz. Extracting by manifest.
3572 silly tarball no local data for dlv@https://registry.npmjs.org/dlv/-/dlv-1.1.3.tgz. Extracting by manifest.
3573 silly tarball no local data for didyoumean@https://registry.npmjs.org/didyoumean/-/didyoumean-1.2.2.tgz. Extracting by manifest.
3574 silly tarball no local data for arg@https://registry.npmjs.org/arg/-/arg-5.0.2.tgz. Extracting by manifest.
3575 silly tarball no local data for @alloc/quick-lru@https://registry.npmjs.org/@alloc/quick-lru/-/quick-lru-5.2.0.tgz. Extracting by manifest.
3576 silly tarball no local data for has-flag@https://registry.npmjs.org/has-flag/-/has-flag-4.0.0.tgz. Extracting by manifest.
3577 silly tarball no local data for side-channel-weakmap@https://registry.npmjs.org/side-channel-weakmap/-/side-channel-weakmap-1.0.2.tgz. Extracting by manifest.
3578 silly tarball no local data for side-channel-map@https://registry.npmjs.org/side-channel-map/-/side-channel-map-1.0.1.tgz. Extracting by manifest.
3579 silly tarball no local data for client-only@https://registry.npmjs.org/client-only/-/client-only-0.0.1.tgz. Extracting by manifest.
3580 silly tarball no local data for @emnapi/runtime@https://registry.npmjs.org/@emnapi/runtime/-/runtime-1.11.3.tgz. Extracting by manifest.
3581 silly tarball no local data for side-channel-list@https://registry.npmjs.org/side-channel-list/-/side-channel-list-1.0.1.tgz. Extracting by manifest.
3582 silly tarball no local data for shebang-regex@https://registry.npmjs.org/shebang-regex/-/shebang-regex-3.0.0.tgz. Extracting by manifest.
3583 silly tarball no local data for @img/sharp-win32-x64@https://registry.npmjs.org/@img/sharp-win32-x64/-/sharp-win32-x64-0.34.5.tgz. Extracting by manifest.
3584 silly tarball no local data for detect-libc@https://registry.npmjs.org/detect-libc/-/detect-libc-2.1.2.tgz. Extracting by manifest.
3585 silly tarball no local data for postcss-load-config@https://registry.npmjs.org/postcss-load-config/-/postcss-load-config-6.0.1.tgz. Extracting by manifest.
3586 silly tarball no local data for isarray@https://registry.npmjs.org/isarray/-/isarray-2.0.5.tgz. Extracting by manifest.
3587 silly tarball no local data for queue-microtask@https://registry.npmjs.org/queue-microtask/-/queue-microtask-1.2.3.tgz. Extracting by manifest.
3588 silly tarball no local data for @img/colour@https://registry.npmjs.org/@img/colour/-/colour-1.1.0.tgz. Extracting by manifest.
3589 silly tarball no local data for supports-preserve-symlinks-flag@https://registry.npmjs.org/supports-preserve-symlinks-flag/-/supports-preserve-symlinks-flag-1.0.0.tgz. Extracting by manifest.
3590 silly tarball no local data for path-parse@https://registry.npmjs.org/path-parse/-/path-parse-1.0.7.tgz. Extracting by manifest.
3591 silly tarball no local data for scheduler@https://registry.npmjs.org/scheduler/-/scheduler-0.27.0.tgz. Extracting by manifest.
3592 silly tarball no local data for destr@https://registry.npmjs.org/destr/-/destr-2.0.5.tgz. Extracting by manifest.
3593 silly tarball no local data for node-exports-info@https://registry.npmjs.org/node-exports-info/-/node-exports-info-1.6.2.tgz. Extracting by manifest.
3594 silly tarball no local data for js-tokens@https://registry.npmjs.org/js-tokens/-/js-tokens-4.0.0.tgz. Extracting by manifest.
3595 silly tarball no local data for react-is@https://registry.npmjs.org/react-is/-/react-is-16.13.1.tgz. Extracting by manifest.
3596 silly tarball no local data for object-assign@https://registry.npmjs.org/object-assign/-/object-assign-4.1.1.tgz. Extracting by manifest.
3597 silly tarball no local data for node-fetch-native@https://registry.npmjs.org/node-fetch-native/-/node-fetch-native-1.6.7.tgz. Extracting by manifest.
3598 silly tarball no local data for tinyexec@https://registry.npmjs.org/tinyexec/-/tinyexec-1.2.4.tgz. Extracting by manifest.
3599 silly tarball no local data for nypm@https://registry.npmjs.org/nypm/-/nypm-0.6.9.tgz. Extracting by manifest.
3600 silly tarball no local data for consola@https://registry.npmjs.org/consola/-/consola-3.4.2.tgz. Extracting by manifest.
3601 silly tarball no local data for fast-check@https://registry.npmjs.org/fast-check/-/fast-check-3.23.2.tgz. Extracting by manifest.
3602 silly tarball no local data for citty@https://registry.npmjs.org/citty/-/citty-0.1.6.tgz. Extracting by manifest.
3603 silly tarball no local data for pure-rand@https://registry.npmjs.org/pure-rand/-/pure-rand-6.1.0.tgz. Extracting by manifest.
3604 silly tarball no local data for @standard-schema/spec@https://registry.npmjs.org/@standard-schema/spec/-/spec-1.1.0.tgz. Extracting by manifest.
3605 silly tarball no local data for readdirp@https://registry.npmjs.org/readdirp/-/readdirp-4.1.2.tgz. Extracting by manifest.
3606 silly tarball no local data for rc9@https://registry.npmjs.org/rc9/-/rc9-2.1.2.tgz. Extracting by manifest.
3607 silly tarball no local data for loose-envify@https://registry.npmjs.org/loose-envify/-/loose-envify-1.4.0.tgz. Extracting by manifest.
3608 silly tarball no local data for pkg-types@https://registry.npmjs.org/pkg-types/-/pkg-types-2.3.1.tgz. Extracting by manifest.
3609 silly tarball no local data for pathe@https://registry.npmjs.org/pathe/-/pathe-2.0.3.tgz. Extracting by manifest.
3610 silly tarball no local data for perfect-debounce@https://registry.npmjs.org/perfect-debounce/-/perfect-debounce-1.0.0.tgz. Extracting by manifest.
3611 silly tarball no local data for ohash@https://registry.npmjs.org/ohash/-/ohash-2.0.11.tgz. Extracting by manifest.
3612 silly tarball no local data for jiti@https://registry.npmjs.org/jiti/-/jiti-2.7.0.tgz. Extracting by manifest.
3613 silly tarball no local data for giget@https://registry.npmjs.org/giget/-/giget-2.0.0.tgz. Extracting by manifest.
3614 silly tarball no local data for exsolve@https://registry.npmjs.org/exsolve/-/exsolve-1.1.1.tgz. Extracting by manifest.
3615 silly tarball no local data for dotenv@https://registry.npmjs.org/dotenv/-/dotenv-16.6.1.tgz. Extracting by manifest.
3616 silly tarball no local data for defu@https://registry.npmjs.org/defu/-/defu-6.1.7.tgz. Extracting by manifest.
3617 silly tarball no local data for confbox@https://registry.npmjs.org/confbox/-/confbox-0.2.4.tgz. Extracting by manifest.
3618 silly tarball no local data for chokidar@https://registry.npmjs.org/chokidar/-/chokidar-4.0.3.tgz. Extracting by manifest.
3619 silly tarball no local data for @prisma/get-platform@https://registry.npmjs.org/@prisma/get-platform/-/get-platform-6.19.3.tgz. Extracting by manifest.
3620 silly tarball no local data for empathic@https://registry.npmjs.org/empathic/-/empathic-2.0.0.tgz. Extracting by manifest.
3621 silly tarball no local data for @prisma/debug@https://registry.npmjs.org/@prisma/debug/-/debug-6.19.3.tgz. Extracting by manifest.
3622 silly tarball no local data for @prisma/fetch-engine@https://registry.npmjs.org/@prisma/fetch-engine/-/fetch-engine-6.19.3.tgz. Extracting by manifest.
3623 silly tarball no local data for @prisma/engines-version@https://registry.npmjs.org/@prisma/engines-version/-/engines-version-7.1.1-3.c2990dca591cba766e3b7ef5d9e8a84796e47ab7.tgz. Extracting by manifest.
3624 silly tarball no local data for @prisma/engines@https://registry.npmjs.org/@prisma/engines/-/engines-6.19.3.tgz. Extracting by manifest.
3625 silly tarball no local data for effect@https://registry.npmjs.org/effect/-/effect-3.21.0.tgz. Extracting by manifest.
3626 silly tarball no local data for deepmerge-ts@https://registry.npmjs.org/deepmerge-ts/-/deepmerge-ts-7.1.5.tgz. Extracting by manifest.
3627 silly tarball no local data for c12@https://registry.npmjs.org/c12/-/c12-3.1.0.tgz. Extracting by manifest.
3628 silly tarball no local data for @prisma/config@https://registry.npmjs.org/@prisma/config/-/config-6.19.3.tgz. Extracting by manifest.
3629 silly tarball no local data for source-map-js@https://registry.npmjs.org/source-map-js/-/source-map-js-1.2.1.tgz. Extracting by manifest.
3630 silly tarball no local data for picocolors@https://registry.npmjs.org/picocolors/-/picocolors-1.1.1.tgz. Extracting by manifest.
3631 silly tarball no local data for nanoid@https://registry.npmjs.org/nanoid/-/nanoid-3.3.16.tgz. Extracting by manifest.
3632 silly tarball no local data for callsites@https://registry.npmjs.org/callsites/-/callsites-3.1.0.tgz. Extracting by manifest.
3633 silly tarball no local data for yocto-queue@https://registry.npmjs.org/yocto-queue/-/yocto-queue-0.1.0.tgz. Extracting by manifest.
3634 silly tarball no local data for p-limit@https://registry.npmjs.org/p-limit/-/p-limit-3.1.0.tgz. Extracting by manifest.
3635 silly tarball no local data for word-wrap@https://registry.npmjs.org/word-wrap/-/word-wrap-1.2.5.tgz. Extracting by manifest.
3636 silly tarball no local data for fast-levenshtein@https://registry.npmjs.org/fast-levenshtein/-/fast-levenshtein-2.0.6.tgz. Extracting by manifest.
3637 silly tarball no local data for deep-is@https://registry.npmjs.org/deep-is/-/deep-is-0.1.4.tgz. Extracting by manifest.
3638 silly tarball no local data for tslib@https://registry.npmjs.org/tslib/-/tslib-2.8.1.tgz. Extracting by manifest.
3639 silly tarball no local data for styled-jsx@https://registry.npmjs.org/styled-jsx/-/styled-jsx-5.1.6.tgz. Extracting by manifest.
3640 silly tarball no local data for sharp@https://registry.npmjs.org/sharp/-/sharp-0.34.5.tgz. Extracting by manifest.
3641 silly tarball no local data for caniuse-lite@https://registry.npmjs.org/caniuse-lite/-/caniuse-lite-1.0.30001806.tgz. Extracting by manifest.
3642 silly tarball no local data for @swc/helpers@https://registry.npmjs.org/@swc/helpers/-/helpers-0.5.15.tgz. Extracting by manifest.
3643 silly tarball no local data for @next/swc-win32-x64-msvc@https://registry.npmjs.org/@next/swc-win32-x64-msvc/-/swc-win32-x64-msvc-15.5.22.tgz. Extracting by manifest.
3644 silly tarball no local data for @next/env@https://registry.npmjs.org/@next/env/-/env-15.5.22.tgz. Extracting by manifest.
3645 silly tarball no local data for balanced-match@https://registry.npmjs.org/balanced-match/-/balanced-match-1.0.2.tgz. Extracting by manifest.
3646 silly tarball no local data for concat-map@https://registry.npmjs.org/concat-map/-/concat-map-0.0.1.tgz. Extracting by manifest.
3647 silly tarball no local data for brace-expansion@https://registry.npmjs.org/brace-expansion/-/brace-expansion-1.1.18.tgz. Extracting by manifest.
3648 silly tarball no local data for to-regex-range@https://registry.npmjs.org/to-regex-range/-/to-regex-range-5.0.1.tgz. Extracting by manifest.
3649 silly tarball no local data for fill-range@https://registry.npmjs.org/fill-range/-/fill-range-7.1.1.tgz. Extracting by manifest.
3650 silly tarball no local data for picomatch@https://registry.npmjs.org/picomatch/-/picomatch-2.3.2.tgz. Extracting by manifest.
3651 silly tarball no local data for braces@https://registry.npmjs.org/braces/-/braces-3.0.3.tgz. Extracting by manifest.
3652 silly tarball no local data for p-locate@https://registry.npmjs.org/p-locate/-/p-locate-5.0.0.tgz. Extracting by manifest.
3653 silly tarball no local data for type-check@https://registry.npmjs.org/type-check/-/type-check-0.4.0.tgz. Extracting by manifest.
3654 silly tarball no local data for prelude-ls@https://registry.npmjs.org/prelude-ls/-/prelude-ls-1.2.1.tgz. Extracting by manifest.
3655 silly tarball no local data for language-subtag-registry@https://registry.npmjs.org/language-subtag-registry/-/language-subtag-registry-0.3.23.tgz. Extracting by manifest.
3656 silly tarball no local data for json-buffer@https://registry.npmjs.org/json-buffer/-/json-buffer-3.0.1.tgz. Extracting by manifest.
3657 silly tarball no local data for set-function-name@https://registry.npmjs.org/set-function-name/-/set-function-name-2.0.2.tgz. Extracting by manifest.
3658 silly tarball no local data for argparse@https://registry.npmjs.org/argparse/-/argparse-2.0.1.tgz. Extracting by manifest.
3659 silly tarball no local data for is-extglob@https://registry.npmjs.org/is-extglob/-/is-extglob-2.1.1.tgz. Extracting by manifest.
3660 silly tarball no local data for side-channel@https://registry.npmjs.org/side-channel/-/side-channel-1.1.1.tgz. Extracting by manifest.
3661 silly tarball no local data for resolve-from@https://registry.npmjs.org/resolve-from/-/resolve-from-4.0.0.tgz. Extracting by manifest.
3662 silly tarball no local data for resolve-pkg-maps@https://registry.npmjs.org/resolve-pkg-maps/-/resolve-pkg-maps-1.0.0.tgz. Extracting by manifest.
3663 silly tarball no local data for parent-module@https://registry.npmjs.org/parent-module/-/parent-module-1.0.1.tgz. Extracting by manifest.
3664 silly tarball no local data for functions-have-names@https://registry.npmjs.org/functions-have-names/-/functions-have-names-1.2.3.tgz. Extracting by manifest.
3665 silly tarball no local data for dunder-proto@https://registry.npmjs.org/dunder-proto/-/dunder-proto-1.0.1.tgz. Extracting by manifest.
3666 silly tarball no local data for is-document.all@https://registry.npmjs.org/is-document.all/-/is-document.all-1.0.0.tgz. Extracting by manifest.
3667 silly tarball no local data for keyv@https://registry.npmjs.org/keyv/-/keyv-4.5.4.tgz. Extracting by manifest.
3668 silly tarball no local data for flatted@https://registry.npmjs.org/flatted/-/flatted-3.4.4.tgz. Extracting by manifest.
3669 silly tarball no local data for locate-path@https://registry.npmjs.org/locate-path/-/locate-path-6.0.0.tgz. Extracting by manifest.
3670 silly tarball no local data for reusify@https://registry.npmjs.org/reusify/-/reusify-1.1.0.tgz. Extracting by manifest.
3671 silly tarball no local data for path-exists@https://registry.npmjs.org/path-exists/-/path-exists-4.0.0.tgz. Extracting by manifest.
3672 silly tarball no local data for flat-cache@https://registry.npmjs.org/flat-cache/-/flat-cache-4.0.1.tgz. Extracting by manifest.
3673 silly tarball no local data for @nodelib/fs.scandir@https://registry.npmjs.org/@nodelib/fs.scandir/-/fs.scandir-2.1.5.tgz. Extracting by manifest.
3674 silly tarball no local data for run-parallel@https://registry.npmjs.org/run-parallel/-/run-parallel-1.2.0.tgz. Extracting by manifest.
3675 silly tarball no local data for fastq@https://registry.npmjs.org/fastq/-/fastq-1.20.1.tgz. Extracting by manifest.
3676 silly tarball no local data for @nodelib/fs.walk@https://registry.npmjs.org/@nodelib/fs.walk/-/fs.walk-1.2.8.tgz. Extracting by manifest.
3677 silly tarball no local data for micromatch@https://registry.npmjs.org/micromatch/-/micromatch-4.0.8.tgz. Extracting by manifest.
3678 silly tarball no local data for merge2@https://registry.npmjs.org/merge2/-/merge2-1.4.1.tgz. Extracting by manifest.
3679 silly tarball no local data for @nodelib/fs.stat@https://registry.npmjs.org/@nodelib/fs.stat/-/fs.stat-2.0.5.tgz. Extracting by manifest.
3680 silly tarball no local data for acorn-jsx@https://registry.npmjs.org/acorn-jsx/-/acorn-jsx-5.3.2.tgz. Extracting by manifest.
3681 silly tarball no local data for acorn@https://registry.npmjs.org/acorn/-/acorn-8.18.0.tgz. Extracting by manifest.
3682 silly tarball no local data for esrecurse@https://registry.npmjs.org/esrecurse/-/esrecurse-4.3.0.tgz. Extracting by manifest.
3683 silly tarball no local data for iterator.prototype@https://registry.npmjs.org/iterator.prototype/-/iterator.prototype-1.1.5.tgz. Extracting by manifest.
3684 silly tarball no local data for string.prototype.repeat@https://registry.npmjs.org/string.prototype.repeat/-/string.prototype.repeat-1.0.0.tgz. Extracting by manifest.
3685 silly tarball no local data for string.prototype.matchall@https://registry.npmjs.org/string.prototype.matchall/-/string.prototype.matchall-4.0.12.tgz. Extracting by manifest.
3686 silly tarball no local data for prop-types@https://registry.npmjs.org/prop-types/-/prop-types-15.8.1.tgz. Extracting by manifest.
3687 silly tarball no local data for object.entries@https://registry.npmjs.org/object.entries/-/object.entries-1.1.9.tgz. Extracting by manifest.
3688 silly tarball no local data for estraverse@https://registry.npmjs.org/estraverse/-/estraverse-5.3.0.tgz. Extracting by manifest.
3689 silly tarball no local data for es-iterator-helpers@https://registry.npmjs.org/es-iterator-helpers/-/es-iterator-helpers-1.4.0.tgz. Extracting by manifest.
3690 silly tarball no local data for array.prototype.tosorted@https://registry.npmjs.org/array.prototype.tosorted/-/array.prototype.tosorted-1.1.4.tgz. Extracting by manifest.
3691 silly tarball no local data for array.prototype.findlast@https://registry.npmjs.org/array.prototype.findlast/-/array.prototype.findlast-1.2.5.tgz. Extracting by manifest.
3692 silly tarball no local data for string.prototype.includes@https://registry.npmjs.org/string.prototype.includes/-/string.prototype.includes-2.0.1.tgz. Extracting by manifest.
3693 silly tarball no local data for language-tags@https://registry.npmjs.org/language-tags/-/language-tags-1.0.9.tgz. Extracting by manifest.
3694 silly tarball no local data for jsx-ast-utils@https://registry.npmjs.org/jsx-ast-utils/-/jsx-ast-utils-3.3.5.tgz. Extracting by manifest.
3695 silly tarball no local data for emoji-regex@https://registry.npmjs.org/emoji-regex/-/emoji-regex-9.2.2.tgz. Extracting by manifest.
3696 silly tarball no local data for damerau-levenshtein@https://registry.npmjs.org/damerau-levenshtein/-/damerau-levenshtein-1.0.8.tgz. Extracting by manifest.
3697 silly tarball no local data for axe-core@https://registry.npmjs.org/axe-core/-/axe-core-4.12.1.tgz. Extracting by manifest.
3698 silly tarball no local data for axobject-query@https://registry.npmjs.org/axobject-query/-/axobject-query-4.1.0.tgz. Extracting by manifest.
3699 silly tarball no local data for ast-types-flow@https://registry.npmjs.org/ast-types-flow/-/ast-types-flow-0.0.8.tgz. Extracting by manifest.
3700 silly tarball no local data for aria-query@https://registry.npmjs.org/aria-query/-/aria-query-5.3.2.tgz. Extracting by manifest.
3701 silly tarball no local data for is-symbol@https://registry.npmjs.org/is-symbol/-/is-symbol-1.1.1.tgz. Extracting by manifest.
3702 silly tarball no local data for is-date-object@https://registry.npmjs.org/is-date-object/-/is-date-object-1.1.0.tgz. Extracting by manifest.
3703 silly tarball no local data for has-tostringtag@https://registry.npmjs.org/has-tostringtag/-/has-tostringtag-1.0.2.tgz. Extracting by manifest.
3704 silly tarball no local data for es-abstract-get@https://registry.npmjs.org/es-abstract-get/-/es-abstract-get-1.0.0.tgz. Extracting by manifest.
3705 silly tarball no local data for possible-typed-array-names@https://registry.npmjs.org/possible-typed-array-names/-/possible-typed-array-names-1.1.0.tgz. Extracting by manifest.
3706 silly tarball no local data for unbox-primitive@https://registry.npmjs.org/unbox-primitive/-/unbox-primitive-1.1.0.tgz. Extracting by manifest.
3707 silly tarball no local data for typed-array-length@https://registry.npmjs.org/typed-array-length/-/typed-array-length-1.0.8.tgz. Extracting by manifest.
3708 silly tarball no local data for which-typed-array@https://registry.npmjs.org/which-typed-array/-/which-typed-array-1.1.22.tgz. Extracting by manifest.
3709 silly tarball no local data for typed-array-byte-offset@https://registry.npmjs.org/typed-array-byte-offset/-/typed-array-byte-offset-1.0.4.tgz. Extracting by manifest.
3710 silly tarball no local data for typed-array-byte-length@https://registry.npmjs.org/typed-array-byte-length/-/typed-array-byte-length-1.0.3.tgz. Extracting by manifest.
3711 silly tarball no local data for string.prototype.trimstart@https://registry.npmjs.org/string.prototype.trimstart/-/string.prototype.trimstart-1.0.8.tgz. Extracting by manifest.
3712 silly tarball no local data for typed-array-buffer@https://registry.npmjs.org/typed-array-buffer/-/typed-array-buffer-1.0.3.tgz. Extracting by manifest.
3713 silly tarball no local data for string.prototype.trim@https://registry.npmjs.org/string.prototype.trim/-/string.prototype.trim-1.2.11.tgz. Extracting by manifest.
3714 silly tarball no local data for stop-iteration-iterator@https://registry.npmjs.org/stop-iteration-iterator/-/stop-iteration-iterator-1.1.0.tgz. Extracting by manifest.
3715 silly tarball no local data for set-proto@https://registry.npmjs.org/set-proto/-/set-proto-1.0.0.tgz. Extracting by manifest.
3716 silly tarball no local data for safe-regex-test@https://registry.npmjs.org/safe-regex-test/-/safe-regex-test-1.1.0.tgz. Extracting by manifest.
3717 silly tarball no local data for safe-push-apply@https://registry.npmjs.org/safe-push-apply/-/safe-push-apply-1.0.0.tgz. Extracting by manifest.
3718 silly tarball no local data for safe-array-concat@https://registry.npmjs.org/safe-array-concat/-/safe-array-concat-1.1.4.tgz. Extracting by manifest.
3719 silly tarball no local data for own-keys@https://registry.npmjs.org/own-keys/-/own-keys-1.0.2.tgz. Extracting by manifest.
3720 silly tarball no local data for regexp.prototype.flags@https://registry.npmjs.org/regexp.prototype.flags/-/regexp.prototype.flags-1.5.4.tgz. Extracting by manifest.
3721 silly tarball no local data for object.assign@https://registry.npmjs.org/object.assign/-/object.assign-4.1.7.tgz. Extracting by manifest.
3722 silly tarball no local data for object-inspect@https://registry.npmjs.org/object-inspect/-/object-inspect-1.13.4.tgz. Extracting by manifest.
3723 silly tarball no local data for is-weakref@https://registry.npmjs.org/is-weakref/-/is-weakref-1.1.1.tgz. Extracting by manifest.
3724 silly tarball no local data for is-typed-array@https://registry.npmjs.org/is-typed-array/-/is-typed-array-1.1.15.tgz. Extracting by manifest.
3725 silly tarball no local data for is-set@https://registry.npmjs.org/is-set/-/is-set-2.0.3.tgz. Extracting by manifest.
3726 silly tarball no local data for is-regex@https://registry.npmjs.org/is-regex/-/is-regex-1.2.1.tgz. Extracting by manifest.
3727 silly tarball no local data for is-shared-array-buffer@https://registry.npmjs.org/is-shared-array-buffer/-/is-shared-array-buffer-1.0.4.tgz. Extracting by manifest.
3728 silly tarball no local data for is-data-view@https://registry.npmjs.org/is-data-view/-/is-data-view-1.0.2.tgz. Extracting by manifest.
3729 silly tarball no local data for is-negative-zero@https://registry.npmjs.org/is-negative-zero/-/is-negative-zero-2.0.3.tgz. Extracting by manifest.
3730 silly tarball no local data for is-callable@https://registry.npmjs.org/is-callable/-/is-callable-1.2.7.tgz. Extracting by manifest.
3731 silly tarball no local data for internal-slot@https://registry.npmjs.org/internal-slot/-/internal-slot-1.1.0.tgz. Extracting by manifest.
3732 silly tarball no local data for has-proto@https://registry.npmjs.org/has-proto/-/has-proto-1.2.0.tgz. Extracting by manifest.
3733 silly tarball no local data for is-array-buffer@https://registry.npmjs.org/is-array-buffer/-/is-array-buffer-3.0.5.tgz. Extracting by manifest.
3734 silly tarball no local data for globalthis@https://registry.npmjs.org/globalthis/-/globalthis-1.0.4.tgz. Extracting by manifest.
3735 silly tarball no local data for has-symbols@https://registry.npmjs.org/has-symbols/-/has-symbols-1.1.0.tgz. Extracting by manifest.
3736 silly tarball no local data for get-proto@https://registry.npmjs.org/get-proto/-/get-proto-1.0.1.tgz. Extracting by manifest.
3737 silly tarball no local data for es-to-primitive@https://registry.npmjs.org/es-to-primitive/-/es-to-primitive-1.3.4.tgz. Extracting by manifest.
3738 silly tarball no local data for es-set-tostringtag@https://registry.npmjs.org/es-set-tostringtag/-/es-set-tostringtag-2.1.0.tgz. Extracting by manifest.
3739 silly tarball no local data for data-view-byte-offset@https://registry.npmjs.org/data-view-byte-offset/-/data-view-byte-offset-1.0.1.tgz. Extracting by manifest.
3740 silly tarball no local data for data-view-byte-length@https://registry.npmjs.org/data-view-byte-length/-/data-view-byte-length-1.0.2.tgz. Extracting by manifest.
3741 silly tarball no local data for data-view-buffer@https://registry.npmjs.org/data-view-buffer/-/data-view-buffer-1.0.2.tgz. Extracting by manifest.
3742 silly tarball no local data for available-typed-arrays@https://registry.npmjs.org/available-typed-arrays/-/available-typed-arrays-1.0.7.tgz. Extracting by manifest.
3743 silly tarball no local data for get-symbol-description@https://registry.npmjs.org/get-symbol-description/-/get-symbol-description-1.1.0.tgz. Extracting by manifest.
3744 silly tarball no local data for arraybuffer.prototype.slice@https://registry.npmjs.org/arraybuffer.prototype.slice/-/arraybuffer.prototype.slice-1.0.4.tgz. Extracting by manifest.
3745 silly tarball no local data for array-buffer-byte-length@https://registry.npmjs.org/array-buffer-byte-length/-/array-buffer-byte-length-1.0.2.tgz. Extracting by manifest.
3746 silly tarball no local data for gopd@https://registry.npmjs.org/gopd/-/gopd-1.2.0.tgz. Extracting by manifest.
3747 silly tarball no local data for object-keys@https://registry.npmjs.org/object-keys/-/object-keys-1.1.1.tgz. Extracting by manifest.
3748 silly tarball no local data for function.prototype.name@https://registry.npmjs.org/function.prototype.name/-/function.prototype.name-1.2.0.tgz. Extracting by manifest.
3749 silly tarball no local data for has-property-descriptors@https://registry.npmjs.org/has-property-descriptors/-/has-property-descriptors-1.0.2.tgz. Extracting by manifest.
3750 silly tarball no local data for define-data-property@https://registry.npmjs.org/define-data-property/-/define-data-property-1.1.4.tgz. Extracting by manifest.
3751 silly tarball no local data for set-function-length@https://registry.npmjs.org/set-function-length/-/set-function-length-1.2.2.tgz. Extracting by manifest.
3752 silly tarball no local data for function-bind@https://registry.npmjs.org/function-bind/-/function-bind-1.1.2.tgz. Extracting by manifest.
3753 silly tarball no local data for es-define-property@https://registry.npmjs.org/es-define-property/-/es-define-property-1.0.1.tgz. Extracting by manifest.
3754 silly tarball no local data for call-bind-apply-helpers@https://registry.npmjs.org/call-bind-apply-helpers/-/call-bind-apply-helpers-1.0.2.tgz. Extracting by manifest.
3755 silly tarball no local data for es-shim-unscopables@https://registry.npmjs.org/es-shim-unscopables/-/es-shim-unscopables-1.1.0.tgz. Extracting by manifest.
3756 silly tarball no local data for es-errors@https://registry.npmjs.org/es-errors/-/es-errors-1.3.0.tgz. Extracting by manifest.
3757 silly tarball no local data for math-intrinsics@https://registry.npmjs.org/math-intrinsics/-/math-intrinsics-1.1.0.tgz. Extracting by manifest.
3758 silly tarball no local data for is-string@https://registry.npmjs.org/is-string/-/is-string-1.1.1.tgz. Extracting by manifest.
3759 silly tarball no local data for get-intrinsic@https://registry.npmjs.org/get-intrinsic/-/get-intrinsic-1.3.0.tgz. Extracting by manifest.
3760 silly tarball no local data for es-abstract@https://registry.npmjs.org/es-abstract/-/es-abstract-1.24.2.tgz. Extracting by manifest.
3761 silly tarball no local data for es-object-atoms@https://registry.npmjs.org/es-object-atoms/-/es-object-atoms-1.1.2.tgz. Extracting by manifest.
3762 silly tarball no local data for define-properties@https://registry.npmjs.org/define-properties/-/define-properties-1.2.1.tgz. Extracting by manifest.
3763 silly tarball no local data for call-bound@https://registry.npmjs.org/call-bound/-/call-bound-1.0.4.tgz. Extracting by manifest.
3764 silly tarball no local data for call-bind@https://registry.npmjs.org/call-bind/-/call-bind-1.0.9.tgz. Extracting by manifest.
3765 silly tarball no local data for tsconfig-paths@https://registry.npmjs.org/tsconfig-paths/-/tsconfig-paths-3.15.0.tgz. Extracting by manifest.
3766 silly tarball no local data for string.prototype.trimend@https://registry.npmjs.org/string.prototype.trimend/-/string.prototype.trimend-1.0.10.tgz. Extracting by manifest.
3767 silly tarball no local data for object.values@https://registry.npmjs.org/object.values/-/object.values-1.2.1.tgz. Extracting by manifest.
3768 silly tarball no local data for object.groupby@https://registry.npmjs.org/object.groupby/-/object.groupby-1.0.3.tgz. Extracting by manifest.
3769 silly tarball no local data for object.fromentries@https://registry.npmjs.org/object.fromentries/-/object.fromentries-2.0.8.tgz. Extracting by manifest.
3770 silly tarball no local data for hasown@https://registry.npmjs.org/hasown/-/hasown-2.0.4.tgz. Extracting by manifest.
3771 silly tarball no local data for eslint-module-utils@https://registry.npmjs.org/eslint-module-utils/-/eslint-module-utils-2.14.0.tgz. Extracting by manifest.
3772 silly tarball no local data for doctrine@https://registry.npmjs.org/doctrine/-/doctrine-2.1.0.tgz. Extracting by manifest.
3773 silly tarball no local data for array.prototype.flatmap@https://registry.npmjs.org/array.prototype.flatmap/-/array.prototype.flatmap-1.3.3.tgz. Extracting by manifest.
3774 silly tarball no local data for array.prototype.flat@https://registry.npmjs.org/array.prototype.flat/-/array.prototype.flat-1.3.3.tgz. Extracting by manifest.
3775 silly tarball no local data for array.prototype.findlastindex@https://registry.npmjs.org/array.prototype.findlastindex/-/array.prototype.findlastindex-1.2.6.tgz. Extracting by manifest.
3776 silly tarball no local data for @rtsao/scc@https://registry.npmjs.org/@rtsao/scc/-/scc-1.1.0.tgz. Extracting by manifest.
3777 silly tarball no local data for array-includes@https://registry.npmjs.org/array-includes/-/array-includes-3.1.9.tgz. Extracting by manifest.
3778 silly tarball no local data for stable-hash@https://registry.npmjs.org/stable-hash/-/stable-hash-0.0.5.tgz. Extracting by manifest.
3779 silly tarball no local data for unrs-resolver@https://registry.npmjs.org/unrs-resolver/-/unrs-resolver-1.12.2.tgz. Extracting by manifest.
3780 silly tarball no local data for @nolyfill/is-core-module@https://registry.npmjs.org/@nolyfill/is-core-module/-/is-core-module-1.0.39.tgz. Extracting by manifest.
3781 silly tarball no local data for resolve@https://registry.npmjs.org/resolve/-/resolve-2.0.0-next.7.tgz. Extracting by manifest.
3782 silly tarball no local data for is-core-module@https://registry.npmjs.org/is-core-module/-/is-core-module-2.16.2.tgz. Extracting by manifest.
3783 silly tarball no local data for get-tsconfig@https://registry.npmjs.org/get-tsconfig/-/get-tsconfig-4.14.0.tgz. Extracting by manifest.
3784 silly tarball no local data for is-bun-module@https://registry.npmjs.org/is-bun-module/-/is-bun-module-2.0.0.tgz. Extracting by manifest.
3785 silly tarball no local data for tinyglobby@https://registry.npmjs.org/tinyglobby/-/tinyglobby-0.2.17.tgz. Extracting by manifest.
3786 silly tarball no local data for semver@https://registry.npmjs.org/semver/-/semver-7.8.5.tgz. Extracting by manifest.
3787 silly tarball no local data for @typescript-eslint/tsconfig-utils@https://registry.npmjs.org/@typescript-eslint/tsconfig-utils/-/tsconfig-utils-8.65.0.tgz. Extracting by manifest.
3788 silly tarball no local data for @typescript-eslint/project-service@https://registry.npmjs.org/@typescript-eslint/project-service/-/project-service-8.65.0.tgz. Extracting by manifest.
3789 silly tarball no local data for ts-api-utils@https://registry.npmjs.org/ts-api-utils/-/ts-api-utils-2.5.0.tgz. Extracting by manifest.
3790 silly tarball no local data for @typescript-eslint/types@https://registry.npmjs.org/@typescript-eslint/types/-/types-8.65.0.tgz. Extracting by manifest.
3791 silly tarball no local data for @typescript-eslint/typescript-estree@https://registry.npmjs.org/@typescript-eslint/typescript-estree/-/typescript-estree-8.65.0.tgz. Extracting by manifest.
3792 silly tarball no local data for @typescript-eslint/visitor-keys@https://registry.npmjs.org/@typescript-eslint/visitor-keys/-/visitor-keys-8.65.0.tgz. Extracting by manifest.
3793 silly tarball no local data for @typescript-eslint/type-utils@https://registry.npmjs.org/@typescript-eslint/type-utils/-/type-utils-8.65.0.tgz. Extracting by manifest.
3794 silly tarball no local data for @typescript-eslint/scope-manager@https://registry.npmjs.org/@typescript-eslint/scope-manager/-/scope-manager-8.65.0.tgz. Extracting by manifest.
3795 silly tarball no local data for fast-glob@https://registry.npmjs.org/fast-glob/-/fast-glob-3.3.1.tgz. Extracting by manifest.
3796 silly tarball no local data for eslint-plugin-react-hooks@https://registry.npmjs.org/eslint-plugin-react-hooks/-/eslint-plugin-react-hooks-5.2.0.tgz. Extracting by manifest.
3797 silly tarball no local data for eslint-plugin-jsx-a11y@https://registry.npmjs.org/eslint-plugin-jsx-a11y/-/eslint-plugin-jsx-a11y-6.10.2.tgz. Extracting by manifest.
3798 silly tarball no local data for eslint-plugin-react@https://registry.npmjs.org/eslint-plugin-react/-/eslint-plugin-react-7.37.5.tgz. Extracting by manifest.
3799 silly tarball no local data for eslint-plugin-import@https://registry.npmjs.org/eslint-plugin-import/-/eslint-plugin-import-2.32.0.tgz. Extracting by manifest.
3800 silly tarball no local data for eslint-import-resolver-typescript@https://registry.npmjs.org/eslint-import-resolver-typescript/-/eslint-import-resolver-typescript-3.10.1.tgz. Extracting by manifest.
3801 silly tarball no local data for @typescript-eslint/parser@https://registry.npmjs.org/@typescript-eslint/parser/-/parser-8.65.0.tgz. Extracting by manifest.
3802 silly tarball no local data for eslint-import-resolver-node@https://registry.npmjs.org/eslint-import-resolver-node/-/eslint-import-resolver-node-0.3.10.tgz. Extracting by manifest.
3803 silly tarball no local data for @typescript-eslint/eslint-plugin@https://registry.npmjs.org/@typescript-eslint/eslint-plugin/-/eslint-plugin-8.65.0.tgz. Extracting by manifest.
3804 silly tarball no local data for @rushstack/eslint-patch@https://registry.npmjs.org/@rushstack/eslint-patch/-/eslint-patch-1.16.1.tgz. Extracting by manifest.
3805 silly tarball no local data for @next/eslint-plugin-next@https://registry.npmjs.org/@next/eslint-plugin-next/-/eslint-plugin-next-15.5.22.tgz. Extracting by manifest.
3806 silly tarball no local data for ms@https://registry.npmjs.org/ms/-/ms-2.1.3.tgz. Extracting by manifest.
3807 silly tarball no local data for which@https://registry.npmjs.org/which/-/which-2.0.2.tgz. Extracting by manifest.
3808 silly tarball no local data for shebang-command@https://registry.npmjs.org/shebang-command/-/shebang-command-2.0.0.tgz. Extracting by manifest.
3809 silly tarball no local data for path-key@https://registry.npmjs.org/path-key/-/path-key-3.1.1.tgz. Extracting by manifest.
3810 silly tarball no local data for color-name@https://registry.npmjs.org/color-name/-/color-name-1.1.4.tgz. Extracting by manifest.
3811 silly tarball no local data for color-convert@https://registry.npmjs.org/color-convert/-/color-convert-2.0.1.tgz. Extracting by manifest.
3812 silly tarball no local data for supports-color@https://registry.npmjs.org/supports-color/-/supports-color-7.2.0.tgz. Extracting by manifest.
3813 silly tarball no local data for ansi-styles@https://registry.npmjs.org/ansi-styles/-/ansi-styles-4.3.0.tgz. Extracting by manifest.
3814 silly tarball no local data for uri-js@https://registry.npmjs.org/uri-js/-/uri-js-4.4.1.tgz. Extracting by manifest.
3815 silly tarball no local data for json-schema-traverse@https://registry.npmjs.org/json-schema-traverse/-/json-schema-traverse-0.4.1.tgz. Extracting by manifest.
3816 silly tarball no local data for fast-json-stable-stringify@https://registry.npmjs.org/fast-json-stable-stringify/-/fast-json-stable-stringify-2.1.0.tgz. Extracting by manifest.
3817 silly tarball no local data for levn@https://registry.npmjs.org/levn/-/levn-0.4.1.tgz. Extracting by manifest.
3818 silly tarball no local data for @humanfs/types@https://registry.npmjs.org/@humanfs/types/-/types-0.15.0.tgz. Extracting by manifest.
3819 silly tarball no local data for @humanfs/core@https://registry.npmjs.org/@humanfs/core/-/core-0.19.2.tgz. Extracting by manifest.
3820 silly tarball no local data for strip-json-comments@https://registry.npmjs.org/strip-json-comments/-/strip-json-comments-3.1.1.tgz. Extracting by manifest.
3821 silly tarball no local data for @types/json-schema@https://registry.npmjs.org/@types/json-schema/-/json-schema-7.0.15.tgz. Extracting by manifest.
3822 silly tarball no local data for js-yaml@https://registry.npmjs.org/js-yaml/-/js-yaml-4.3.0.tgz. Extracting by manifest.
3823 silly tarball no local data for import-fresh@https://registry.npmjs.org/import-fresh/-/import-fresh-3.3.1.tgz. Extracting by manifest.
3824 silly tarball no local data for @eslint/object-schema@https://registry.npmjs.org/@eslint/object-schema/-/object-schema-2.1.7.tgz. Extracting by manifest.
3825 silly tarball no local data for globals@https://registry.npmjs.org/globals/-/globals-14.0.0.tgz. Extracting by manifest.
3826 silly tarball no local data for optionator@https://registry.npmjs.org/optionator/-/optionator-0.9.4.tgz. Extracting by manifest.
3827 silly tarball no local data for natural-compare@https://registry.npmjs.org/natural-compare/-/natural-compare-1.4.0.tgz. Extracting by manifest.
3828 silly tarball no local data for minimatch@https://registry.npmjs.org/minimatch/-/minimatch-3.1.5.tgz. Extracting by manifest.
3829 silly tarball no local data for json-stable-stringify-without-jsonify@https://registry.npmjs.org/json-stable-stringify-without-jsonify/-/json-stable-stringify-without-jsonify-1.0.1.tgz. Extracting by manifest.
3830 silly tarball no local data for imurmurhash@https://registry.npmjs.org/imurmurhash/-/imurmurhash-0.1.4.tgz. Extracting by manifest.
3831 silly tarball no local data for is-glob@https://registry.npmjs.org/is-glob/-/is-glob-4.0.3.tgz. Extracting by manifest.
3832 silly tarball no local data for ignore@https://registry.npmjs.org/ignore/-/ignore-5.3.2.tgz. Extracting by manifest.
3833 silly tarball no local data for glob-parent@https://registry.npmjs.org/glob-parent/-/glob-parent-6.0.2.tgz. Extracting by manifest.
3834 silly tarball no local data for find-up@https://registry.npmjs.org/find-up/-/find-up-5.0.0.tgz. Extracting by manifest.
3835 silly tarball no local data for file-entry-cache@https://registry.npmjs.org/file-entry-cache/-/file-entry-cache-8.0.0.tgz. Extracting by manifest.
3836 silly tarball no local data for fast-deep-equal@https://registry.npmjs.org/fast-deep-equal/-/fast-deep-equal-3.1.3.tgz. Extracting by manifest.
3837 silly tarball no local data for esutils@https://registry.npmjs.org/esutils/-/esutils-2.0.3.tgz. Extracting by manifest.
3838 silly tarball no local data for @typescript-eslint/utils@https://registry.npmjs.org/@typescript-eslint/utils/-/utils-8.65.0.tgz. Extracting by manifest.
3839 silly tarball no local data for esquery@https://registry.npmjs.org/esquery/-/esquery-1.7.0.tgz. Extracting by manifest.
3840 silly tarball no local data for espree@https://registry.npmjs.org/espree/-/espree-10.4.0.tgz. Extracting by manifest.
3841 silly tarball no local data for eslint-visitor-keys@https://registry.npmjs.org/eslint-visitor-keys/-/eslint-visitor-keys-4.2.1.tgz. Extracting by manifest.
3842 silly tarball no local data for debug@https://registry.npmjs.org/debug/-/debug-4.4.3.tgz. Extracting by manifest.
3843 silly tarball no local data for eslint-scope@https://registry.npmjs.org/eslint-scope/-/eslint-scope-8.4.0.tgz. Extracting by manifest.
3844 silly tarball no local data for cross-spawn@https://registry.npmjs.org/cross-spawn/-/cross-spawn-7.0.6.tgz. Extracting by manifest.
3845 silly tarball no local data for @types/estree@https://registry.npmjs.org/@types/estree/-/estree-1.0.9.tgz. Extracting by manifest.
3846 silly tarball no local data for @humanwhocodes/retry@https://registry.npmjs.org/@humanwhocodes/retry/-/retry-0.4.3.tgz. Extracting by manifest.
3847 silly tarball no local data for chalk@https://registry.npmjs.org/chalk/-/chalk-4.1.2.tgz. Extracting by manifest.
3848 silly tarball no local data for ajv@https://registry.npmjs.org/ajv/-/ajv-6.15.0.tgz. Extracting by manifest.
3849 silly tarball no local data for @humanwhocodes/module-importer@https://registry.npmjs.org/@humanwhocodes/module-importer/-/module-importer-1.0.1.tgz. Extracting by manifest.
3850 silly tarball no local data for @humanfs/node@https://registry.npmjs.org/@humanfs/node/-/node-0.16.8.tgz. Extracting by manifest.
3851 silly tarball no local data for @eslint/js@https://registry.npmjs.org/@eslint/js/-/js-9.39.5.tgz. Extracting by manifest.
3852 silly tarball no local data for @eslint/plugin-kit@https://registry.npmjs.org/@eslint/plugin-kit/-/plugin-kit-0.4.1.tgz. Extracting by manifest.
3853 silly tarball no local data for @eslint/eslintrc@https://registry.npmjs.org/@eslint/eslintrc/-/eslintrc-3.3.6.tgz. Extracting by manifest.
3854 silly tarball no local data for @eslint/core@https://registry.npmjs.org/@eslint/core/-/core-0.17.0.tgz. Extracting by manifest.
3855 silly tarball no local data for @eslint/config-helpers@https://registry.npmjs.org/@eslint/config-helpers/-/config-helpers-0.4.2.tgz. Extracting by manifest.
3856 silly tarball no local data for @eslint/config-array@https://registry.npmjs.org/@eslint/config-array/-/config-array-0.21.2.tgz. Extracting by manifest.
3857 silly tarball no local data for @eslint-community/regexpp@https://registry.npmjs.org/@eslint-community/regexpp/-/regexpp-4.12.2.tgz. Extracting by manifest.
3858 silly tarball no local data for @eslint-community/eslint-utils@https://registry.npmjs.org/@eslint-community/eslint-utils/-/eslint-utils-4.10.1.tgz. Extracting by manifest.
3859 silly tarball no local data for csstype@https://registry.npmjs.org/csstype/-/csstype-3.2.3.tgz. Extracting by manifest.
3860 silly tarball no local data for undici-types@https://registry.npmjs.org/undici-types/-/undici-types-6.21.0.tgz. Extracting by manifest.
3861 silly tarball no local data for zod@https://registry.npmjs.org/zod/-/zod-3.25.76.tgz. Extracting by manifest.
3862 silly tarball no local data for vitest@https://registry.npmjs.org/vitest/-/vitest-3.2.7.tgz. Extracting by manifest.
3863 silly tarball no local data for escape-string-regexp@https://registry.npmjs.org/escape-string-regexp/-/escape-string-regexp-4.0.0.tgz. Extracting by manifest.
3864 silly tarball no local data for typescript@https://registry.npmjs.org/typescript/-/typescript-5.9.3.tgz. Extracting by manifest.
3865 silly tarball no local data for tailwindcss@https://registry.npmjs.org/tailwindcss/-/tailwindcss-3.4.19.tgz. Extracting by manifest.
3866 silly tarball no local data for tailwind-merge@https://registry.npmjs.org/tailwind-merge/-/tailwind-merge-2.6.1.tgz. Extracting by manifest.
3867 silly tarball no local data for prisma@https://registry.npmjs.org/prisma/-/prisma-6.19.3.tgz. Extracting by manifest.
3868 silly tarball no local data for postcss@https://registry.npmjs.org/postcss/-/postcss-8.5.25.tgz. Extracting by manifest.
3869 silly tarball no local data for react-dom@https://registry.npmjs.org/react-dom/-/react-dom-19.2.8.tgz. Extracting by manifest.
3870 silly tarball no local data for next@https://registry.npmjs.org/next/-/next-15.5.22.tgz. Extracting by manifest.
3871 silly tarball no local data for react@https://registry.npmjs.org/react/-/react-19.2.8.tgz. Extracting by manifest.
3872 silly tarball no local data for lucide-react@https://registry.npmjs.org/lucide-react/-/lucide-react-0.468.0.tgz. Extracting by manifest.
3873 silly tarball no local data for jose@https://registry.npmjs.org/jose/-/jose-6.2.5.tgz. Extracting by manifest.
3874 silly tarball no local data for eslint-config-next@https://registry.npmjs.org/eslint-config-next/-/eslint-config-next-15.5.22.tgz. Extracting by manifest.
3875 silly tarball no local data for eslint@https://registry.npmjs.org/eslint/-/eslint-9.39.5.tgz. Extracting by manifest.
3876 silly tarball no local data for clsx@https://registry.npmjs.org/clsx/-/clsx-2.1.1.tgz. Extracting by manifest.
3877 silly tarball no local data for bcryptjs@https://registry.npmjs.org/bcryptjs/-/bcryptjs-3.0.3.tgz. Extracting by manifest.
3878 silly tarball no local data for @types/react-dom@https://registry.npmjs.org/@types/react-dom/-/react-dom-19.2.4.tgz. Extracting by manifest.
3879 silly tarball no local data for @types/react@https://registry.npmjs.org/@types/react/-/react-19.2.18.tgz. Extracting by manifest.
3880 silly tarball no local data for @types/node@https://registry.npmjs.org/@types/node/-/node-22.20.1.tgz. Extracting by manifest.
3881 silly tarball no local data for @prisma/client@https://registry.npmjs.org/@prisma/client/-/client-6.19.3.tgz. Extracting by manifest.
3882 silly tarball no local data for @types/bcryptjs@https://registry.npmjs.org/@types/bcryptjs/-/bcryptjs-2.4.6.tgz. Extracting by manifest.
3883 silly tarball no local data for js-tokens@https://registry.npmjs.org/js-tokens/-/js-tokens-9.0.1.tgz. Extracting by manifest.
3884 silly tarball no local data for picomatch@https://registry.npmjs.org/picomatch/-/picomatch-4.0.5.tgz. Extracting by manifest.
3885 silly tarball no local data for fdir@https://registry.npmjs.org/fdir/-/fdir-6.5.0.tgz. Extracting by manifest.
3886 silly tarball no local data for resolve@https://registry.npmjs.org/resolve/-/resolve-1.22.12.tgz. Extracting by manifest.
3887 silly tarball no local data for citty@https://registry.npmjs.org/citty/-/citty-0.2.2.tgz. Extracting by manifest.
3888 silly tarball no local data for semver@https://registry.npmjs.org/semver/-/semver-6.3.1.tgz. Extracting by manifest.
3889 silly tarball no local data for debug@https://registry.npmjs.org/debug/-/debug-3.2.7.tgz. Extracting by manifest.
3890 silly tarball no local data for picomatch@https://registry.npmjs.org/picomatch/-/picomatch-4.0.5.tgz. Extracting by manifest.
3891 silly tarball no local data for fdir@https://registry.npmjs.org/fdir/-/fdir-6.5.0.tgz. Extracting by manifest.
3892 silly tarball no local data for brace-expansion@https://registry.npmjs.org/brace-expansion/-/brace-expansion-5.0.9.tgz. Extracting by manifest.
3893 silly tarball no local data for eslint-visitor-keys@https://registry.npmjs.org/eslint-visitor-keys/-/eslint-visitor-keys-5.0.1.tgz. Extracting by manifest.
3894 silly tarball no local data for balanced-match@https://registry.npmjs.org/balanced-match/-/balanced-match-4.0.4.tgz. Extracting by manifest.
3895 silly tarball no local data for glob-parent@https://registry.npmjs.org/glob-parent/-/glob-parent-5.1.2.tgz. Extracting by manifest.
3896 silly tarball no local data for minimatch@https://registry.npmjs.org/minimatch/-/minimatch-10.2.6.tgz. Extracting by manifest.
3897 silly tarball no local data for debug@https://registry.npmjs.org/debug/-/debug-3.2.7.tgz. Extracting by manifest.
3898 silly tarball no local data for debug@https://registry.npmjs.org/debug/-/debug-3.2.7.tgz. Extracting by manifest.
3899 silly tarball no local data for semver@https://registry.npmjs.org/semver/-/semver-6.3.1.tgz. Extracting by manifest.
3900 silly tarball no local data for ignore@https://registry.npmjs.org/ignore/-/ignore-7.0.6.tgz. Extracting by manifest.
3901 silly tarball no local data for eslint-visitor-keys@https://registry.npmjs.org/eslint-visitor-keys/-/eslint-visitor-keys-3.4.3.tgz. Extracting by manifest.
3902 silly tarball no local data for tinyexec@https://registry.npmjs.org/tinyexec/-/tinyexec-0.3.2.tgz. Extracting by manifest.
3903 silly tarball no local data for picomatch@https://registry.npmjs.org/picomatch/-/picomatch-4.0.5.tgz. Extracting by manifest.
3904 silly tarball no local data for readdirp@https://registry.npmjs.org/readdirp/-/readdirp-3.6.0.tgz. Extracting by manifest.
3905 silly tarball no local data for resolve@https://registry.npmjs.org/resolve/-/resolve-1.22.12.tgz. Extracting by manifest.
3906 silly tarball no local data for semver@https://registry.npmjs.org/semver/-/semver-6.3.1.tgz. Extracting by manifest.
3907 silly tarball no local data for glob-parent@https://registry.npmjs.org/glob-parent/-/glob-parent-5.1.2.tgz. Extracting by manifest.
3908 silly tarball no local data for jiti@https://registry.npmjs.org/jiti/-/jiti-1.21.7.tgz. Extracting by manifest.
3909 silly tarball no local data for glob-parent@https://registry.npmjs.org/glob-parent/-/glob-parent-5.1.2.tgz. Extracting by manifest.
3910 silly tarball no local data for fast-glob@https://registry.npmjs.org/fast-glob/-/fast-glob-3.3.3.tgz. Extracting by manifest.
3911 silly tarball no local data for postcss@https://registry.npmjs.org/postcss/-/postcss-8.4.31.tgz. Extracting by manifest.
3912 silly tarball no local data for chokidar@https://registry.npmjs.org/chokidar/-/chokidar-3.6.0.tgz. Extracting by manifest.
3913 silly tarball no local data for lodash.merge@https://registry.npmjs.org/lodash.merge/-/lodash.merge-4.6.2.tgz. Extracting by manifest.
3914 http fetch POST 200 https://registry.npmjs.org/-/npm/v1/security/advisories/bulk 567ms
3915 silly audit report {
3915 silly audit report   postcss: [
3915 silly audit report     {
3915 silly audit report       id: 1117015,
3915 silly audit report       url: 'https://github.com/advisories/GHSA-qx2v-qp2m-jg93',
3915 silly audit report       title: 'PostCSS has XSS via Unescaped </style> in its CSS Stringify Output',
3915 silly audit report       severity: 'moderate',
3915 silly audit report       vulnerable_versions: '<8.5.10',
3915 silly audit report       cwe: [Array],
3915 silly audit report       cvss: [Object]
3915 silly audit report     },
3915 silly audit report     {
3915 silly audit report       id: 1124252,
3915 silly audit report       url: 'https://github.com/advisories/GHSA-6g55-p6wh-862q',
3915 silly audit report       title: 'PostCSS: Arbitrary file read and information disclosure via attacker-controlled sourceMappingURL in CSS comments',
3915 silly audit report       severity: 'high',
3915 silly audit report       vulnerable_versions: '<=8.5.11',
3915 silly audit report       cwe: [Array],
3915 silly audit report       cvss: [Object]
3915 silly audit report     },
3915 silly audit report     {
3915 silly audit report       id: 1124288,
3915 silly audit report       url: 'https://github.com/advisories/GHSA-r28c-9q8g-f849',
3915 silly audit report       title: 'PostCSS: Path Traversal in Previous Source Map Auto-Loading (sourceMappingURL) leads to Arbitrary .map File Disclosure',
3915 silly audit report       severity: 'high',
3915 silly audit report       vulnerable_versions: '<=8.5.17',
3915 silly audit report       cwe: [Array],
3915 silly audit report       cvss: [Object]
3915 silly audit report     }
3915 silly audit report   ],
3915 silly audit report   'brace-expansion': [
3915 silly audit report     {
3915 silly audit report       id: 1124334,
3915 silly audit report       url: 'https://github.com/advisories/GHSA-mh99-v99m-4gvg',
3915 silly audit report       title: 'brace-expansion: DoS via unbounded expansion length causing an out-of-memory process crash',
3915 silly audit report       severity: 'high',
3915 silly audit report       vulnerable_versions: '<=5.0.7',
3915 silly audit report       cwe: [Array],
3915 silly audit report       cvss: [Object]
3915 silly audit report     }
3915 silly audit report   ],
3915 silly audit report   sharp: [
3915 silly audit report     {
3915 silly audit report       id: 1124066,
3915 silly audit report       url: 'https://github.com/advisories/GHSA-f88m-g3jw-g9cj',
3915 silly audit report       title: 'sharp inherited vulnerabilities in libvips: CVE-2026-33327, CVE-2026-33328, CVE-2026-35590, CVE-2026-35591',
3915 silly audit report       severity: 'high',
3915 silly audit report       vulnerable_versions: '<0.35.0',
3915 silly audit report       cwe: [Array],
3915 silly audit report       cvss: [Object]
3915 silly audit report     }
3915 silly audit report   ]
3915 silly audit report }
3916 silly packumentCache corgi:https://registry.npmjs.org/postcss cache-miss
3917 silly packumentCache corgi:https://registry.npmjs.org/brace-expansion cache-miss
3918 silly packumentCache corgi:https://registry.npmjs.org/sharp cache-miss
3919 http fetch GET 200 https://registry.npmjs.org/binary-extensions/-/binary-extensions-2.3.0.tgz 480ms (cache miss)
3920 http fetch GET 200 https://registry.npmjs.org/stackback/-/stackback-0.0.2.tgz 479ms (cache miss)
3921 http fetch GET 200 https://registry.npmjs.org/anymatch/-/anymatch-3.1.3.tgz 480ms (cache miss)
3922 http fetch GET 200 https://registry.npmjs.org/is-binary-path/-/is-binary-path-2.1.0.tgz 485ms (cache miss)
3923 http fetch GET 200 https://registry.npmjs.org/is-boolean-object/-/is-boolean-object-1.2.2.tgz 480ms (cache miss)
3924 http fetch GET 200 https://registry.npmjs.org/is-bigint/-/is-bigint-1.1.0.tgz 480ms (cache miss)
3925 http fetch GET 200 https://registry.npmjs.org/isexe/-/isexe-2.0.0.tgz 483ms (cache miss)
3926 http fetch GET 200 https://registry.npmjs.org/pathval/-/pathval-2.0.1.tgz 509ms (cache miss)
3927 http fetch GET 200 https://registry.npmjs.org/siginfo/-/siginfo-2.0.0.tgz 537ms (cache miss)
3928 http fetch GET 200 https://registry.npmjs.org/es-module-lexer/-/es-module-lexer-1.7.0.tgz 576ms (cache miss)
3929 http fetch GET 200 https://registry.npmjs.org/is-number-object/-/is-number-object-1.1.1.tgz 588ms (cache miss)
3930 http fetch GET 200 https://registry.npmjs.org/is-weakmap/-/is-weakmap-2.0.2.tgz 625ms (cache miss)
3931 http fetch GET 200 https://registry.npmjs.org/deep-eql/-/deep-eql-5.0.2.tgz 630ms (cache miss)
3932 http fetch GET 200 https://registry.npmjs.org/loupe/-/loupe-3.2.1.tgz 654ms (cache miss)
3933 http fetch GET 200 https://registry.npmjs.org/is-weakset/-/is-weakset-2.0.4.tgz 673ms (cache miss)
3934 http fetch GET 200 https://registry.npmjs.org/which-collection/-/which-collection-1.0.2.tgz 685ms (cache miss)
3935 http fetch GET 200 https://registry.npmjs.org/check-error/-/check-error-2.1.3.tgz 696ms (cache miss)
3936 http fetch GET 200 https://registry.npmjs.org/is-map/-/is-map-2.0.3.tgz 716ms (cache miss)
3937 http fetch GET 200 https://registry.npmjs.org/@types/deep-eql/-/deep-eql-4.0.2.tgz 707ms (cache miss)
3938 http fetch GET 200 https://registry.npmjs.org/tinyspy/-/tinyspy-4.0.4.tgz 715ms (cache miss)
3939 http fetch GET 200 https://registry.npmjs.org/generator-function/-/generator-function-2.0.1.tgz 729ms (cache miss)
3940 http fetch GET 200 https://registry.npmjs.org/assertion-error/-/assertion-error-2.0.1.tgz 721ms (cache miss)
3941 http fetch GET 200 https://registry.npmjs.org/cac/-/cac-6.7.14.tgz 735ms (cache miss)
3942 http fetch GET 200 https://registry.npmjs.org/is-generator-function/-/is-generator-function-1.1.2.tgz 750ms (cache miss)
3943 http fetch GET 200 https://registry.npmjs.org/tinyrainbow/-/tinyrainbow-2.0.0.tgz 741ms (cache miss)
3944 http fetch GET 200 https://registry.npmjs.org/why-is-node-running/-/why-is-node-running-2.3.0.tgz 764ms (cache miss)
3945 http fetch GET 200 https://registry.npmjs.org/is-async-function/-/is-async-function-2.1.1.tgz 776ms (cache miss)
3946 http fetch GET 200 https://registry.npmjs.org/strip-literal/-/strip-literal-3.1.0.tgz 776ms (cache miss)
3947 http fetch GET 200 https://registry.npmjs.org/is-finalizationregistry/-/is-finalizationregistry-1.1.1.tgz 790ms (cache miss)
3948 http fetch GET 200 https://registry.npmjs.org/async-function/-/async-function-1.0.0.tgz 795ms (cache miss)
3949 http fetch GET 200 https://registry.npmjs.org/esbuild/-/esbuild-0.28.1.tgz 793ms (cache miss)
3950 http fetch GET 200 https://registry.npmjs.org/estree-walker/-/estree-walker-3.0.3.tgz 812ms (cache miss)
3951 http fetch GET 200 https://registry.npmjs.org/std-env/-/std-env-3.10.0.tgz 813ms (cache miss)
3952 http fetch GET 200 https://registry.npmjs.org/tinybench/-/tinybench-2.9.0.tgz 843ms (cache miss)
3953 http fetch GET 200 https://registry.npmjs.org/@vitest/spy/-/spy-3.2.7.tgz 855ms (cache miss)
3954 http fetch GET 200 https://registry.npmjs.org/tinypool/-/tinypool-1.1.1.tgz 928ms (cache miss)
3955 http fetch GET 200 https://registry.npmjs.org/expect-type/-/expect-type-1.4.0.tgz 937ms (cache miss)
3956 http fetch GET 200 https://registry.npmjs.org/@vitest/snapshot/-/snapshot-3.2.7.tgz 950ms (cache miss)
3957 http fetch GET 200 https://registry.npmjs.org/magic-string/-/magic-string-0.30.21.tgz 958ms (cache miss)
3958 http fetch GET 200 https://registry.npmjs.org/punycode/-/punycode-2.3.1.tgz 1007ms (cache miss)
3959 http fetch GET 200 https://registry.npmjs.org/@vitest/expect/-/expect-3.2.7.tgz 1013ms (cache miss)
3960 http fetch GET 200 https://registry.npmjs.org/@types/chai/-/chai-5.2.3.tgz 1018ms (cache miss)
3961 http fetch GET 200 https://registry.npmjs.org/@vitest/utils/-/utils-3.2.7.tgz 1045ms (cache miss)
3962 http fetch GET 200 https://registry.npmjs.org/which-boxed-primitive/-/which-boxed-primitive-1.1.1.tgz 1062ms (cache miss)
3963 http fetch GET 200 https://registry.npmjs.org/@vitest/pretty-format/-/pretty-format-3.2.7.tgz 1087ms (cache miss)
3964 http fetch GET 200 https://registry.npmjs.org/@vitest/runner/-/runner-3.2.7.tgz 1088ms (cache miss)
3965 http fetch GET 200 https://registry.npmjs.org/vite-node/-/vite-node-3.2.4.tgz 1102ms (cache miss)
3966 http fetch GET 200 https://registry.npmjs.org/has-bigints/-/has-bigints-1.1.0.tgz 1106ms (cache miss)
3967 http fetch GET 200 https://registry.npmjs.org/@vitest/mocker/-/mocker-3.2.7.tgz 1130ms (cache miss)
3968 http fetch GET 200 https://registry.npmjs.org/napi-postinstall/-/napi-postinstall-0.3.4.tgz 1128ms (cache miss)
3969 http fetch GET 200 https://registry.npmjs.org/strip-bom/-/strip-bom-3.0.0.tgz 1129ms (cache miss)
3970 http fetch GET 200 https://registry.npmjs.org/which-builtin-type/-/which-builtin-type-1.2.1.tgz 1142ms (cache miss)
3971 http fetch GET 200 https://registry.npmjs.org/for-each/-/for-each-0.3.5.tgz 1145ms (cache miss)
3972 http fetch GET 200 https://registry.npmjs.org/reflect.getprototypeof/-/reflect.getprototypeof-1.0.10.tgz 1158ms (cache miss)
3973 http fetch GET 200 https://registry.npmjs.org/chai/-/chai-5.3.3.tgz 1179ms (cache miss)
3974 http fetch GET 200 https://registry.npmjs.org/is-number/-/is-number-7.0.0.tgz 1204ms (cache miss)
3975 http fetch GET 200 https://registry.npmjs.org/@types/json5/-/json5-0.0.29.tgz 1207ms (cache miss)
3976 http fetch GET 200 https://registry.npmjs.org/thenify/-/thenify-3.3.1.tgz 1208ms (cache miss)
3977 http fetch GET 200 https://registry.npmjs.org/json5/-/json5-1.0.2.tgz 1213ms (cache miss)
3978 http fetch GET 200 https://registry.npmjs.org/thenify-all/-/thenify-all-1.6.0.tgz 1231ms (cache miss)
3979 http fetch GET 200 https://registry.npmjs.org/rollup/-/rollup-4.62.3.tgz 1267ms (cache miss)
3980 http fetch GET 200 https://registry.npmjs.org/minimist/-/minimist-1.2.8.tgz 1251ms (cache miss)
3981 http fetch GET 200 https://registry.npmjs.org/@jridgewell/resolve-uri/-/resolve-uri-3.1.2.tgz 1291ms (cache miss)
3982 http fetch GET 200 https://registry.npmjs.org/vite/-/vite-7.3.6.tgz 1336ms (cache miss)
3983 http fetch GET 200 https://registry.npmjs.org/lines-and-columns/-/lines-and-columns-1.2.4.tgz 1321ms (cache miss)
3984 http fetch GET 200 https://registry.npmjs.org/pirates/-/pirates-4.0.7.tgz 1324ms (cache miss)
3985 http fetch GET 200 https://registry.npmjs.org/ts-interface-checker/-/ts-interface-checker-0.1.13.tgz 1347ms (cache miss)
3986 http fetch GET 200 https://registry.npmjs.org/mz/-/mz-2.7.0.tgz 1348ms (cache miss)
3987 http fetch GET 200 https://registry.npmjs.org/commander/-/commander-4.1.1.tgz 1350ms (cache miss)
3988 http fetch GET 200 https://registry.npmjs.org/any-promise/-/any-promise-1.3.0.tgz 1360ms (cache miss)
3989 http fetch GET 200 https://registry.npmjs.org/@jridgewell/sourcemap-codec/-/sourcemap-codec-1.5.5.tgz 1388ms (cache miss)
3990 http fetch GET 200 https://registry.npmjs.org/util-deprecate/-/util-deprecate-1.0.2.tgz 1400ms (cache miss)
3991 http fetch GET 200 https://registry.npmjs.org/pify/-/pify-2.3.0.tgz 1403ms (cache miss)
3992 http fetch GET 200 https://registry.npmjs.org/cssesc/-/cssesc-3.0.0.tgz 1422ms (cache miss)
3993 http fetch GET 200 https://registry.npmjs.org/camelcase-css/-/camelcase-css-2.0.1.tgz 1426ms (cache miss)
3994 http fetch GET 200 https://registry.npmjs.org/@jridgewell/trace-mapping/-/trace-mapping-0.3.31.tgz 1438ms (cache miss)
3995 http fetch GET 200 https://registry.npmjs.org/read-cache/-/read-cache-1.0.0.tgz 1446ms (cache miss)
3996 http fetch GET 200 https://registry.npmjs.org/postcss-value-parser/-/postcss-value-parser-4.2.0.tgz 1465ms (cache miss)
3997 http fetch GET 200 https://registry.npmjs.org/@jridgewell/gen-mapping/-/gen-mapping-0.3.13.tgz 1473ms (cache miss)
3998 http fetch GET 200 https://registry.npmjs.org/postcss-nested/-/postcss-nested-6.2.0.tgz 1473ms (cache miss)
3999 http fetch GET 200 https://registry.npmjs.org/object-hash/-/object-hash-3.0.0.tgz 1485ms (cache miss)
4000 http fetch GET 200 https://registry.npmjs.org/normalize-path/-/normalize-path-3.0.0.tgz 1486ms (cache miss)
4001 http fetch GET 200 https://registry.npmjs.org/postcss-js/-/postcss-js-4.1.0.tgz 1538ms (cache miss)
4002 http fetch GET 200 https://registry.npmjs.org/lilconfig/-/lilconfig-3.1.3.tgz 1545ms (cache miss)
4003 http fetch GET 200 https://registry.npmjs.org/dlv/-/dlv-1.1.3.tgz 1547ms (cache miss)
4004 http fetch GET 200 https://registry.npmjs.org/postcss-import/-/postcss-import-15.1.0.tgz 1613ms (cache miss)
4005 http fetch GET 200 https://registry.npmjs.org/shebang-regex/-/shebang-regex-3.0.0.tgz 1605ms (cache miss)
4006 http fetch GET 200 https://registry.npmjs.org/has-flag/-/has-flag-4.0.0.tgz 1612ms (cache miss)
4007 http fetch GET 200 https://registry.npmjs.org/client-only/-/client-only-0.0.1.tgz 1610ms (cache miss)
4008 http fetch GET 200 https://registry.npmjs.org/side-channel-map/-/side-channel-map-1.0.1.tgz 1611ms (cache miss)
4009 http fetch GET 200 https://registry.npmjs.org/didyoumean/-/didyoumean-1.2.2.tgz 1616ms (cache miss)
4010 http fetch GET 200 https://registry.npmjs.org/@alloc/quick-lru/-/quick-lru-5.2.0.tgz 1619ms (cache miss)
4011 http fetch GET 200 https://registry.npmjs.org/side-channel-weakmap/-/side-channel-weakmap-1.0.2.tgz 1638ms (cache miss)
4012 http fetch GET 200 https://registry.npmjs.org/arg/-/arg-5.0.2.tgz 1640ms (cache miss)
4013 http fetch GET 200 https://registry.npmjs.org/side-channel-list/-/side-channel-list-1.0.1.tgz 1640ms (cache miss)
4014 http fetch GET 200 https://registry.npmjs.org/postcss-selector-parser/-/postcss-selector-parser-6.1.4.tgz 1656ms (cache miss)
4015 http fetch GET 200 https://registry.npmjs.org/queue-microtask/-/queue-microtask-1.2.3.tgz 1705ms (cache miss)
4016 http fetch GET 200 https://registry.npmjs.org/isarray/-/isarray-2.0.5.tgz 1718ms (cache miss)
4017 http fetch GET 200 https://registry.npmjs.org/supports-preserve-symlinks-flag/-/supports-preserve-symlinks-flag-1.0.0.tgz 1722ms (cache miss)
4018 http fetch GET 200 https://registry.npmjs.org/path-parse/-/path-parse-1.0.7.tgz 1723ms (cache miss)
4019 http fetch GET 200 https://registry.npmjs.org/@img/colour/-/colour-1.1.0.tgz 1740ms (cache miss)
4020 http fetch GET 200 https://registry.npmjs.org/@emnapi/runtime/-/runtime-1.11.3.tgz 1753ms (cache miss)
4021 http fetch GET 200 https://registry.npmjs.org/detect-libc/-/detect-libc-2.1.2.tgz 1751ms (cache miss)
4022 http fetch GET 200 https://registry.npmjs.org/postcss-load-config/-/postcss-load-config-6.0.1.tgz 1754ms (cache miss)
4023 http fetch GET 200 https://registry.npmjs.org/destr/-/destr-2.0.5.tgz 1775ms (cache miss)
4024 http fetch GET 200 https://registry.npmjs.org/scheduler/-/scheduler-0.27.0.tgz 1788ms (cache miss)
4025 http fetch GET 200 https://registry.npmjs.org/js-tokens/-/js-tokens-4.0.0.tgz 1814ms (cache miss)
4026 http fetch GET 200 https://registry.npmjs.org/object-assign/-/object-assign-4.1.1.tgz 1833ms (cache miss)
4027 http fetch GET 200 https://registry.npmjs.org/react-is/-/react-is-16.13.1.tgz 1851ms (cache miss)
4028 http fetch GET 200 https://registry.npmjs.org/@rollup/rollup-win32-x64-gnu/-/rollup-win32-x64-gnu-4.62.3.tgz 1959ms (cache miss)
4029 http fetch GET 200 https://registry.npmjs.org/tinyexec/-/tinyexec-1.2.4.tgz 1909ms (cache miss)
4030 http fetch GET 200 https://registry.npmjs.org/nypm/-/nypm-0.6.9.tgz 1911ms (cache miss)
4031 http fetch GET 200 https://registry.npmjs.org/node-exports-info/-/node-exports-info-1.6.2.tgz 1938ms (cache miss)
4032 http fetch GET 200 https://registry.npmjs.org/citty/-/citty-0.1.6.tgz 2048ms (cache miss)
4033 http fetch GET 200 https://registry.npmjs.org/@unrs/resolver-binding-win32-x64-msvc/-/resolver-binding-win32-x64-msvc-1.12.2.tgz 2090ms (cache miss)
4034 http fetch GET 200 https://registry.npmjs.org/@standard-schema/spec/-/spec-1.1.0.tgz 2133ms (cache miss)
4035 http fetch GET 200 https://registry.npmjs.org/perfect-debounce/-/perfect-debounce-1.0.0.tgz 2135ms (cache miss)
4036 http fetch GET 200 https://registry.npmjs.org/loose-envify/-/loose-envify-1.4.0.tgz 2137ms (cache miss)
4037 http fetch GET 200 https://registry.npmjs.org/pathe/-/pathe-2.0.3.tgz 2141ms (cache miss)
4038 http fetch GET 200 https://registry.npmjs.org/readdirp/-/readdirp-4.1.2.tgz 2148ms (cache miss)
4039 http fetch GET 200 https://registry.npmjs.org/rc9/-/rc9-2.1.2.tgz 2155ms (cache miss)
4040 http fetch GET 200 https://registry.npmjs.org/defu/-/defu-6.1.7.tgz 2201ms (cache miss)
4041 http fetch GET 200 https://registry.npmjs.org/pkg-types/-/pkg-types-2.3.1.tgz 2208ms (cache miss)
4042 http fetch GET 200 https://registry.npmjs.org/exsolve/-/exsolve-1.1.1.tgz 2218ms (cache miss)
4043 http fetch GET 200 https://registry.npmjs.org/consola/-/consola-3.4.2.tgz 2230ms (cache miss)
4044 http fetch GET 200 https://registry.npmjs.org/empathic/-/empathic-2.0.0.tgz 2226ms (cache miss)
4045 http fetch GET 200 https://registry.npmjs.org/giget/-/giget-2.0.0.tgz 2263ms (cache miss)
4046 http fetch GET 200 https://registry.npmjs.org/@rollup/rollup-win32-x64-msvc/-/rollup-win32-x64-msvc-4.62.3.tgz 2336ms (cache miss)
4047 http fetch GET 200 https://registry.npmjs.org/ohash/-/ohash-2.0.11.tgz 2283ms (cache miss)
4048 http fetch GET 200 https://registry.npmjs.org/dotenv/-/dotenv-16.6.1.tgz 2285ms (cache miss)
4049 http fetch GET 200 https://registry.npmjs.org/node-fetch-native/-/node-fetch-native-1.6.7.tgz 2332ms (cache miss)
4050 http fetch GET 200 https://registry.npmjs.org/chokidar/-/chokidar-4.0.3.tgz 2322ms (cache miss)
4051 http fetch GET 200 https://registry.npmjs.org/picocolors/-/picocolors-1.1.1.tgz 2432ms (cache miss)
4052 http fetch GET 200 https://registry.npmjs.org/nanoid/-/nanoid-3.3.16.tgz 2432ms (cache miss)
4053 http fetch GET 200 https://registry.npmjs.org/c12/-/c12-3.1.0.tgz 2436ms (cache miss)
4054 http fetch GET 200 https://registry.npmjs.org/@prisma/engines-version/-/engines-version-7.1.1-3.c2990dca591cba766e3b7ef5d9e8a84796e47ab7.tgz 2459ms (cache miss)
4055 http fetch GET 200 https://registry.npmjs.org/confbox/-/confbox-0.2.4.tgz 2466ms (cache miss)
4056 http fetch GET 200 https://registry.npmjs.org/@prisma/config/-/config-6.19.3.tgz 2480ms (cache miss)
4057 http fetch GET 200 https://registry.npmjs.org/deepmerge-ts/-/deepmerge-ts-7.1.5.tgz 2539ms (cache miss)
4058 http fetch GET 200 https://registry.npmjs.org/@prisma/debug/-/debug-6.19.3.tgz 2587ms (cache miss)
4059 http fetch GET 200 https://registry.npmjs.org/callsites/-/callsites-3.1.0.tgz 2658ms (cache miss)
4060 http fetch GET 200 https://registry.npmjs.org/p-limit/-/p-limit-3.1.0.tgz 2667ms (cache miss)
4061 http fetch GET 200 https://registry.npmjs.org/yocto-queue/-/yocto-queue-0.1.0.tgz 2670ms (cache miss)
4062 http fetch GET 200 https://registry.npmjs.org/deep-is/-/deep-is-0.1.4.tgz 2678ms (cache miss)
4063 http fetch GET 200 https://registry.npmjs.org/word-wrap/-/word-wrap-1.2.5.tgz 2681ms (cache miss)
4064 http fetch GET 200 https://registry.npmjs.org/fast-levenshtein/-/fast-levenshtein-2.0.6.tgz 2692ms (cache miss)
4065 http fetch GET 200 https://registry.npmjs.org/source-map-js/-/source-map-js-1.2.1.tgz 2753ms (cache miss)
4066 http fetch GET 200 https://registry.npmjs.org/concat-map/-/concat-map-0.0.1.tgz 2778ms (cache miss)
4067 http fetch GET 200 https://registry.npmjs.org/to-regex-range/-/to-regex-range-5.0.1.tgz 2795ms (cache miss)
4068 http fetch GET 200 https://registry.npmjs.org/fill-range/-/fill-range-7.1.1.tgz 2795ms (cache miss)
4069 http fetch GET 200 https://registry.npmjs.org/brace-expansion/-/brace-expansion-1.1.18.tgz 2818ms (cache miss)
4070 http fetch GET 200 https://registry.npmjs.org/balanced-match/-/balanced-match-1.0.2.tgz 2824ms (cache miss)
4071 http fetch GET 200 https://registry.npmjs.org/@next/env/-/env-15.5.22.tgz 2830ms (cache miss)
4072 http fetch GET 200 https://registry.npmjs.org/tslib/-/tslib-2.8.1.tgz 2904ms (cache miss)
4073 http fetch GET 200 https://registry.npmjs.org/@prisma/engines/-/engines-6.19.3.tgz 2931ms (cache miss)
4074 http fetch GET 200 https://registry.npmjs.org/jiti/-/jiti-2.7.0.tgz 2954ms (cache miss)
4075 http fetch GET 200 https://registry.npmjs.org/picomatch/-/picomatch-2.3.2.tgz 2956ms (cache miss)
4076 http fetch GET 200 https://registry.npmjs.org/p-locate/-/p-locate-5.0.0.tgz 2974ms (cache miss)
4077 http fetch GET 200 https://registry.npmjs.org/type-check/-/type-check-0.4.0.tgz 3006ms (cache miss)
4078 http fetch GET 200 https://registry.npmjs.org/set-function-name/-/set-function-name-2.0.2.tgz 3026ms (cache miss)
4079 http fetch GET 200 https://registry.npmjs.org/json-buffer/-/json-buffer-3.0.1.tgz 3030ms (cache miss)
4080 http fetch GET 200 https://registry.npmjs.org/is-extglob/-/is-extglob-2.1.1.tgz 3031ms (cache miss)
4081 http fetch GET 200 https://registry.npmjs.org/side-channel/-/side-channel-1.1.1.tgz 3065ms (cache miss)
4082 http fetch GET 200 https://registry.npmjs.org/resolve-pkg-maps/-/resolve-pkg-maps-1.0.0.tgz 3161ms (cache miss)
4083 http fetch GET 200 https://registry.npmjs.org/resolve-from/-/resolve-from-4.0.0.tgz 3168ms (cache miss)
4084 http fetch GET 200 https://registry.npmjs.org/parent-module/-/parent-module-1.0.1.tgz 3182ms (cache miss)
4085 http fetch GET 200 https://registry.npmjs.org/functions-have-names/-/functions-have-names-1.2.3.tgz 3183ms (cache miss)
4086 http fetch GET 200 https://registry.npmjs.org/dunder-proto/-/dunder-proto-1.0.1.tgz 3201ms (cache miss)
4087 http fetch GET 200 https://registry.npmjs.org/is-document.all/-/is-document.all-1.0.0.tgz 3216ms (cache miss)
4088 http fetch GET 200 https://registry.npmjs.org/braces/-/braces-3.0.3.tgz 3250ms (cache miss)
4089 http fetch GET 200 https://registry.npmjs.org/argparse/-/argparse-2.0.1.tgz 3279ms (cache miss)
4090 http fetch GET 200 https://registry.npmjs.org/run-parallel/-/run-parallel-1.2.0.tgz 3316ms (cache miss)
4091 http fetch GET 200 https://registry.npmjs.org/path-exists/-/path-exists-4.0.0.tgz 3319ms (cache miss)
4092 http fetch GET 200 https://registry.npmjs.org/keyv/-/keyv-4.5.4.tgz 3329ms (cache miss)
4093 http fetch GET 200 https://registry.npmjs.org/@nodelib/fs.scandir/-/fs.scandir-2.1.5.tgz 3342ms (cache miss)
4094 http fetch GET 200 https://registry.npmjs.org/flat-cache/-/flat-cache-4.0.1.tgz 3349ms (cache miss)
4095 http fetch GET 200 https://registry.npmjs.org/styled-jsx/-/styled-jsx-5.1.6.tgz 3382ms (cache miss)
4096 http fetch GET 200 https://registry.npmjs.org/locate-path/-/locate-path-6.0.0.tgz 3379ms (cache miss)
4097 http fetch GET 200 https://registry.npmjs.org/prelude-ls/-/prelude-ls-1.2.1.tgz 3387ms (cache miss)
4098 http fetch GET 200 https://registry.npmjs.org/@prisma/get-platform/-/get-platform-6.19.3.tgz 3415ms (cache miss)
4099 http fetch GET 200 https://registry.npmjs.org/merge2/-/merge2-1.4.1.tgz 3394ms (cache miss)
4100 http fetch GET 200 https://registry.npmjs.org/@nodelib/fs.walk/-/fs.walk-1.2.8.tgz 3404ms (cache miss)
4101 http fetch GET 200 https://registry.npmjs.org/@nodelib/fs.stat/-/fs.stat-2.0.5.tgz 3440ms (cache miss)
4102 http fetch GET 200 https://registry.npmjs.org/micromatch/-/micromatch-4.0.8.tgz 3468ms (cache miss)
4103 http fetch GET 200 https://registry.npmjs.org/iterator.prototype/-/iterator.prototype-1.1.5.tgz 3478ms (cache miss)
4104 http fetch GET 200 https://registry.npmjs.org/esrecurse/-/esrecurse-4.3.0.tgz 3486ms (cache miss)
4105 http fetch GET 200 https://registry.npmjs.org/string.prototype.matchall/-/string.prototype.matchall-4.0.12.tgz 3487ms (cache miss)
4106 http fetch GET 200 https://registry.npmjs.org/estraverse/-/estraverse-5.3.0.tgz 3544ms (cache miss)
4107 http fetch GET 200 https://registry.npmjs.org/acorn-jsx/-/acorn-jsx-5.3.2.tgz 3559ms (cache miss)
4108 http fetch GET 200 https://registry.npmjs.org/string.prototype.includes/-/string.prototype.includes-2.0.1.tgz 3580ms (cache miss)
4109 http fetch GET 200 https://registry.npmjs.org/array.prototype.tosorted/-/array.prototype.tosorted-1.1.4.tgz 3582ms (cache miss)
4110 http fetch GET 200 https://registry.npmjs.org/damerau-levenshtein/-/damerau-levenshtein-1.0.8.tgz 3616ms (cache miss)
4111 http fetch GET 200 https://registry.npmjs.org/is-symbol/-/is-symbol-1.1.1.tgz 3653ms (cache miss)
4112 http fetch GET 200 https://registry.npmjs.org/ast-types-flow/-/ast-types-flow-0.0.8.tgz 3671ms (cache miss)
4113 http fetch GET 200 https://registry.npmjs.org/es-abstract-get/-/es-abstract-get-1.0.0.tgz 3678ms (cache miss)
4114 http fetch GET 200 https://registry.npmjs.org/is-date-object/-/is-date-object-1.1.0.tgz 3684ms (cache miss)
4115 http fetch GET 200 https://registry.npmjs.org/has-tostringtag/-/has-tostringtag-1.0.2.tgz 3684ms (cache miss)
4116 http fetch GET 200 https://registry.npmjs.org/language-tags/-/language-tags-1.0.9.tgz 3736ms (cache miss)
4117 http fetch GET 200 https://registry.npmjs.org/unbox-primitive/-/unbox-primitive-1.1.0.tgz 3722ms (cache miss)
4118 http fetch GET 200 https://registry.npmjs.org/typed-array-byte-offset/-/typed-array-byte-offset-1.0.4.tgz 3744ms (cache miss)
4119 http fetch GET 200 https://registry.npmjs.org/typed-array-byte-length/-/typed-array-byte-length-1.0.3.tgz 3756ms (cache miss)
4120 http fetch GET 200 https://registry.npmjs.org/stop-iteration-iterator/-/stop-iteration-iterator-1.1.0.tgz 3762ms (cache miss)
4121 http fetch GET 200 https://registry.npmjs.org/string.prototype.trim/-/string.prototype.trim-1.2.11.tgz 3765ms (cache miss)
4122 http fetch GET 200 https://registry.npmjs.org/typed-array-buffer/-/typed-array-buffer-1.0.3.tgz 3765ms (cache miss)
4123 http fetch GET 200 https://registry.npmjs.org/string.prototype.trimstart/-/string.prototype.trimstart-1.0.8.tgz 3783ms (cache miss)
4124 http fetch GET 200 https://registry.npmjs.org/set-proto/-/set-proto-1.0.0.tgz 3861ms (cache miss)
4125 http fetch GET 200 https://registry.npmjs.org/safe-push-apply/-/safe-push-apply-1.0.0.tgz 3864ms (cache miss)
4126 http fetch GET 200 https://registry.npmjs.org/safe-regex-test/-/safe-regex-test-1.1.0.tgz 3873ms (cache miss)
4127 http fetch GET 200 https://registry.npmjs.org/own-keys/-/own-keys-1.0.2.tgz 3918ms (cache miss)
4128 http fetch GET 200 https://registry.npmjs.org/regexp.prototype.flags/-/regexp.prototype.flags-1.5.4.tgz 3934ms (cache miss)
4129 http fetch GET 200 https://registry.npmjs.org/is-weakref/-/is-weakref-1.1.1.tgz 3939ms (cache miss)
4130 http fetch GET 200 https://registry.npmjs.org/is-typed-array/-/is-typed-array-1.1.15.tgz 3961ms (cache miss)
4131 http fetch GET 200 https://registry.npmjs.org/fastq/-/fastq-1.20.1.tgz 4081ms (cache miss)
4132 http fetch GET 200 https://registry.npmjs.org/reusify/-/reusify-1.1.0.tgz 4099ms (cache miss)
4133 http fetch GET 200 https://registry.npmjs.org/is-set/-/is-set-2.0.3.tgz 4076ms (cache miss)
4134 http fetch GET 200 https://registry.npmjs.org/is-shared-array-buffer/-/is-shared-array-buffer-1.0.4.tgz 4090ms (cache miss)
4135 http fetch GET 200 https://registry.npmjs.org/possible-typed-array-names/-/possible-typed-array-names-1.1.0.tgz 4110ms (cache miss)
4136 http fetch GET 200 https://registry.npmjs.org/is-callable/-/is-callable-1.2.7.tgz 4111ms (cache miss)
4137 http fetch GET 200 https://registry.npmjs.org/prop-types/-/prop-types-15.8.1.tgz 4150ms (cache miss)
4138 http fetch GET 200 https://registry.npmjs.org/globalthis/-/globalthis-1.0.4.tgz 4154ms (cache miss)
4139 http fetch GET 200 https://registry.npmjs.org/is-array-buffer/-/is-array-buffer-3.0.5.tgz 4157ms (cache miss)
4140 http fetch GET 200 https://registry.npmjs.org/has-proto/-/has-proto-1.2.0.tgz 4164ms (cache miss)
4141 http fetch GET 200 https://registry.npmjs.org/is-data-view/-/is-data-view-1.0.2.tgz 4185ms (cache miss)
4142 http fetch GET 200 https://registry.npmjs.org/string.prototype.repeat/-/string.prototype.repeat-1.0.0.tgz 4246ms (cache miss)
4143 http fetch GET 200 https://registry.npmjs.org/data-view-byte-offset/-/data-view-byte-offset-1.0.1.tgz 4272ms (cache miss)
4144 http fetch GET 200 https://registry.npmjs.org/has-symbols/-/has-symbols-1.1.0.tgz 4284ms (cache miss)
4145 http fetch GET 200 https://registry.npmjs.org/data-view-byte-length/-/data-view-byte-length-1.0.2.tgz 4286ms (cache miss)
4146 http fetch GET 200 https://registry.npmjs.org/get-proto/-/get-proto-1.0.1.tgz 4307ms (cache miss)
4147 http fetch GET 200 https://registry.npmjs.org/array-buffer-byte-length/-/array-buffer-byte-length-1.0.2.tgz 4318ms (cache miss)
4148 http fetch GET 200 https://registry.npmjs.org/data-view-buffer/-/data-view-buffer-1.0.2.tgz 4323ms (cache miss)
4149 http fetch GET 200 https://registry.npmjs.org/es-set-tostringtag/-/es-set-tostringtag-2.1.0.tgz 4348ms (cache miss)
4150 http fetch GET 200 https://registry.npmjs.org/arraybuffer.prototype.slice/-/arraybuffer.prototype.slice-1.0.4.tgz 4355ms (cache miss)
4151 http fetch GET 200 https://registry.npmjs.org/flatted/-/flatted-3.4.4.tgz 4409ms (cache miss)
4152 http fetch GET 200 https://registry.npmjs.org/es-to-primitive/-/es-to-primitive-1.3.4.tgz 4370ms (cache miss)
4153 http fetch GET 200 https://registry.npmjs.org/available-typed-arrays/-/available-typed-arrays-1.0.7.tgz 4387ms (cache miss)
4154 http fetch GET 200 https://registry.npmjs.org/get-symbol-description/-/get-symbol-description-1.1.0.tgz 4388ms (cache miss)
4155 http fetch GET 200 https://registry.npmjs.org/object-keys/-/object-keys-1.1.1.tgz 4389ms (cache miss)
4156 http fetch GET 200 https://registry.npmjs.org/gopd/-/gopd-1.2.0.tgz 4403ms (cache miss)
4157 http fetch GET 200 https://registry.npmjs.org/function.prototype.name/-/function.prototype.name-1.2.0.tgz 4406ms (cache miss)
4158 http fetch GET 200 https://registry.npmjs.org/typed-array-length/-/typed-array-length-1.0.8.tgz 4432ms (cache miss)
4159 http fetch GET 200 https://registry.npmjs.org/define-data-property/-/define-data-property-1.1.4.tgz 4412ms (cache miss)
4160 http fetch GET 200 https://registry.npmjs.org/has-property-descriptors/-/has-property-descriptors-1.0.2.tgz 4416ms (cache miss)
4161 http fetch GET 200 https://registry.npmjs.org/set-function-length/-/set-function-length-1.2.2.tgz 4424ms (cache miss)
4162 http fetch GET 200 https://registry.npmjs.org/es-define-property/-/es-define-property-1.0.1.tgz 4436ms (cache miss)
4163 http fetch GET 200 https://registry.npmjs.org/function-bind/-/function-bind-1.1.2.tgz 4438ms (cache miss)
4164 http fetch GET 200 https://registry.npmjs.org/es-object-atoms/-/es-object-atoms-1.1.2.tgz 4498ms (cache miss)
4165 http fetch GET 200 https://registry.npmjs.org/define-properties/-/define-properties-1.2.1.tgz 4500ms (cache miss)
4166 http fetch GET 200 https://registry.npmjs.org/math-intrinsics/-/math-intrinsics-1.1.0.tgz 4523ms (cache miss)
4167 http fetch GET 200 https://registry.npmjs.org/call-bound/-/call-bound-1.0.4.tgz 4548ms (cache miss)
4168 http fetch GET 200 https://registry.npmjs.org/call-bind/-/call-bind-1.0.9.tgz 4552ms (cache miss)
4169 http fetch GET 200 https://registry.npmjs.org/es-shim-unscopables/-/es-shim-unscopables-1.1.0.tgz 4575ms (cache miss)
4170 http fetch GET 200 https://registry.npmjs.org/object.values/-/object.values-1.2.1.tgz 4595ms (cache miss)
4171 http fetch GET 200 https://registry.npmjs.org/object.groupby/-/object.groupby-1.0.3.tgz 4596ms (cache miss)
4172 http fetch GET 200 https://registry.npmjs.org/object.fromentries/-/object.fromentries-2.0.8.tgz 4598ms (cache miss)
4173 http fetch GET 200 https://registry.npmjs.org/array.prototype.findlastindex/-/array.prototype.findlastindex-1.2.6.tgz 4660ms (cache miss)
4174 http fetch GET 200 https://registry.npmjs.org/array.prototype.flatmap/-/array.prototype.flatmap-1.3.3.tgz 4663ms (cache miss)
4175 http fetch GET 200 https://registry.npmjs.org/@rtsao/scc/-/scc-1.1.0.tgz 4673ms (cache miss)
4176 http fetch GET 200 https://registry.npmjs.org/stable-hash/-/stable-hash-0.0.5.tgz 4678ms (cache miss)
4177 http fetch GET 200 https://registry.npmjs.org/hasown/-/hasown-2.0.4.tgz 4686ms (cache miss)
4178 http fetch GET 200 https://registry.npmjs.org/which-typed-array/-/which-typed-array-1.1.22.tgz 4754ms (cache miss)
4179 http fetch GET 200 https://registry.npmjs.org/array.prototype.flat/-/array.prototype.flat-1.3.3.tgz 4729ms (cache miss)
4180 http fetch GET 200 https://registry.npmjs.org/safe-array-concat/-/safe-array-concat-1.1.4.tgz 4800ms (cache miss)
4181 http fetch GET 200 https://registry.npmjs.org/tinyglobby/-/tinyglobby-0.2.17.tgz 4771ms (cache miss)
4182 http fetch GET 200 https://registry.npmjs.org/@typescript-eslint/tsconfig-utils/-/tsconfig-utils-8.65.0.tgz 4776ms (cache miss)
4183 http fetch GET 200 https://registry.npmjs.org/@typescript-eslint/project-service/-/project-service-8.65.0.tgz 4793ms (cache miss)
4184 http fetch GET 200 https://registry.npmjs.org/array-includes/-/array-includes-3.1.9.tgz 4801ms (cache miss)
4185 http fetch GET 200 https://registry.npmjs.org/is-bun-module/-/is-bun-module-2.0.0.tgz 4823ms (cache miss)
4186 http fetch GET 200 https://registry.npmjs.org/@nolyfill/is-core-module/-/is-core-module-1.0.39.tgz 4882ms (cache miss)
4187 http fetch GET 200 https://registry.npmjs.org/array.prototype.findlast/-/array.prototype.findlast-1.2.5.tgz 4969ms (cache miss)
4188 http fetch GET 200 https://registry.npmjs.org/acorn/-/acorn-8.18.0.tgz 5036ms (cache miss)
4189 http fetch GET 200 https://registry.npmjs.org/@typescript-eslint/visitor-keys/-/visitor-keys-8.65.0.tgz 4975ms (cache miss)
4190 http fetch GET 200 https://registry.npmjs.org/is-regex/-/is-regex-1.2.1.tgz 5022ms (cache miss)
4191 http fetch GET 200 https://registry.npmjs.org/unrs-resolver/-/unrs-resolver-1.12.2.tgz 5009ms (cache miss)
4192 http fetch GET 200 https://registry.npmjs.org/emoji-regex/-/emoji-regex-9.2.2.tgz 5078ms (cache miss)
4193 http fetch GET 200 https://registry.npmjs.org/ms/-/ms-2.1.3.tgz 5040ms (cache miss)
4194 http fetch GET 200 https://registry.npmjs.org/eslint-import-resolver-node/-/eslint-import-resolver-node-0.3.10.tgz 5046ms (cache miss)
4195 http fetch GET 200 https://registry.npmjs.org/@typescript-eslint/parser/-/parser-8.65.0.tgz 5049ms (cache miss)
4196 http fetch GET 200 https://registry.npmjs.org/which/-/which-2.0.2.tgz 5081ms (cache miss)
4197 http fetch GET 200 https://registry.npmjs.org/object.entries/-/object.entries-1.1.9.tgz 5221ms (cache miss)
4198 http fetch GET 200 https://registry.npmjs.org/is-negative-zero/-/is-negative-zero-2.0.3.tgz 5227ms (cache miss)
4199 http fetch GET 200 https://registry.npmjs.org/shebang-command/-/shebang-command-2.0.0.tgz 5194ms (cache miss)
4200 http fetch GET 200 https://registry.npmjs.org/path-key/-/path-key-3.1.1.tgz 5200ms (cache miss)
4201 http fetch GET 200 https://registry.npmjs.org/get-intrinsic/-/get-intrinsic-1.3.0.tgz 5237ms (cache miss)
4202 http fetch GET 200 https://registry.npmjs.org/@prisma/fetch-engine/-/fetch-engine-6.19.3.tgz 5335ms (cache miss)
4203 http fetch GET 200 https://registry.npmjs.org/color-convert/-/color-convert-2.0.1.tgz 5246ms (cache miss)
4204 http fetch GET 200 https://registry.npmjs.org/color-name/-/color-name-1.1.4.tgz 5283ms (cache miss)
4205 http fetch GET 200 https://registry.npmjs.org/ansi-styles/-/ansi-styles-4.3.0.tgz 5291ms (cache miss)
4206 http fetch GET 200 https://registry.npmjs.org/internal-slot/-/internal-slot-1.1.0.tgz 5341ms (cache miss)
4207 http fetch GET 200 https://registry.npmjs.org/supports-color/-/supports-color-7.2.0.tgz 5303ms (cache miss)
4208 http fetch GET 200 https://registry.npmjs.org/json-schema-traverse/-/json-schema-traverse-0.4.1.tgz 5362ms (cache miss)
4209 http fetch GET 200 https://registry.npmjs.org/fast-json-stable-stringify/-/fast-json-stable-stringify-2.1.0.tgz 5372ms (cache miss)
4210 http fetch GET 200 https://registry.npmjs.org/levn/-/levn-0.4.1.tgz 5372ms (cache miss)
4211 http fetch GET 200 https://registry.npmjs.org/is-core-module/-/is-core-module-2.16.2.tgz 5390ms (cache miss)
4212 http fetch GET 200 https://registry.npmjs.org/is-string/-/is-string-1.1.1.tgz 5408ms (cache miss)
4213 http fetch GET 200 https://registry.npmjs.org/sharp/-/sharp-0.34.5.tgz 5489ms (cache miss)
4214 http fetch GET 200 https://registry.npmjs.org/strip-json-comments/-/strip-json-comments-3.1.1.tgz 5413ms (cache miss)
4215 http fetch GET 200 https://registry.npmjs.org/import-fresh/-/import-fresh-3.3.1.tgz 5460ms (cache miss)
4216 http fetch GET 200 https://registry.npmjs.org/@humanfs/types/-/types-0.15.0.tgz 5472ms (cache miss)
4217 http fetch GET 200 https://registry.npmjs.org/@eslint/object-schema/-/object-schema-2.1.7.tgz 5470ms (cache miss)
4218 http fetch GET 200 https://registry.npmjs.org/@types/json-schema/-/json-schema-7.0.15.tgz 5474ms (cache miss)
4219 http fetch GET 200 https://registry.npmjs.org/doctrine/-/doctrine-2.1.0.tgz 5509ms (cache miss)
4220 http fetch GET 200 https://registry.npmjs.org/optionator/-/optionator-0.9.4.tgz 5509ms (cache miss)
4221 http fetch GET 200 https://registry.npmjs.org/natural-compare/-/natural-compare-1.4.0.tgz 5509ms (cache miss)
4222 http fetch GET 200 https://registry.npmjs.org/get-tsconfig/-/get-tsconfig-4.14.0.tgz 5539ms (cache miss)
4223 http fetch GET 200 https://registry.npmjs.org/minimatch/-/minimatch-3.1.5.tgz 5516ms (cache miss)
4224 http fetch GET 200 https://registry.npmjs.org/json-stable-stringify-without-jsonify/-/json-stable-stringify-without-jsonify-1.0.1.tgz 5534ms (cache miss)
4225 http fetch GET 200 https://registry.npmjs.org/is-glob/-/is-glob-4.0.3.tgz 5590ms (cache miss)
4226 http fetch GET 200 https://registry.npmjs.org/fast-deep-equal/-/fast-deep-equal-3.1.3.tgz 5605ms (cache miss)
4227 http fetch GET 200 https://registry.npmjs.org/imurmurhash/-/imurmurhash-0.1.4.tgz 5622ms (cache miss)
4228 http fetch GET 200 https://registry.npmjs.org/find-up/-/find-up-5.0.0.tgz 5623ms (cache miss)
4229 http fetch GET 200 https://registry.npmjs.org/file-entry-cache/-/file-entry-cache-8.0.0.tgz 5625ms (cache miss)
4230 http fetch GET 200 https://registry.npmjs.org/glob-parent/-/glob-parent-6.0.2.tgz 5630ms (cache miss)
4231 http fetch GET 200 https://registry.npmjs.org/eslint-import-resolver-typescript/-/eslint-import-resolver-typescript-3.10.1.tgz 5662ms (cache miss)
4232 http fetch GET 200 https://registry.npmjs.org/debug/-/debug-4.4.3.tgz 5718ms (cache miss)
4233 http fetch GET 200 https://registry.npmjs.org/@types/estree/-/estree-1.0.9.tgz 5768ms (cache miss)
4234 http fetch GET 200 https://registry.npmjs.org/@humanwhocodes/retry/-/retry-0.4.3.tgz 5783ms (cache miss)
4235 http fetch GET 200 https://registry.npmjs.org/eslint-visitor-keys/-/eslint-visitor-keys-4.2.1.tgz 5790ms (cache miss)
4236 http fetch GET 200 https://registry.npmjs.org/cross-spawn/-/cross-spawn-7.0.6.tgz 5948ms (cache miss)
4237 http fetch GET 200 https://registry.npmjs.org/globals/-/globals-14.0.0.tgz 5978ms (cache miss)
4238 http fetch GET 200 https://registry.npmjs.org/chalk/-/chalk-4.1.2.tgz 5983ms (cache miss)
4239 http fetch GET 200 https://registry.npmjs.org/eslint-plugin-react-hooks/-/eslint-plugin-react-hooks-5.2.0.tgz 6021ms (cache miss)
4240 http fetch GET 200 https://registry.npmjs.org/ts-api-utils/-/ts-api-utils-2.5.0.tgz 6027ms (cache miss)
4241 http fetch GET 200 https://registry.npmjs.org/@humanwhocodes/module-importer/-/module-importer-1.0.1.tgz 6134ms (cache miss)
4242 http fetch GET 200 https://registry.npmjs.org/@eslint/js/-/js-9.39.5.tgz 6143ms (cache miss)
4243 http fetch GET 200 https://registry.npmjs.org/ignore/-/ignore-5.3.2.tgz 6187ms (cache miss)
4244 http fetch GET 200 https://registry.npmjs.org/@humanfs/node/-/node-0.16.8.tgz 6213ms (cache miss)
4245 http fetch GET 200 https://registry.npmjs.org/string.prototype.trimend/-/string.prototype.trimend-1.0.10.tgz 6305ms (cache miss)
4246 http fetch GET 200 https://registry.npmjs.org/@eslint/config-helpers/-/config-helpers-0.4.2.tgz 6278ms (cache miss)
4247 http fetch GET 200 https://registry.npmjs.org/esutils/-/esutils-2.0.3.tgz 6316ms (cache miss)
4248 http fetch GET 200 https://registry.npmjs.org/escape-string-regexp/-/escape-string-regexp-4.0.0.tgz 6341ms (cache miss)
4249 http fetch GET 200 https://registry.npmjs.org/object.assign/-/object.assign-4.1.7.tgz 6430ms (cache miss)
4250 http fetch GET 200 https://registry.npmjs.org/call-bind-apply-helpers/-/call-bind-apply-helpers-1.0.2.tgz 6457ms (cache miss)
4251 http fetch GET 200 https://registry.npmjs.org/@eslint/core/-/core-0.17.0.tgz 6427ms (cache miss)
4252 http fetch GET 200 https://registry.npmjs.org/@typescript-eslint/types/-/types-8.65.0.tgz 6491ms (cache miss)
4253 http fetch GET 200 https://registry.npmjs.org/es-errors/-/es-errors-1.3.0.tgz 6516ms (cache miss)
4254 http fetch GET 200 https://registry.npmjs.org/language-subtag-registry/-/language-subtag-registry-0.3.23.tgz 6657ms (cache miss)
4255 http fetch GET 200 https://registry.npmjs.org/espree/-/espree-10.4.0.tgz 6570ms (cache miss)
4256 http fetch GET 200 https://registry.npmjs.org/@humanfs/core/-/core-0.19.2.tgz 6588ms (cache miss)
4257 http fetch GET 200 https://registry.npmjs.org/@eslint-community/regexpp/-/regexpp-4.12.2.tgz 6821ms (cache miss)
4258 http fetch GET 200 https://registry.npmjs.org/@eslint/plugin-kit/-/plugin-kit-0.4.1.tgz 6847ms (cache miss)
4259 http fetch GET 200 https://registry.npmjs.org/@eslint-community/eslint-utils/-/eslint-utils-4.10.1.tgz 6860ms (cache miss)
4260 http fetch GET 200 https://registry.npmjs.org/eslint-module-utils/-/eslint-module-utils-2.14.0.tgz 7021ms (cache miss)
4261 http fetch GET 200 https://registry.npmjs.org/eslint-scope/-/eslint-scope-8.4.0.tgz 7014ms (cache miss)
4262 http fetch GET 200 https://registry.npmjs.org/eslint-config-next/-/eslint-config-next-15.5.22.tgz 7165ms (cache miss)
4263 http fetch GET 200 https://registry.npmjs.org/object-inspect/-/object-inspect-1.13.4.tgz 7337ms (cache miss)
4264 http fetch GET 200 https://registry.npmjs.org/@eslint/config-array/-/config-array-0.21.2.tgz 7410ms (cache miss)
4265 http fetch GET 200 https://registry.npmjs.org/esquery/-/esquery-1.7.0.tgz 7430ms (cache miss)
4266 http fetch GET 200 https://registry.npmjs.org/clsx/-/clsx-2.1.1.tgz 7416ms (cache miss)
4267 http fetch GET 200 https://registry.npmjs.org/@types/react-dom/-/react-dom-19.2.4.tgz 7634ms (cache miss)
4268 http fetch GET 200 https://registry.npmjs.org/pure-rand/-/pure-rand-6.1.0.tgz 7834ms (cache miss)
4269 http fetch GET 200 https://registry.npmjs.org/undici-types/-/undici-types-6.21.0.tgz 7777ms (cache miss)
4270 http fetch GET 200 https://registry.npmjs.org/bcryptjs/-/bcryptjs-3.0.3.tgz 7894ms (cache miss)
4271 http fetch GET 200 https://registry.npmjs.org/@types/bcryptjs/-/bcryptjs-2.4.6.tgz 7973ms (cache miss)
4272 http fetch GET 200 https://registry.npmjs.org/react/-/react-19.2.8.tgz 8175ms (cache miss)
4273 http fetch GET 200 https://registry.npmjs.org/js-tokens/-/js-tokens-9.0.1.tgz 8173ms (cache miss)
4274 http fetch GET 200 https://registry.npmjs.org/@types/react/-/react-19.2.18.tgz 8294ms (cache miss)
4275 http fetch GET 200 https://registry.npmjs.org/@typescript-eslint/type-utils/-/type-utils-8.65.0.tgz 8350ms (cache miss)
4276 http fetch GET 200 https://registry.npmjs.org/tailwind-merge/-/tailwind-merge-2.6.1.tgz 8332ms (cache miss)
4277 http fetch GET 200 https://registry.npmjs.org/@eslint/eslintrc/-/eslintrc-3.3.6.tgz 8357ms (cache miss)
4278 http fetch GET 200 https://registry.npmjs.org/axe-core/-/axe-core-4.12.1.tgz 8448ms (cache miss)
4279 http fetch GET 200 https://registry.npmjs.org/semver/-/semver-7.8.5.tgz 8474ms (cache miss)
4280 http fetch GET 200 https://registry.npmjs.org/fdir/-/fdir-6.5.0.tgz 8468ms (cache miss)
4281 http fetch GET 200 https://registry.npmjs.org/js-yaml/-/js-yaml-4.3.0.tgz 8522ms (cache miss)
4282 http fetch GET 200 https://registry.npmjs.org/picomatch/-/picomatch-4.0.5.tgz 8531ms (cache miss)
4283 http fetch GET 200 https://registry.npmjs.org/citty/-/citty-0.2.2.tgz 8765ms (cache miss)
4284 http fetch GET 200 https://registry.npmjs.org/semver/-/semver-6.3.1.tgz 8916ms (cache miss)
4285 http fetch GET 200 https://registry.npmjs.org/debug/-/debug-3.2.7.tgz 9030ms (cache miss)
4286 http fetch GET 200 https://registry.npmjs.org/fdir/-/fdir-6.5.0.tgz 9032ms (cache miss)
4287 http fetch GET 200 https://registry.npmjs.org/brace-expansion/-/brace-expansion-5.0.9.tgz 9047ms (cache miss)
4288 http fetch GET 200 https://registry.npmjs.org/csstype/-/csstype-3.2.3.tgz 9090ms (cache miss)
4289 http fetch GET 200 https://registry.npmjs.org/balanced-match/-/balanced-match-4.0.4.tgz 9116ms (cache miss)
4290 http fetch GET 200 https://registry.npmjs.org/postcss/-/postcss-8.5.25.tgz 9132ms (cache miss)
4291 http fetch GET 200 https://registry.npmjs.org/glob-parent/-/glob-parent-5.1.2.tgz 9131ms (cache miss)
4292 http fetch GET 200 https://registry.npmjs.org/picomatch/-/picomatch-4.0.5.tgz 9151ms (cache miss)
4293 http fetch GET 200 https://registry.npmjs.org/uri-js/-/uri-js-4.4.1.tgz 9257ms (cache miss)
4294 http fetch GET 200 https://registry.npmjs.org/eslint-visitor-keys/-/eslint-visitor-keys-5.0.1.tgz 9237ms (cache miss)
4295 http fetch GET 200 https://registry.npmjs.org/fast-glob/-/fast-glob-3.3.1.tgz 9287ms (cache miss)
4296 http fetch GET 200 https://registry.npmjs.org/@next/eslint-plugin-next/-/eslint-plugin-next-15.5.22.tgz 9311ms (cache miss)
4297 http fetch GET 200 https://registry.npmjs.org/debug/-/debug-3.2.7.tgz 9518ms (cache miss)
4298 http fetch GET 200 https://registry.npmjs.org/debug/-/debug-3.2.7.tgz 9533ms (cache miss)
4299 http fetch GET 200 https://registry.npmjs.org/ignore/-/ignore-7.0.6.tgz 9555ms (cache miss)
4300 http fetch GET 200 https://registry.npmjs.org/semver/-/semver-6.3.1.tgz 9574ms (cache miss)
4301 http fetch GET 200 https://registry.npmjs.org/tinyexec/-/tinyexec-0.3.2.tgz 9638ms (cache miss)
4302 http fetch GET 200 https://registry.npmjs.org/readdirp/-/readdirp-3.6.0.tgz 9703ms (cache miss)
4303 http fetch GET 200 https://registry.npmjs.org/glob-parent/-/glob-parent-5.1.2.tgz 9730ms (cache miss)
4304 http fetch GET 200 https://registry.npmjs.org/glob-parent/-/glob-parent-5.1.2.tgz 9803ms (cache miss)
4305 http fetch GET 200 https://registry.npmjs.org/eslint-visitor-keys/-/eslint-visitor-keys-3.4.3.tgz 9813ms (cache miss)
4306 http fetch GET 200 https://registry.npmjs.org/tsconfig-paths/-/tsconfig-paths-3.15.0.tgz 9888ms (cache miss)
4307 http fetch GET 200 https://registry.npmjs.org/semver/-/semver-6.3.1.tgz 9834ms (cache miss)
4308 http fetch GET 200 https://registry.npmjs.org/picomatch/-/picomatch-4.0.5.tgz 9855ms (cache miss)
4309 http fetch GET 200 https://registry.npmjs.org/sucrase/-/sucrase-3.35.1.tgz 10105ms (cache miss)
4310 http fetch GET 200 https://registry.npmjs.org/lodash.merge/-/lodash.merge-4.6.2.tgz 10226ms (cache miss)
4311 http fetch GET 200 https://registry.npmjs.org/brace-expansion 10085ms (cache miss)
4312 silly packumentCache corgi:https://registry.npmjs.org/brace-expansion set size:undefined disposed:false
4313 http fetch GET 200 https://registry.npmjs.org/chokidar/-/chokidar-3.6.0.tgz 10342ms (cache miss)
4314 http fetch GET 200 https://registry.npmjs.org/@typescript-eslint/typescript-estree/-/typescript-estree-8.65.0.tgz 10502ms (cache miss)
4315 http fetch GET 200 https://registry.npmjs.org/sharp 10281ms (cache miss)
4316 silly packumentCache corgi:https://registry.npmjs.org/sharp set size:undefined disposed:false
4317 http fetch GET 200 https://registry.npmjs.org/postcss 10415ms (cache miss)
4318 silly packumentCache corgi:https://registry.npmjs.org/postcss set size:undefined disposed:false
4319 silly packumentCache corgi:https://registry.npmjs.org/next cache-miss
4320 http fetch GET 200 https://registry.npmjs.org/@typescript-eslint/utils/-/utils-8.65.0.tgz 10793ms (cache miss)
4321 http fetch GET 200 https://registry.npmjs.org/@types/node/-/node-22.20.1.tgz 10794ms (cache miss)
4322 http fetch GET 200 https://registry.npmjs.org/ajv/-/ajv-6.15.0.tgz 11265ms (cache miss)
4323 http fetch GET 200 https://registry.npmjs.org/jiti/-/jiti-1.21.7.tgz 11288ms (cache miss)
4324 http fetch GET 200 https://registry.npmjs.org/jsx-ast-utils/-/jsx-ast-utils-3.3.5.tgz 11425ms (cache miss)
4325 http fetch GET 200 https://registry.npmjs.org/react-dom/-/react-dom-19.2.8.tgz 11345ms (cache miss)
4326 http fetch GET 200 https://registry.npmjs.org/vitest/-/vitest-3.2.7.tgz 11516ms (cache miss)
4327 http fetch GET 200 https://registry.npmjs.org/es-iterator-helpers/-/es-iterator-helpers-1.4.0.tgz 11791ms (cache miss)
4328 http fetch GET 200 https://registry.npmjs.org/postcss/-/postcss-8.4.31.tgz 11711ms (cache miss)
4329 http fetch GET 200 https://registry.npmjs.org/resolve/-/resolve-2.0.0-next.7.tgz 11829ms (cache miss)
4330 http fetch GET 200 https://registry.npmjs.org/minimatch/-/minimatch-10.2.6.tgz 11801ms (cache miss)
4331 http fetch GET 200 https://registry.npmjs.org/fast-glob/-/fast-glob-3.3.3.tgz 12008ms (cache miss)
4332 http fetch GET 200 https://registry.npmjs.org/jose/-/jose-6.2.5.tgz 12210ms (cache miss)
4333 http fetch GET 200 https://registry.npmjs.org/@rushstack/eslint-patch/-/eslint-patch-1.16.1.tgz 12433ms (cache miss)
4334 http fetch GET 200 https://registry.npmjs.org/eslint-plugin-import/-/eslint-plugin-import-2.32.0.tgz 12437ms (cache miss)
4335 http fetch GET 200 https://registry.npmjs.org/resolve/-/resolve-1.22.12.tgz 12565ms (cache miss)
4336 http fetch GET 200 https://registry.npmjs.org/axobject-query/-/axobject-query-4.1.0.tgz 12967ms (cache miss)
4337 http fetch GET 200 https://registry.npmjs.org/resolve/-/resolve-1.22.12.tgz 12994ms (cache miss)
4338 http fetch GET 200 https://registry.npmjs.org/@esbuild/win32-x64/-/win32-x64-0.28.1.tgz 13504ms (cache miss)
4339 http fetch GET 200 https://registry.npmjs.org/aria-query/-/aria-query-5.3.2.tgz 14129ms (cache miss)
4340 http fetch GET 200 https://registry.npmjs.org/eslint-plugin-jsx-a11y/-/eslint-plugin-jsx-a11y-6.10.2.tgz 14884ms (cache miss)
4341 http fetch GET 200 https://registry.npmjs.org/@img/sharp-win32-x64/-/sharp-win32-x64-0.34.5.tgz 15351ms (cache miss)
4342 http fetch GET 200 https://registry.npmjs.org/tailwindcss/-/tailwindcss-3.4.19.tgz 15481ms (cache miss)
4343 http fetch GET 200 https://registry.npmjs.org/@swc/helpers/-/helpers-0.5.15.tgz 15799ms (cache miss)
4344 http fetch GET 200 https://registry.npmjs.org/next 5064ms (cache miss)
4345 silly packumentCache corgi:https://registry.npmjs.org/next set size:undefined disposed:false
4346 silly packumentCache corgi:https://registry.npmjs.org/minimatch cache-miss
4347 http fetch GET 200 https://registry.npmjs.org/typescript/-/typescript-5.9.3.tgz 16475ms (cache miss)
4348 http fetch GET 200 https://registry.npmjs.org/minimatch 429ms (cache miss)
4349 silly packumentCache corgi:https://registry.npmjs.org/minimatch set size:undefined disposed:false
4350 silly packumentCache corgi:https://registry.npmjs.org/eslint cache-miss
4351 silly packumentCache corgi:https://registry.npmjs.org/@eslint%2fconfig-array cache-miss
4352 silly packumentCache corgi:https://registry.npmjs.org/@eslint%2feslintrc cache-miss
4353 silly packumentCache corgi:https://registry.npmjs.org/eslint-plugin-import cache-miss
4354 silly packumentCache corgi:https://registry.npmjs.org/eslint-plugin-jsx-a11y cache-miss
4355 silly packumentCache corgi:https://registry.npmjs.org/eslint-plugin-react cache-miss
4356 http fetch GET 200 https://registry.npmjs.org/@typescript-eslint/scope-manager/-/scope-manager-8.65.0.tgz 17292ms (cache miss)
4357 http fetch GET 200 https://registry.npmjs.org/@eslint%2fconfig-array 216ms (cache miss)
4358 silly packumentCache corgi:https://registry.npmjs.org/@eslint%2fconfig-array set size:undefined disposed:false
4359 http fetch GET 200 https://registry.npmjs.org/@eslint%2feslintrc 244ms (cache miss)
4360 silly packumentCache corgi:https://registry.npmjs.org/@eslint%2feslintrc set size:undefined disposed:false
4361 http fetch GET 200 https://registry.npmjs.org/eslint-plugin-import 351ms (cache miss)
4362 silly packumentCache corgi:https://registry.npmjs.org/eslint-plugin-import set size:undefined disposed:false
4363 http fetch GET 200 https://registry.npmjs.org/eslint-plugin-react/-/eslint-plugin-react-7.37.5.tgz 17729ms (cache miss)
4364 http fetch GET 200 https://registry.npmjs.org/eslint-plugin-jsx-a11y 569ms (cache miss)
4365 silly packumentCache corgi:https://registry.npmjs.org/eslint-plugin-jsx-a11y set size:undefined disposed:false
4366 http fetch GET 200 https://registry.npmjs.org/eslint 788ms (cache miss)
4367 silly packumentCache corgi:https://registry.npmjs.org/eslint set size:undefined disposed:false
4368 http fetch GET 200 https://registry.npmjs.org/eslint-plugin-react 1396ms (cache miss)
4369 silly packumentCache corgi:https://registry.npmjs.org/eslint-plugin-react set size:undefined disposed:false
4370 http fetch GET 200 https://registry.npmjs.org/@typescript-eslint/eslint-plugin/-/eslint-plugin-8.65.0.tgz 18651ms (cache miss)
4371 silly packumentCache corgi:https://registry.npmjs.org/eslint-config-next cache-miss
4372 silly packumentCache corgi:https://registry.npmjs.org/eslint-import-resolver-typescript cache-miss
4373 http fetch GET 200 https://registry.npmjs.org/eslint-import-resolver-typescript 175ms (cache miss)
4374 silly packumentCache corgi:https://registry.npmjs.org/eslint-import-resolver-typescript set size:undefined disposed:false
4375 http fetch GET 200 https://registry.npmjs.org/eslint/-/eslint-9.39.5.tgz 18951ms (cache miss)
4376 http fetch GET 200 https://registry.npmjs.org/zod/-/zod-3.25.76.tgz 20221ms (cache miss)
4377 http fetch GET 200 https://registry.npmjs.org/eslint-config-next 2314ms (cache miss)
4378 silly packumentCache corgi:https://registry.npmjs.org/eslint-config-next set size:undefined disposed:false
4379 silly packumentCache corgi:https://registry.npmjs.org/@eslint-community%2feslint-utils cache-miss
4380 silly packumentCache corgi:https://registry.npmjs.org/@typescript-eslint%2feslint-plugin cache-miss
4381 silly packumentCache corgi:https://registry.npmjs.org/@typescript-eslint%2fparser cache-miss
4382 silly packumentCache corgi:https://registry.npmjs.org/eslint-plugin-react-hooks cache-miss
4383 silly packumentCache corgi:https://registry.npmjs.org/@typescript-eslint%2ftype-utils cache-miss
4384 silly packumentCache corgi:https://registry.npmjs.org/@typescript-eslint%2futils cache-miss
4385 http fetch GET 200 https://registry.npmjs.org/@eslint-community%2feslint-utils 504ms (cache miss)
4386 silly packumentCache corgi:https://registry.npmjs.org/@eslint-community%2feslint-utils set size:undefined disposed:false
4387 http fetch GET 200 https://registry.npmjs.org/eslint-plugin-react-hooks 5199ms (cache miss)
4388 silly packumentCache corgi:https://registry.npmjs.org/eslint-plugin-react-hooks set size:undefined disposed:false
4389 http fetch GET 200 https://registry.npmjs.org/@typescript-eslint%2ftype-utils 7229ms (cache miss)
4390 silly packumentCache corgi:https://registry.npmjs.org/@typescript-eslint%2ftype-utils set size:undefined disposed:false
4391 http fetch GET 200 https://registry.npmjs.org/@typescript-eslint%2futils 9109ms (cache miss)
4392 silly packumentCache corgi:https://registry.npmjs.org/@typescript-eslint%2futils set size:undefined disposed:false
4393 http fetch GET 200 https://registry.npmjs.org/caniuse-lite/-/caniuse-lite-1.0.30001806.tgz 32195ms (cache miss)
4394 http fetch GET 200 https://registry.npmjs.org/@typescript-eslint%2fparser 11255ms (cache miss)
4395 silly packumentCache corgi:https://registry.npmjs.org/@typescript-eslint%2fparser set size:undefined disposed:false
4396 http fetch GET 200 https://registry.npmjs.org/@typescript-eslint%2feslint-plugin 12017ms (cache miss)
4397 silly packumentCache corgi:https://registry.npmjs.org/@typescript-eslint%2feslint-plugin set size:undefined disposed:false
4398 http fetch GET 200 https://registry.npmjs.org/prisma/-/prisma-6.19.3.tgz 36145ms (cache miss)
4399 http fetch GET 200 https://registry.npmjs.org/fast-check/-/fast-check-3.23.2.tgz 55372ms (cache miss)
4400 http fetch GET 200 https://registry.npmjs.org/@prisma/client/-/client-6.19.3.tgz 58766ms (cache miss)
4401 http fetch GET 200 https://registry.npmjs.org/@next/swc-win32-x64-msvc/-/swc-win32-x64-msvc-15.5.22.tgz 59337ms (cache miss)
4402 http fetch GET 200 https://registry.npmjs.org/es-abstract/-/es-abstract-1.24.2.tgz 62098ms (cache miss)
4403 http fetch GET 200 https://registry.npmjs.org/effect/-/effect-3.21.0.tgz 63662ms (cache miss)
4404 http fetch GET 200 https://registry.npmjs.org/lucide-react/-/lucide-react-0.468.0.tgz 66126ms (cache miss)
4405 http fetch GET 200 https://registry.npmjs.org/next/-/next-15.5.22.tgz 79594ms (cache miss)
4406 info run prisma@6.19.3 preinstall node_modules/prisma node scripts/preinstall-entry.js
4407 info run prisma@6.19.3 preinstall { code: 0, signal: null }
4408 info run sharp@0.34.5 install node_modules/sharp node install/check.js || npm run build
4409 info run sharp@0.34.5 install { code: 0, signal: null }
4410 info run @prisma/client@6.19.3 postinstall node_modules/@prisma/client node scripts/postinstall.js
4411 info run @prisma/engines@6.19.3 postinstall node_modules/@prisma/engines node scripts/postinstall.js
4412 info run esbuild@0.28.1 postinstall node_modules/esbuild node install.js
4413 info run unrs-resolver@1.12.2 postinstall node_modules/unrs-resolver node postinstall.js
4414 info run unrs-resolver@1.12.2 postinstall { code: 0, signal: null }
4415 info run esbuild@0.28.1 postinstall { code: 0, signal: null }
4416 info run @prisma/engines@6.19.3 postinstall { code: 0, signal: null }
4417 info run @prisma/client@6.19.3 postinstall { code: 0, signal: null }
4418 silly ADD node_modules/binary-extensions
4419 silly ADD node_modules/is-binary-path
4420 silly ADD node_modules/anymatch
4421 silly ADD node_modules/stackback
4422 silly ADD node_modules/siginfo
4423 silly ADD node_modules/is-weakset
4424 silly ADD node_modules/is-weakmap
4425 silly ADD node_modules/is-map
4426 silly ADD node_modules/generator-function
4427 silly ADD node_modules/async-function
4428 silly ADD node_modules/which-collection
4429 silly ADD node_modules/is-generator-function
4430 silly ADD node_modules/is-finalizationregistry
4431 silly ADD node_modules/is-async-function
4432 silly ADD node_modules/is-number-object
4433 silly ADD node_modules/is-boolean-object
4434 silly ADD node_modules/is-bigint
4435 silly ADD node_modules/isexe
4436 silly ADD node_modules/es-module-lexer
4437 silly ADD node_modules/cac
4438 silly ADD node_modules/@rollup/rollup-win32-x64-msvc
4439 silly ADD node_modules/@rollup/rollup-win32-x64-gnu
4440 silly ADD node_modules/@esbuild/win32-x64
4441 silly ADD node_modules/rollup
4442 silly ADD node_modules/esbuild
4443 silly ADD node_modules/pathval
4444 silly ADD node_modules/deep-eql
4445 silly ADD node_modules/check-error
4446 silly ADD node_modules/loupe
4447 silly ADD node_modules/tinyspy
4448 silly ADD node_modules/strip-literal
4449 silly ADD node_modules/strip-literal/node_modules/js-tokens
4450 silly ADD node_modules/estree-walker
4451 silly ADD node_modules/assertion-error
4452 silly ADD node_modules/@types/deep-eql
4453 silly ADD node_modules/why-is-node-running
4454 silly ADD node_modules/vite-node
4455 silly ADD node_modules/vite
4456 silly ADD node_modules/vite/node_modules/picomatch
4457 silly ADD node_modules/vite/node_modules/fdir
4458 silly ADD node_modules/tinyrainbow
4459 silly ADD node_modules/tinypool
4460 silly ADD node_modules/tinybench
4461 silly ADD node_modules/std-env
4462 silly ADD node_modules/magic-string
4463 silly ADD node_modules/expect-type
4464 silly ADD node_modules/chai
4465 silly ADD node_modules/@vitest/utils
4466 silly ADD node_modules/@vitest/spy
4467 silly ADD node_modules/@vitest/snapshot
4468 silly ADD node_modules/@vitest/runner
4469 silly ADD node_modules/@vitest/pretty-format
4470 silly ADD node_modules/@vitest/mocker
4471 silly ADD node_modules/@vitest/expect
4472 silly ADD node_modules/@types/chai
4473 silly ADD node_modules/punycode
4474 silly ADD node_modules/napi-postinstall
4475 silly ADD node_modules/@unrs/resolver-binding-win32-x64-msvc
4476 silly ADD node_modules/which-boxed-primitive
4477 silly ADD node_modules/has-bigints
4478 silly ADD node_modules/which-builtin-type
4479 silly ADD node_modules/reflect.getprototypeof
4480 silly ADD node_modules/for-each
4481 silly ADD node_modules/strip-bom
4482 silly ADD node_modules/minimist
4483 silly ADD node_modules/json5
4484 silly ADD node_modules/@types/json5
4485 silly ADD node_modules/is-number
4486 silly ADD node_modules/thenify
4487 silly ADD node_modules/thenify-all
4488 silly ADD node_modules/any-promise
4489 silly ADD node_modules/@jridgewell/resolve-uri
4490 silly ADD node_modules/@jridgewell/trace-mapping
4491 silly ADD node_modules/@jridgewell/sourcemap-codec
4492 silly ADD node_modules/ts-interface-checker
4493 silly ADD node_modules/pirates
4494 silly ADD node_modules/mz
4495 silly ADD node_modules/lines-and-columns
4496 silly ADD node_modules/commander
4497 silly ADD node_modules/@jridgewell/gen-mapping
4498 silly ADD node_modules/pify
4499 silly ADD node_modules/util-deprecate
4500 silly ADD node_modules/cssesc
4501 silly ADD node_modules/camelcase-css
4502 silly ADD node_modules/read-cache
4503 silly ADD node_modules/postcss-value-parser
4504 silly ADD node_modules/sucrase
4505 silly ADD node_modules/postcss-selector-parser
4506 silly ADD node_modules/postcss-nested
4507 silly ADD node_modules/postcss-load-config
4508 silly ADD node_modules/postcss-js
4509 silly ADD node_modules/postcss-import
4510 silly ADD node_modules/postcss-import/node_modules/resolve
4511 silly ADD node_modules/object-hash
4512 silly ADD node_modules/normalize-path
4513 silly ADD node_modules/lilconfig
4514 silly ADD node_modules/dlv
4515 silly ADD node_modules/didyoumean
4516 silly ADD node_modules/arg
4517 silly ADD node_modules/@alloc/quick-lru
4518 silly ADD node_modules/has-flag
4519 silly ADD node_modules/client-only
4520 silly ADD node_modules/side-channel-weakmap
4521 silly ADD node_modules/side-channel-map
4522 silly ADD node_modules/side-channel-list
4523 silly ADD node_modules/shebang-regex
4524 silly ADD node_modules/@emnapi/runtime
4525 silly ADD node_modules/detect-libc
4526 silly ADD node_modules/@img/sharp-win32-x64
4527 silly ADD node_modules/@img/colour
4528 silly ADD node_modules/isarray
4529 silly ADD node_modules/queue-microtask
4530 silly ADD node_modules/supports-preserve-symlinks-flag
4531 silly ADD node_modules/path-parse
4532 silly ADD node_modules/node-exports-info
4533 silly ADD node_modules/node-exports-info/node_modules/semver
4534 silly ADD node_modules/scheduler
4535 silly ADD node_modules/destr
4536 silly ADD node_modules/js-tokens
4537 silly ADD node_modules/react-is
4538 silly ADD node_modules/object-assign
4539 silly ADD node_modules/loose-envify
4540 silly ADD node_modules/tinyexec
4541 silly ADD node_modules/nypm
4542 silly ADD node_modules/nypm/node_modules/citty
4543 silly ADD node_modules/node-fetch-native
4544 silly ADD node_modules/consola
4545 silly ADD node_modules/citty
4546 silly ADD node_modules/pure-rand
4547 silly ADD node_modules/fast-check
4548 silly ADD node_modules/@standard-schema/spec
4549 silly ADD node_modules/readdirp
4550 silly ADD node_modules/rc9
4551 silly ADD node_modules/pkg-types
4552 silly ADD node_modules/perfect-debounce
4553 silly ADD node_modules/pathe
4554 silly ADD node_modules/ohash
4555 silly ADD node_modules/jiti
4556 silly ADD node_modules/giget
4557 silly ADD node_modules/exsolve
4558 silly ADD node_modules/dotenv
4559 silly ADD node_modules/defu
4560 silly ADD node_modules/confbox
4561 silly ADD node_modules/chokidar
4562 silly ADD node_modules/@prisma/get-platform
4563 silly ADD node_modules/@prisma/fetch-engine
4564 silly ADD node_modules/@prisma/engines-version
4565 silly ADD node_modules/@prisma/debug
4566 silly ADD node_modules/empathic
4567 silly ADD node_modules/effect
4568 silly ADD node_modules/deepmerge-ts
4569 silly ADD node_modules/c12
4570 silly ADD node_modules/@prisma/engines
4571 silly ADD node_modules/@prisma/config
4572 silly ADD node_modules/source-map-js
4573 silly ADD node_modules/picocolors
4574 silly ADD node_modules/nanoid
4575 silly ADD node_modules/callsites
4576 silly ADD node_modules/yocto-queue
4577 silly ADD node_modules/p-limit
4578 silly ADD node_modules/word-wrap
4579 silly ADD node_modules/fast-levenshtein
4580 silly ADD node_modules/deep-is
4581 silly ADD node_modules/tslib
4582 silly ADD node_modules/styled-jsx
4583 silly ADD node_modules/sharp
4584 silly ADD node_modules/caniuse-lite
4585 silly ADD node_modules/@swc/helpers
4586 silly ADD node_modules/@next/swc-win32-x64-msvc
4587 silly ADD node_modules/@next/env
4588 silly ADD node_modules/concat-map
4589 silly ADD node_modules/balanced-match
4590 silly ADD node_modules/brace-expansion
4591 silly ADD node_modules/to-regex-range
4592 silly ADD node_modules/fill-range
4593 silly ADD node_modules/picomatch
4594 silly ADD node_modules/braces
4595 silly ADD node_modules/p-locate
4596 silly ADD node_modules/type-check
4597 silly ADD node_modules/prelude-ls
4598 silly ADD node_modules/language-subtag-registry
4599 silly ADD node_modules/json-buffer
4600 silly ADD node_modules/argparse
4601 silly ADD node_modules/set-function-name
4602 silly ADD node_modules/is-extglob
4603 silly ADD node_modules/side-channel
4604 silly ADD node_modules/resolve-from
4605 silly ADD node_modules/parent-module
4606 silly ADD node_modules/resolve-pkg-maps
4607 silly ADD node_modules/dunder-proto
4608 silly ADD node_modules/is-document.all
4609 silly ADD node_modules/functions-have-names
4610 silly ADD node_modules/keyv
4611 silly ADD node_modules/flatted
4612 silly ADD node_modules/path-exists
4613 silly ADD node_modules/locate-path
4614 silly ADD node_modules/flat-cache
4615 silly ADD node_modules/reusify
4616 silly ADD node_modules/run-parallel
4617 silly ADD node_modules/fastq
4618 silly ADD node_modules/@nodelib/fs.scandir
4619 silly ADD node_modules/micromatch
4620 silly ADD node_modules/merge2
4621 silly ADD node_modules/@nodelib/fs.walk
4622 silly ADD node_modules/@nodelib/fs.stat
4623 silly ADD node_modules/acorn-jsx
4624 silly ADD node_modules/acorn
4625 silly ADD node_modules/esrecurse
4626 silly ADD node_modules/iterator.prototype
4627 silly ADD node_modules/string.prototype.repeat
4628 silly ADD node_modules/string.prototype.matchall
4629 silly ADD node_modules/prop-types
4630 silly ADD node_modules/object.entries
4631 silly ADD node_modules/estraverse
4632 silly ADD node_modules/es-iterator-helpers
4633 silly ADD node_modules/array.prototype.tosorted
4634 silly ADD node_modules/array.prototype.findlast
4635 silly ADD node_modules/string.prototype.includes
4636 silly ADD node_modules/language-tags
4637 silly ADD node_modules/jsx-ast-utils
4638 silly ADD node_modules/emoji-regex
4639 silly ADD node_modules/damerau-levenshtein
4640 silly ADD node_modules/axobject-query
4641 silly ADD node_modules/axe-core
4642 silly ADD node_modules/ast-types-flow
4643 silly ADD node_modules/aria-query
4644 silly ADD node_modules/is-symbol
4645 silly ADD node_modules/is-date-object
4646 silly ADD node_modules/es-abstract-get
4647 silly ADD node_modules/has-tostringtag
4648 silly ADD node_modules/possible-typed-array-names
4649 silly ADD node_modules/which-typed-array
4650 silly ADD node_modules/unbox-primitive
4651 silly ADD node_modules/typed-array-length
4652 silly ADD node_modules/typed-array-byte-offset
4653 silly ADD node_modules/typed-array-byte-length
4654 silly ADD node_modules/typed-array-buffer
4655 silly ADD node_modules/string.prototype.trimstart
4656 silly ADD node_modules/string.prototype.trim
4657 silly ADD node_modules/stop-iteration-iterator
4658 silly ADD node_modules/set-proto
4659 silly ADD node_modules/safe-regex-test
4660 silly ADD node_modules/safe-push-apply
4661 silly ADD node_modules/safe-array-concat
4662 silly ADD node_modules/regexp.prototype.flags
4663 silly ADD node_modules/own-keys
4664 silly ADD node_modules/object.assign
4665 silly ADD node_modules/object-inspect
4666 silly ADD node_modules/is-weakref
4667 silly ADD node_modules/is-typed-array
4668 silly ADD node_modules/is-shared-array-buffer
4669 silly ADD node_modules/is-set
4670 silly ADD node_modules/is-regex
4671 silly ADD node_modules/is-negative-zero
4672 silly ADD node_modules/is-data-view
4673 silly ADD node_modules/is-callable
4674 silly ADD node_modules/is-array-buffer
4675 silly ADD node_modules/internal-slot
4676 silly ADD node_modules/has-symbols
4677 silly ADD node_modules/has-proto
4678 silly ADD node_modules/globalthis
4679 silly ADD node_modules/get-symbol-description
4680 silly ADD node_modules/get-proto
4681 silly ADD node_modules/function.prototype.name
4682 silly ADD node_modules/es-to-primitive
4683 silly ADD node_modules/es-set-tostringtag
4684 silly ADD node_modules/data-view-byte-offset
4685 silly ADD node_modules/data-view-byte-length
4686 silly ADD node_modules/data-view-buffer
4687 silly ADD node_modules/available-typed-arrays
4688 silly ADD node_modules/arraybuffer.prototype.slice
4689 silly ADD node_modules/array-buffer-byte-length
4690 silly ADD node_modules/gopd
4691 silly ADD node_modules/object-keys
4692 silly ADD node_modules/has-property-descriptors
4693 silly ADD node_modules/define-data-property
4694 silly ADD node_modules/function-bind
4695 silly ADD node_modules/set-function-length
4696 silly ADD node_modules/es-define-property
4697 silly ADD node_modules/call-bind-apply-helpers
4698 silly ADD node_modules/es-shim-unscopables
4699 silly ADD node_modules/es-errors
4700 silly ADD node_modules/math-intrinsics
4701 silly ADD node_modules/is-string
4702 silly ADD node_modules/get-intrinsic
4703 silly ADD node_modules/es-object-atoms
4704 silly ADD node_modules/es-abstract
4705 silly ADD node_modules/define-properties
4706 silly ADD node_modules/call-bound
4707 silly ADD node_modules/call-bind
4708 silly ADD node_modules/tsconfig-paths
4709 silly ADD node_modules/string.prototype.trimend
4710 silly ADD node_modules/object.values
4711 silly ADD node_modules/object.groupby
4712 silly ADD node_modules/object.fromentries
4713 silly ADD node_modules/hasown
4714 silly ADD node_modules/eslint-module-utils
4715 silly ADD node_modules/eslint-module-utils/node_modules/debug
4716 silly ADD node_modules/doctrine
4717 silly ADD node_modules/array.prototype.flatmap
4718 silly ADD node_modules/array.prototype.flat
4719 silly ADD node_modules/array.prototype.findlastindex
4720 silly ADD node_modules/array-includes
4721 silly ADD node_modules/@rtsao/scc
4722 silly ADD node_modules/unrs-resolver
4723 silly ADD node_modules/stable-hash
4724 silly ADD node_modules/is-bun-module
4725 silly ADD node_modules/get-tsconfig
4726 silly ADD node_modules/@nolyfill/is-core-module
4727 silly ADD node_modules/resolve
4728 silly ADD node_modules/is-core-module
4729 silly ADD node_modules/tinyglobby
4730 silly ADD node_modules/tinyglobby/node_modules/picomatch
4731 silly ADD node_modules/tinyglobby/node_modules/fdir
4732 silly ADD node_modules/semver
4733 silly ADD node_modules/@typescript-eslint/tsconfig-utils
4734 silly ADD node_modules/@typescript-eslint/project-service
4735 silly ADD node_modules/@typescript-eslint/typescript-estree
4736 silly ADD node_modules/@typescript-eslint/typescript-estree/node_modules/balanced-match
4737 silly ADD node_modules/@typescript-eslint/typescript-estree/node_modules/brace-expansion
4738 silly ADD node_modules/@typescript-eslint/typescript-estree/node_modules/minimatch
4739 silly ADD node_modules/@typescript-eslint/types
4740 silly ADD node_modules/ts-api-utils
4741 silly ADD node_modules/@typescript-eslint/visitor-keys
4742 silly ADD node_modules/@typescript-eslint/visitor-keys/node_modules/eslint-visitor-keys
4743 silly ADD node_modules/@typescript-eslint/utils
4744 silly ADD node_modules/@typescript-eslint/type-utils
4745 silly ADD node_modules/@typescript-eslint/scope-manager
4746 silly ADD node_modules/fast-glob
4747 silly ADD node_modules/fast-glob/node_modules/glob-parent
4748 silly ADD node_modules/eslint-plugin-react-hooks
4749 silly ADD node_modules/eslint-plugin-react
4750 silly ADD node_modules/eslint-plugin-react/node_modules/semver
4751 silly ADD node_modules/eslint-plugin-jsx-a11y
4752 silly ADD node_modules/eslint-plugin-import
4753 silly ADD node_modules/eslint-plugin-import/node_modules/semver
4754 silly ADD node_modules/eslint-plugin-import/node_modules/debug
4755 silly ADD node_modules/eslint-import-resolver-typescript
4756 silly ADD node_modules/eslint-import-resolver-node
4757 silly ADD node_modules/eslint-import-resolver-node/node_modules/debug
4758 silly ADD node_modules/@typescript-eslint/parser
4759 silly ADD node_modules/@typescript-eslint/eslint-plugin
4760 silly ADD node_modules/@typescript-eslint/eslint-plugin/node_modules/ignore
4761 silly ADD node_modules/@rushstack/eslint-patch
4762 silly ADD node_modules/@next/eslint-plugin-next
4763 silly ADD node_modules/ms
4764 silly ADD node_modules/which
4765 silly ADD node_modules/shebang-command
4766 silly ADD node_modules/path-key
4767 silly ADD node_modules/color-name
4768 silly ADD node_modules/color-convert
4769 silly ADD node_modules/supports-color
4770 silly ADD node_modules/ansi-styles
4771 silly ADD node_modules/uri-js
4772 silly ADD node_modules/json-schema-traverse
4773 silly ADD node_modules/fast-json-stable-stringify
4774 silly ADD node_modules/@humanfs/types
4775 silly ADD node_modules/@humanfs/core
4776 silly ADD node_modules/levn
4777 silly ADD node_modules/strip-json-comments
4778 silly ADD node_modules/js-yaml
4779 silly ADD node_modules/import-fresh
4780 silly ADD node_modules/globals
4781 silly ADD node_modules/@types/json-schema
4782 silly ADD node_modules/@eslint/object-schema
4783 silly ADD node_modules/optionator
4784 silly ADD node_modules/natural-compare
4785 silly ADD node_modules/minimatch
4786 silly ADD node_modules/lodash.merge
4787 silly ADD node_modules/json-stable-stringify-without-jsonify
4788 silly ADD node_modules/is-glob
4789 silly ADD node_modules/imurmurhash
4790 silly ADD node_modules/ignore
4791 silly ADD node_modules/glob-parent
4792 silly ADD node_modules/find-up
4793 silly ADD node_modules/file-entry-cache
4794 silly ADD node_modules/fast-deep-equal
4795 silly ADD node_modules/esutils
4796 silly ADD node_modules/esquery
4797 silly ADD node_modules/espree
4798 silly ADD node_modules/eslint-visitor-keys
4799 silly ADD node_modules/eslint-scope
4800 silly ADD node_modules/escape-string-regexp
4801 silly ADD node_modules/debug
4802 silly ADD node_modules/cross-spawn
4803 silly ADD node_modules/chalk
4804 silly ADD node_modules/ajv
4805 silly ADD node_modules/@types/estree
4806 silly ADD node_modules/@humanwhocodes/retry
4807 silly ADD node_modules/@humanwhocodes/module-importer
4808 silly ADD node_modules/@humanfs/node
4809 silly ADD node_modules/@eslint/plugin-kit
4810 silly ADD node_modules/@eslint/js
4811 silly ADD node_modules/@eslint/eslintrc
4812 silly ADD node_modules/@eslint/core
4813 silly ADD node_modules/@eslint/config-helpers
4814 silly ADD node_modules/@eslint/config-array
4815 silly ADD node_modules/@eslint-community/regexpp
4816 silly ADD node_modules/@eslint-community/eslint-utils
4817 silly ADD node_modules/@eslint-community/eslint-utils/node_modules/eslint-visitor-keys
4818 silly ADD node_modules/csstype
4819 silly ADD node_modules/undici-types
4820 silly ADD node_modules/zod
4821 silly ADD node_modules/vitest
4822 silly ADD node_modules/vitest/node_modules/tinyexec
4823 silly ADD node_modules/vitest/node_modules/picomatch
4824 silly ADD node_modules/typescript
4825 silly ADD node_modules/tailwindcss
4826 silly ADD node_modules/tailwindcss/node_modules/readdirp
4827 silly ADD node_modules/tailwindcss/node_modules/resolve
4828 silly ADD node_modules/tailwindcss/node_modules/jiti
4829 silly ADD node_modules/tailwindcss/node_modules/fast-glob
4830 silly ADD node_modules/tailwindcss/node_modules/fast-glob/node_modules/glob-parent
4831 silly ADD node_modules/tailwindcss/node_modules/chokidar
4832 silly ADD node_modules/tailwindcss/node_modules/chokidar/node_modules/glob-parent
4833 silly ADD node_modules/tailwind-merge
4834 silly ADD node_modules/prisma
4835 silly ADD node_modules/postcss
4836 silly ADD node_modules/react-dom
4837 silly ADD node_modules/next
4838 silly ADD node_modules/next/node_modules/postcss
4839 silly ADD node_modules/react
4840 silly ADD node_modules/lucide-react
4841 silly ADD node_modules/jose
4842 silly ADD node_modules/eslint-config-next
4843 silly ADD node_modules/eslint
4844 silly ADD node_modules/clsx
4845 silly ADD node_modules/bcryptjs
4846 silly ADD node_modules/@types/react-dom
4847 silly ADD node_modules/@types/react
4848 silly ADD node_modules/@types/node
4849 silly ADD node_modules/@types/bcryptjs
4850 silly ADD node_modules/@prisma/client
4851 verbose cwd C:\Users\Admin\Documents\Codex\2026-07-31\files-mentioned-by-the-user-you\outputs\dineflow
4852 verbose os Windows_NT 10.0.19045
4853 verbose node v24.14.0
4854 verbose npm  v11.9.0
4855 notice
4855 notice New minor version of npm available! 11.9.0 -> 11.19.0
4855 notice Changelog: https://github.com/npm/cli/releases/tag/v11.19.0
4855 notice To update run: npm install -g npm@11.19.0
4855 notice  { force: true, Symbol(proc-log.meta): true }
4856 verbose exit 0
4857 info ok
